timestamp,filename,url,target,status,error,file_size,attempt
"2026-09-06T01:07:20.272844","Dark-C-260806124514","https://mo-www.cfa.harvard.edu/ImageDirectory/Dark-C-260806124514.FITS","Calibration","downloaded","",656640,1
"2026-09-06T01:07:22.697681","Dark-C-260806125119","https://mo-www.cfa.harvard.edu/ImageDirectory/Dark-C-260806125119.FITS","Calibration","downloaded","",656640,1
"2026-09-06T01:07:25.031479","Dark-C-260807123949","https://mo-www.cfa.harvard.edu/ImageDirectory/Dark-C-260807123949.FITS","Calibration","downloaded","",656640,1
"2026-09-06T01:07:27.255662","Dark-C-260807124553","https://mo-www.cfa.harvard.edu/ImageDirectory/Dark-C-260807124553.FITS","Calibration","downloaded","",656640,1
"2026-09-06T01:07:29.480612","Dark-C-260808123758","https://mo-www.cfa.harvard.edu/ImageDirectory/Dark-C-260808123758.FITS","Calibration","downloaded","",656640,1
"2026-09-06T01:07:31.914934","Dark-C-260808124401","https://mo-www.cfa.harvard.edu/ImageDirectory/Dark-C-260808124401.FITS","Calibration","downloaded","",656640,1
"2026-09-06T01:07:34.065292","Dark-C-260809052054","https://mo-www.cfa.harvard.edu/ImageDirectory/Dark-C-260809052054.FITS","Calibration","downloaded","",656640,1
"2026-09-06T01:07:36.288392","Dark-C-260809052457","https://mo-www.cfa.harvard.edu/ImageDirectory/Dark-C-260809052457.FITS","Calibration","downloaded","",656640,1
"2026-09-06T01:07:38.838141","Dark-C-260810123529","https://mo-www.cfa.harvard.edu/ImageDirectory/Dark-C-260810123529.FITS","Calibration","downloaded","",656640,1
"2026-09-06T01:08:27.793951","Dark-C-260806124514","https://mo-www.cfa.harvard.edu/ImageDirectory/Dark-C-260806124514.FITS","Calibration","already_exists","",656640,1
"2026-09-06T01:08:27.794890","Dark-C-260807123949","https://mo-www.cfa.harvard.edu/ImageDirectory/Dark-C-260807123949.FITS","Calibration","already_exists","",656640,1
"2026-09-06T01:08:27.807964","Dark-C-260808123758","https://mo-www.cfa.harvard.edu/ImageDirectory/Dark-C-260808123758.FITS","Calibration","already_exists","",656640,1
"2026-09-06T01:08:27.820691","Dark-C-260807124553","https://mo-www.cfa.harvard.edu/ImageDirectory/Dark-C-260807124553.FITS","Calibration","already_exists","",656640,1
"2026-09-06T01:08:27.828449","Dark-C-260808124401","https://mo-www.cfa.harvard.edu/ImageDirectory/Dark-C-260808124401.FITS","Calibration","already_exists","",656640,1
"2026-09-06T01:08:27.836885","Dark-C-260806125119","https://mo-www.cfa.harvard.edu/ImageDirectory/Dark-C-260806125119.FITS","Calibration","already_exists","",656640,1
"2026-09-06T01:08:27.838077","Dark-C-260809052457","https://mo-www.cfa.harvard.edu/ImageDirectory/Dark-C-260809052457.FITS","Calibration","already_exists","",656640,1
"2026-09-06T01:08:27.853229","Dark-C-260810123529","https://mo-www.cfa.harvard.edu/ImageDirectory/Dark-C-260810123529.FITS","Calibration","already_exists","",656640,1
"2026-09-06T01:08:27.865925","Dark-C-260809052054","https://mo-www.cfa.harvard.edu/ImageDirectory/Dark-C-260809052054.FITS","Calibration","already_exists","",656640,1
"2026-09-06T01:08:30.064073","Dark-C-260810124133","https://mo-www.cfa.harvard.edu/ImageDirectory/Dark-C-260810124133.FITS","Calibration","downloaded","",656640,1
"2026-09-06T01:08:30.299193","Dark-C-260813131225","https://mo-www.cfa.harvard.edu/ImageDirectory/Dark-C-260813131225.FITS","Calibration","downloaded","",656640,1
"2026-09-06T01:08:30.375158","Dark-C-260812132017","https://mo-www.cfa.harvard.edu/ImageDirectory/Dark-C-260812132017.FITS","Calibration","downloaded","",656640,1
"2026-09-06T01:08:30.389044","Dark-C-260814041518","https://mo-www.cfa.harvard.edu/ImageDirectory/Dark-C-260814041518.FITS","Calibration","downloaded","",656640,1
"2026-09-06T01:08:30.389920","Dark-C-260812132634","https://mo-www.cfa.harvard.edu/ImageDirectory/Dark-C-260812132634.FITS","Calibration","downloaded","",656640,1
"2026-09-06T01:08:30.416792","Dark-C-260811065634","https://mo-www.cfa.harvard.edu/ImageDirectory/Dark-C-260811065634.FITS","Calibration","downloaded","",656640,1
"2026-09-06T01:08:30.432062","Dark-C-260817144151","https://mo-www.cfa.harvard.edu/ImageDirectory/Dark-C-260817144151.FITS","Calibration","downloaded","",656640,1
"2026-09-06T01:08:30.438037","Dark-C-260816105416","https://mo-www.cfa.harvard.edu/ImageDirectory/Dark-C-260816105416.FITS","Calibration","downloaded","",656640,1
"2026-09-06T01:08:30.827074","Dark-C-260815125751","https://mo-www.cfa.harvard.edu/ImageDirectory/Dark-C-260815125751.FITS","Calibration","downloaded","",656640,1
"2026-09-06T01:08:31.863030","Dark-C-260814041126","https://mo-www.cfa.harvard.edu/ImageDirectory/Dark-C-260814041126.FITS","Calibration","downloaded","",656640,1
"2026-09-06T01:08:31.865978","Dark-C-260818123900","https://mo-www.cfa.harvard.edu/ImageDirectory/Dark-C-260818123900.FITS","Calibration","downloaded","",656640,1
"2026-09-06T01:08:32.499164","Dark-C-260816105136","https://mo-www.cfa.harvard.edu/ImageDirectory/Dark-C-260816105136.FITS","Calibration","downloaded","",656640,1
"2026-09-06T01:08:32.765561","Dark-C-260813131845","https://mo-www.cfa.harvard.edu/ImageDirectory/Dark-C-260813131845.FITS","Calibration","downloaded","",656640,1
"2026-09-06T01:08:32.788656","Dark-C-260819132516","https://mo-www.cfa.harvard.edu/ImageDirectory/Dark-C-260819132516.FITS","Calibration","downloaded","",656640,1
"2026-09-06T01:08:32.825939","Dark-C-260820122815","https://mo-www.cfa.harvard.edu/ImageDirectory/Dark-C-260820122815.FITS","Calibration","downloaded","",656640,1
"2026-09-06T01:08:32.847792","Dark-C-260819131908","https://mo-www.cfa.harvard.edu/ImageDirectory/Dark-C-260819131908.FITS","Calibration","downloaded","",656640,1
"2026-09-06T01:08:32.965718","Dark-C-260815130350","https://mo-www.cfa.harvard.edu/ImageDirectory/Dark-C-260815130350.FITS","Calibration","downloaded","",656640,1
"2026-09-06T01:08:33.042952","Dark-C-260823133356","https://mo-www.cfa.harvard.edu/ImageDirectory/Dark-C-260823133356.FITS","Calibration","downloaded","",656640,1
"2026-09-06T01:08:33.061235","Dark-C-260811070036","https://mo-www.cfa.harvard.edu/ImageDirectory/Dark-C-260811070036.FITS","Calibration","downloaded","",656640,1
"2026-09-06T01:08:33.089168","Dark-C-260817143529","https://mo-www.cfa.harvard.edu/ImageDirectory/Dark-C-260817143529.FITS","Calibration","downloaded","",656640,1
"2026-09-06T01:08:33.193649","Dark-C-260821102439","https://mo-www.cfa.harvard.edu/ImageDirectory/Dark-C-260821102439.FITS","Calibration","downloaded","",656640,1
"2026-09-06T01:08:33.222654","Dark-C-260818123305","https://mo-www.cfa.harvard.edu/ImageDirectory/Dark-C-260818123305.FITS","Calibration","downloaded","",656640,1
"2026-09-06T01:08:33.260667","Dark-C-260820123412","https://mo-www.cfa.harvard.edu/ImageDirectory/Dark-C-260820123412.FITS","Calibration","downloaded","",656640,1
"2026-09-06T01:08:33.276813","Dark-C-260822130612","https://mo-www.cfa.harvard.edu/ImageDirectory/Dark-C-260822130612.FITS","Calibration","downloaded","",656640,1
"2026-09-06T01:08:34.172220","Dark-C-260823134010","https://mo-www.cfa.harvard.edu/ImageDirectory/Dark-C-260823134010.FITS","Calibration","downloaded","",656640,1
"2026-09-06T01:08:34.221406","Dark-C-260824084249","https://mo-www.cfa.harvard.edu/ImageDirectory/Dark-C-260824084249.FITS","Calibration","downloaded","",656640,1
"2026-09-06T01:08:34.256597","Dark-C-260822130005","https://mo-www.cfa.harvard.edu/ImageDirectory/Dark-C-260822130005.FITS","Calibration","downloaded","",656640,1
"2026-09-06T01:08:34.282625","Dark-C-260824084515","https://mo-www.cfa.harvard.edu/ImageDirectory/Dark-C-260824084515.FITS","Calibration","downloaded","",656640,1
"2026-09-06T01:08:34.288301","Dark-C-260821102716","https://mo-www.cfa.harvard.edu/ImageDirectory/Dark-C-260821102716.FITS","Calibration","downloaded","",656640,1
"2026-09-06T01:08:34.311415","Dark-C-260825120049","https://mo-www.cfa.harvard.edu/ImageDirectory/Dark-C-260825120049.FITS","Calibration","downloaded","",656640,1
"2026-09-06T01:08:34.450026","Dark-C-260825120641","https://mo-www.cfa.harvard.edu/ImageDirectory/Dark-C-260825120641.FITS","Calibration","downloaded","",656640,1
"2026-09-06T01:08:34.905109","Dark-C-260826130241","https://mo-www.cfa.harvard.edu/ImageDirectory/Dark-C-260826130241.FITS","Calibration","downloaded","",656640,1
"2026-09-06T01:08:35.262343","Dark-C-260826130852","https://mo-www.cfa.harvard.edu/ImageDirectory/Dark-C-260826130852.FITS","Calibration","downloaded","",656640,1
"2026-09-06T01:08:35.321696","Dark-C-260827114853","https://mo-www.cfa.harvard.edu/ImageDirectory/Dark-C-260827114853.FITS","Calibration","downloaded","",656640,1
"2026-09-06T01:08:35.376736","Dark-C-260827115115","https://mo-www.cfa.harvard.edu/ImageDirectory/Dark-C-260827115115.FITS","Calibration","downloaded","",656640,1
"2026-09-06T01:08:35.450412","Dark-C-260828123245","https://mo-www.cfa.harvard.edu/ImageDirectory/Dark-C-260828123245.FITS","Calibration","downloaded","",656640,1
"2026-09-06T01:08:35.451891","Dark-C-260828122643","https://mo-www.cfa.harvard.edu/ImageDirectory/Dark-C-260828122643.FITS","Calibration","downloaded","",656640,1
"2026-09-06T01:08:35.558031","Dark-C-260829131251","https://mo-www.cfa.harvard.edu/ImageDirectory/Dark-C-260829131251.FITS","Calibration","downloaded","",656640,1
"2026-09-06T01:08:35.720922","Dark-C-260829130648","https://mo-www.cfa.harvard.edu/ImageDirectory/Dark-C-260829130648.FITS","Calibration","downloaded","",656640,1
"2026-09-06T01:08:35.820594","Dark-C-260901125558","https://mo-www.cfa.harvard.edu/ImageDirectory/Dark-C-260901125558.FITS","Calibration","downloaded","",656640,1
"2026-09-06T01:08:35.842958","Dark-C-260831071515","https://mo-www.cfa.harvard.edu/ImageDirectory/Dark-C-260831071515.FITS","Calibration","downloaded","",656640,1
"2026-09-06T01:08:35.861578","Dark-C-260831071252","https://mo-www.cfa.harvard.edu/ImageDirectory/Dark-C-260831071252.FITS","Calibration","downloaded","",656640,1
"2026-09-06T01:08:35.902947","Dark-C-260830110132","https://mo-www.cfa.harvard.edu/ImageDirectory/Dark-C-260830110132.FITS","Calibration","downloaded","",656640,1
"2026-09-06T01:08:35.918778","Dark-C-260830105947","https://mo-www.cfa.harvard.edu/ImageDirectory/Dark-C-260830105947.FITS","Calibration","downloaded","",656640,1
"2026-09-06T01:08:36.829530","Dark-C-260901130158","https://mo-www.cfa.harvard.edu/ImageDirectory/Dark-C-260901130158.FITS","Calibration","downloaded","",656640,1
"2026-09-06T01:08:36.951809","Dark-C-260903101215","https://mo-www.cfa.harvard.edu/ImageDirectory/Dark-C-260903101215.FITS","Calibration","downloaded","",656640,1
"2026-09-06T01:08:36.959806","Dark-C-260905122732","https://mo-www.cfa.harvard.edu/ImageDirectory/Dark-C-260905122732.FITS","Calibration","downloaded","",656640,1
"2026-09-06T01:08:37.093621","Dark-C-260902122959","https://mo-www.cfa.harvard.edu/ImageDirectory/Dark-C-260902122959.FITS","Calibration","downloaded","",656640,1
"2026-09-06T01:08:37.095749","Dark-C-260902123555","https://mo-www.cfa.harvard.edu/ImageDirectory/Dark-C-260902123555.FITS","Calibration","downloaded","",656640,1
"2026-09-06T01:08:37.099493","Dark-C-260903101018","https://mo-www.cfa.harvard.edu/ImageDirectory/Dark-C-260903101018.FITS","Calibration","downloaded","",656640,1
"2026-09-06T01:08:37.121994","Dark-C-260905123330","https://mo-www.cfa.harvard.edu/ImageDirectory/Dark-C-260905123330.FITS","Calibration","downloaded","",656640,1
"2026-09-06T01:08:37.170216","CoRoT-2260809051853","https://mo-www.cfa.harvard.edu/ImageDirectory/CoRoT-2260809051853.FITS","CoRoT-2","downloaded","",656640,1
"2026-09-06T01:08:37.746027","CoRoT-2260809052256","https://mo-www.cfa.harvard.edu/ImageDirectory/CoRoT-2260809052256.FITS","CoRoT-2","downloaded","",656640,1
"2026-09-06T01:08:37.942669","CoRoT-2260809052658","https://mo-www.cfa.harvard.edu/ImageDirectory/CoRoT-2260809052658.FITS","CoRoT-2","downloaded","",656640,1
"2026-09-06T01:08:38.129741","CoRoT-2260809052844","https://mo-www.cfa.harvard.edu/ImageDirectory/CoRoT-2260809052844.FITS","CoRoT-2","downloaded","",656640,1
"2026-09-06T01:08:38.185939","CoRoT-2260809053616","https://mo-www.cfa.harvard.edu/ImageDirectory/CoRoT-2260809053616.FITS","CoRoT-2","downloaded","",656640,1
"2026-09-06T01:08:38.241348","CoRoT-2260809053315","https://mo-www.cfa.harvard.edu/ImageDirectory/CoRoT-2260809053315.FITS","CoRoT-2","downloaded","",656640,1
"2026-09-06T01:08:38.283931","CoRoT-2260809053031","https://mo-www.cfa.harvard.edu/ImageDirectory/CoRoT-2260809053031.FITS","CoRoT-2","downloaded","",656640,1
"2026-09-06T01:08:38.298270","CoRoT-2260809053915","https://mo-www.cfa.harvard.edu/ImageDirectory/CoRoT-2260809053915.FITS","CoRoT-2","downloaded","",656640,1
"2026-09-06T01:08:38.388109","CoRoT-2260809055115","https://mo-www.cfa.harvard.edu/ImageDirectory/CoRoT-2260809055115.FITS","CoRoT-2","downloaded","",656640,1
"2026-09-06T01:08:38.392196","CoRoT-2260809055417","https://mo-www.cfa.harvard.edu/ImageDirectory/CoRoT-2260809055417.FITS","CoRoT-2","downloaded","",656640,1
"2026-09-06T01:08:38.396492","CoRoT-2260809054815","https://mo-www.cfa.harvard.edu/ImageDirectory/CoRoT-2260809054815.FITS","CoRoT-2","downloaded","",656640,1
"2026-09-06T01:08:38.418084","CoRoT-2260809054215","https://mo-www.cfa.harvard.edu/ImageDirectory/CoRoT-2260809054215.FITS","CoRoT-2","downloaded","",656640,1
"2026-09-06T01:08:38.726746","CoRoT-2260809054516","https://mo-www.cfa.harvard.edu/ImageDirectory/CoRoT-2260809054516.FITS","CoRoT-2","downloaded","",656640,1
"2026-09-06T01:08:39.475720","CoRoT-2260809055716","https://mo-www.cfa.harvard.edu/ImageDirectory/CoRoT-2260809055716.FITS","CoRoT-2","downloaded","",656640,1
"2026-09-06T01:08:39.677001","CoRoT-2260809060916","https://mo-www.cfa.harvard.edu/ImageDirectory/CoRoT-2260809060916.FITS","CoRoT-2","downloaded","",656640,1
"2026-09-06T01:08:39.722381","CoRoT-2260809061215","https://mo-www.cfa.harvard.edu/ImageDirectory/CoRoT-2260809061215.FITS","CoRoT-2","downloaded","",656640,1
"2026-09-06T01:08:39.734698","CoRoT-2260809060015","https://mo-www.cfa.harvard.edu/ImageDirectory/CoRoT-2260809060015.FITS","CoRoT-2","downloaded","",656640,1
"2026-09-06T01:08:39.860399","CoRoT-2260809060615","https://mo-www.cfa.harvard.edu/ImageDirectory/CoRoT-2260809060615.FITS","CoRoT-2","downloaded","",656640,1
"2026-09-06T01:08:39.888177","CoRoT-2260809060316","https://mo-www.cfa.harvard.edu/ImageDirectory/CoRoT-2260809060316.FITS","CoRoT-2","downloaded","",656640,1
"2026-09-06T01:08:39.890770","CoRoT-2260809061815","https://mo-www.cfa.harvard.edu/ImageDirectory/CoRoT-2260809061815.FITS","CoRoT-2","downloaded","",656640,1
"2026-09-06T01:08:39.963494","CoRoT-2260809061515","https://mo-www.cfa.harvard.edu/ImageDirectory/CoRoT-2260809061515.FITS","CoRoT-2","downloaded","",656640,1
"2026-09-06T01:08:40.076356","CoRoT-2260809062115","https://mo-www.cfa.harvard.edu/ImageDirectory/CoRoT-2260809062115.FITS","CoRoT-2","downloaded","",656640,1
"2026-09-06T01:08:40.867850","CoRoT-2260809062415","https://mo-www.cfa.harvard.edu/ImageDirectory/CoRoT-2260809062415.FITS","CoRoT-2","downloaded","",656640,1
"2026-09-06T01:08:40.883062","CoRoT-2260809062715","https://mo-www.cfa.harvard.edu/ImageDirectory/CoRoT-2260809062715.FITS","CoRoT-2","downloaded","",656640,1
"2026-09-06T01:08:41.124921","CoRoT-2260809064815","https://mo-www.cfa.harvard.edu/ImageDirectory/CoRoT-2260809064815.FITS","CoRoT-2","downloaded","",656640,1
"2026-09-06T01:08:41.156263","CoRoT-2260809064515","https://mo-www.cfa.harvard.edu/ImageDirectory/CoRoT-2260809064515.FITS","CoRoT-2","downloaded","",656640,1
"2026-09-06T01:08:41.186817","CoRoT-2260809064216","https://mo-www.cfa.harvard.edu/ImageDirectory/CoRoT-2260809064216.FITS","CoRoT-2","downloaded","",656640,1
"2026-09-06T01:08:41.296893","CoRoT-2260809063915","https://mo-www.cfa.harvard.edu/ImageDirectory/CoRoT-2260809063915.FITS","CoRoT-2","downloaded","",656640,1
"2026-09-06T01:08:41.332033","CoRoT-2260809065116","https://mo-www.cfa.harvard.edu/ImageDirectory/CoRoT-2260809065116.FITS","CoRoT-2","downloaded","",656640,1
"2026-09-06T01:08:41.359420","CoRoT-2260809063316","https://mo-www.cfa.harvard.edu/ImageDirectory/CoRoT-2260809063316.FITS","CoRoT-2","downloaded","",656640,1
"2026-09-06T01:08:41.395873","CoRoT-2260809063016","https://mo-www.cfa.harvard.edu/ImageDirectory/CoRoT-2260809063016.FITS","CoRoT-2","downloaded","",656640,1
"2026-09-06T01:08:41.396235","CoRoT-2260809063615","https://mo-www.cfa.harvard.edu/ImageDirectory/CoRoT-2260809063615.FITS","CoRoT-2","downloaded","",656640,1
"2026-09-06T01:08:41.421503","CoRoT-2260809065416","https://mo-www.cfa.harvard.edu/ImageDirectory/CoRoT-2260809065416.FITS","CoRoT-2","downloaded","",656640,1
"2026-09-06T01:08:42.329450","CoRoT-2260809065716","https://mo-www.cfa.harvard.edu/ImageDirectory/CoRoT-2260809065716.FITS","CoRoT-2","downloaded","",656640,1
"2026-09-06T01:08:42.412880","CoRoT-2260809070015","https://mo-www.cfa.harvard.edu/ImageDirectory/CoRoT-2260809070015.FITS","CoRoT-2","downloaded","",656640,1
"2026-09-06T01:08:42.672281","CoRoT-2260809070616","https://mo-www.cfa.harvard.edu/ImageDirectory/CoRoT-2260809070616.FITS","CoRoT-2","downloaded","",656640,1
"2026-09-06T01:08:42.705507","CoRoT-2260809070315","https://mo-www.cfa.harvard.edu/ImageDirectory/CoRoT-2260809070315.FITS","CoRoT-2","downloaded","",656640,1
"2026-09-06T01:08:42.783873","CoRoT-2260809071516","https://mo-www.cfa.harvard.edu/ImageDirectory/CoRoT-2260809071516.FITS","CoRoT-2","downloaded","",656640,1
"2026-09-06T01:08:42.815929","CoRoT-2260809071816","https://mo-www.cfa.harvard.edu/ImageDirectory/CoRoT-2260809071816.FITS","CoRoT-2","downloaded","",656640,1
"2026-09-06T01:08:42.830237","CoRoT-2260809071215","https://mo-www.cfa.harvard.edu/ImageDirectory/CoRoT-2260809071215.FITS","CoRoT-2","downloaded","",656640,1
"2026-09-06T01:08:42.847545","CoRoT-2260809070916","https://mo-www.cfa.harvard.edu/ImageDirectory/CoRoT-2260809070916.FITS","CoRoT-2","downloaded","",656640,1
"2026-09-06T01:08:42.898565","CoRoT-2260809072115","https://mo-www.cfa.harvard.edu/ImageDirectory/CoRoT-2260809072115.FITS","CoRoT-2","downloaded","",656640,1
"2026-09-06T01:08:43.749408","CoRoT-2260809073616","https://mo-www.cfa.harvard.edu/ImageDirectory/CoRoT-2260809073616.FITS","CoRoT-2","downloaded","",656640,1
"2026-09-06T01:08:43.790570","CoRoT-2260809073316","https://mo-www.cfa.harvard.edu/ImageDirectory/CoRoT-2260809073316.FITS","CoRoT-2","downloaded","",656640,1
"2026-09-06T01:08:43.800406","CoRoT-2260809072715","https://mo-www.cfa.harvard.edu/ImageDirectory/CoRoT-2260809072715.FITS","CoRoT-2","downloaded","",656640,1
"2026-09-06T01:08:43.922093","CoRoT-2260809073016","https://mo-www.cfa.harvard.edu/ImageDirectory/CoRoT-2260809073016.FITS","CoRoT-2","downloaded","",656640,1
"2026-09-06T01:08:43.941235","CoRoT-2260809072417","https://mo-www.cfa.harvard.edu/ImageDirectory/CoRoT-2260809072417.FITS","CoRoT-2","downloaded","",656640,1
"2026-09-06T01:08:44.069741","CoRoT-2260809074817","https://mo-www.cfa.harvard.edu/ImageDirectory/CoRoT-2260809074817.FITS","CoRoT-2","downloaded","",656640,1
"2026-09-06T01:08:44.075421","CoRoT-2260809075115","https://mo-www.cfa.harvard.edu/ImageDirectory/CoRoT-2260809075115.FITS","CoRoT-2","downloaded","",656640,1
"2026-09-06T01:08:44.094058","CoRoT-2260809075415","https://mo-www.cfa.harvard.edu/ImageDirectory/CoRoT-2260809075415.FITS","CoRoT-2","downloaded","",656640,1
"2026-09-06T01:08:44.097445","CoRoT-2260809074215","https://mo-www.cfa.harvard.edu/ImageDirectory/CoRoT-2260809074215.FITS","CoRoT-2","downloaded","",656640,1
"2026-09-06T01:08:44.837491","CoRoT-2260809075716","https://mo-www.cfa.harvard.edu/ImageDirectory/CoRoT-2260809075716.FITS","CoRoT-2","downloaded","",656640,1
"2026-09-06T01:08:45.435367","CoRoT-2260809080015","https://mo-www.cfa.harvard.edu/ImageDirectory/CoRoT-2260809080015.FITS","CoRoT-2","downloaded","",656640,1
"2026-09-06T01:08:45.623556","CoRoT-2260809081215","https://mo-www.cfa.harvard.edu/ImageDirectory/CoRoT-2260809081215.FITS","CoRoT-2","downloaded","",656640,1
"2026-09-06T01:08:45.626861","CoRoT-2260809080916","https://mo-www.cfa.harvard.edu/ImageDirectory/CoRoT-2260809080916.FITS","CoRoT-2","downloaded","",656640,1
"2026-09-06T01:08:45.638783","CoRoT-2260809081815","https://mo-www.cfa.harvard.edu/ImageDirectory/CoRoT-2260809081815.FITS","CoRoT-2","downloaded","",656640,1
"2026-09-06T01:08:45.643961","CoRoT-2260809080616","https://mo-www.cfa.harvard.edu/ImageDirectory/CoRoT-2260809080616.FITS","CoRoT-2","downloaded","",656640,1
"2026-09-06T01:08:45.674467","CoRoT-2260809080316","https://mo-www.cfa.harvard.edu/ImageDirectory/CoRoT-2260809080316.FITS","CoRoT-2","downloaded","",656640,1
"2026-09-06T01:08:45.674790","CoRoT-2260809081515","https://mo-www.cfa.harvard.edu/ImageDirectory/CoRoT-2260809081515.FITS","CoRoT-2","downloaded","",656640,1
"2026-09-06T01:08:45.691619","CoRoT-2260809082115","https://mo-www.cfa.harvard.edu/ImageDirectory/CoRoT-2260809082115.FITS","CoRoT-2","downloaded","",656640,1
"2026-09-06T01:08:46.364921","CoRoT-2260809082416","https://mo-www.cfa.harvard.edu/ImageDirectory/CoRoT-2260809082416.FITS","CoRoT-2","downloaded","",656640,1
"2026-09-06T01:08:46.813400","CoRoT-2260809082715","https://mo-www.cfa.harvard.edu/ImageDirectory/CoRoT-2260809082715.FITS","CoRoT-2","downloaded","",656640,1
"2026-09-06T01:08:46.882381","CoRoT-2260809083016","https://mo-www.cfa.harvard.edu/ImageDirectory/CoRoT-2260809083016.FITS","CoRoT-2","downloaded","",656640,1
"2026-09-06T01:08:46.905620","CoRoT-2260809083916","https://mo-www.cfa.harvard.edu/ImageDirectory/CoRoT-2260809083916.FITS","CoRoT-2","downloaded","",656640,1
"2026-09-06T01:08:46.935078","CoRoT-2260809083315","https://mo-www.cfa.harvard.edu/ImageDirectory/CoRoT-2260809083315.FITS","CoRoT-2","downloaded","",656640,1
"2026-09-06T01:08:46.938260","CoRoT-2260809084516","https://mo-www.cfa.harvard.edu/ImageDirectory/CoRoT-2260809084516.FITS","CoRoT-2","downloaded","",656640,1
"2026-09-06T01:08:46.955148","CoRoT-2260809083617","https://mo-www.cfa.harvard.edu/ImageDirectory/CoRoT-2260809083617.FITS","CoRoT-2","downloaded","",656640,1
"2026-09-06T01:08:46.961336","CoRoT-2260809084815","https://mo-www.cfa.harvard.edu/ImageDirectory/CoRoT-2260809084815.FITS","CoRoT-2","downloaded","",656640,1
"2026-09-06T01:08:46.971791","CoRoT-2260809084216","https://mo-www.cfa.harvard.edu/ImageDirectory/CoRoT-2260809084216.FITS","CoRoT-2","downloaded","",656640,1
"2026-09-06T01:08:47.581880","CoRoT-2260809085116","https://mo-www.cfa.harvard.edu/ImageDirectory/CoRoT-2260809085116.FITS","CoRoT-2","downloaded","",656640,1
"2026-09-06T01:08:48.305678","CoRoT-2260809091515","https://mo-www.cfa.harvard.edu/ImageDirectory/CoRoT-2260809091515.FITS","CoRoT-2","downloaded","",656640,1
"2026-09-06T01:08:48.314538","CoRoT-2260809085417","https://mo-www.cfa.harvard.edu/ImageDirectory/CoRoT-2260809085417.FITS","CoRoT-2","downloaded","",656640,1
"2026-09-06T01:08:48.385357","CoRoT-2260809090615","https://mo-www.cfa.harvard.edu/ImageDirectory/CoRoT-2260809090615.FITS","CoRoT-2","downloaded","",656640,1
"2026-09-06T01:08:48.405308","CoRoT-2260809085715","https://mo-www.cfa.harvard.edu/ImageDirectory/CoRoT-2260809085715.FITS","CoRoT-2","downloaded","",656640,1
"2026-09-06T01:08:48.431214","CoRoT-2260809090315","https://mo-www.cfa.harvard.edu/ImageDirectory/CoRoT-2260809090315.FITS","CoRoT-2","downloaded","",656640,1
"2026-09-06T01:08:48.452507","CoRoT-2260809090016","https://mo-www.cfa.harvard.edu/ImageDirectory/CoRoT-2260809090016.FITS","CoRoT-2","downloaded","",656640,1
"2026-09-06T01:08:48.456604","CoRoT-2260809091216","https://mo-www.cfa.harvard.edu/ImageDirectory/CoRoT-2260809091216.FITS","CoRoT-2","downloaded","",656640,1
"2026-09-06T01:08:48.467684","CoRoT-2260809090915","https://mo-www.cfa.harvard.edu/ImageDirectory/CoRoT-2260809090915.FITS","CoRoT-2","downloaded","",656640,1
"2026-09-06T01:08:48.502489","CoRoT-2260809091815","https://mo-www.cfa.harvard.edu/ImageDirectory/CoRoT-2260809091815.FITS","CoRoT-2","downloaded","",656640,1
"2026-09-06T01:08:49.333860","CoRoT-2260809092116","https://mo-www.cfa.harvard.edu/ImageDirectory/CoRoT-2260809092116.FITS","CoRoT-2","downloaded","",656640,1
"2026-09-06T01:08:49.391746","CoRoT-2260809092415","https://mo-www.cfa.harvard.edu/ImageDirectory/CoRoT-2260809092415.FITS","CoRoT-2","downloaded","",656640,1
"2026-09-06T01:08:49.458339","CoRoT-2260809093016","https://mo-www.cfa.harvard.edu/ImageDirectory/CoRoT-2260809093016.FITS","CoRoT-2","downloaded","",656640,1
"2026-09-06T01:08:49.533437","CoRoT-2260809093615","https://mo-www.cfa.harvard.edu/ImageDirectory/CoRoT-2260809093615.FITS","CoRoT-2","downloaded","",656640,1
"2026-09-06T01:08:49.542875","CoRoT-2260816044002","https://mo-www.cfa.harvard.edu/ImageDirectory/CoRoT-2260816044002.FITS","CoRoT-2","downloaded","",656640,1
"2026-09-06T01:08:49.560279","CoRoT-2260816044215","https://mo-www.cfa.harvard.edu/ImageDirectory/CoRoT-2260816044215.FITS","CoRoT-2","downloaded","",656640,1
"2026-09-06T01:08:49.576778","CoRoT-2260809092715","https://mo-www.cfa.harvard.edu/ImageDirectory/CoRoT-2260809092715.FITS","CoRoT-2","downloaded","",656640,1
"2026-09-06T01:08:49.591208","CoRoT-2260809093315","https://mo-www.cfa.harvard.edu/ImageDirectory/CoRoT-2260809093315.FITS","CoRoT-2","downloaded","",656640,1
"2026-09-06T01:08:50.177678","CoRoT-2260816044515","https://mo-www.cfa.harvard.edu/ImageDirectory/CoRoT-2260816044515.FITS","CoRoT-2","downloaded","",656640,1
"2026-09-06T01:08:50.781179","CoRoT-2260816050015","https://mo-www.cfa.harvard.edu/ImageDirectory/CoRoT-2260816050015.FITS","CoRoT-2","downloaded","",656640,1
"2026-09-06T01:08:50.804740","CoRoT-2260816045115","https://mo-www.cfa.harvard.edu/ImageDirectory/CoRoT-2260816045115.FITS","CoRoT-2","downloaded","",656640,1
"2026-09-06T01:08:50.884954","CoRoT-2260816045716","https://mo-www.cfa.harvard.edu/ImageDirectory/CoRoT-2260816045716.FITS","CoRoT-2","downloaded","",656640,1
"2026-09-06T01:08:50.928765","CoRoT-2260816044815","https://mo-www.cfa.harvard.edu/ImageDirectory/CoRoT-2260816044815.FITS","CoRoT-2","downloaded","",656640,1
"2026-09-06T01:08:50.938858","CoRoT-2260816045416","https://mo-www.cfa.harvard.edu/ImageDirectory/CoRoT-2260816045416.FITS","CoRoT-2","downloaded","",656640,1
"2026-09-06T01:08:51.055430","CoRoT-2260816050315","https://mo-www.cfa.harvard.edu/ImageDirectory/CoRoT-2260816050315.FITS","CoRoT-2","downloaded","",656640,1
"2026-09-06T01:08:51.108102","CoRoT-2260816051215","https://mo-www.cfa.harvard.edu/ImageDirectory/CoRoT-2260816051215.FITS","CoRoT-2","downloaded","",656640,1
"2026-09-06T01:08:51.116255","CoRoT-2260816050915","https://mo-www.cfa.harvard.edu/ImageDirectory/CoRoT-2260816050915.FITS","CoRoT-2","downloaded","",656640,1
"2026-09-06T01:08:51.128017","CoRoT-2260816050615","https://mo-www.cfa.harvard.edu/ImageDirectory/CoRoT-2260816050615.FITS","CoRoT-2","downloaded","",656640,1
"2026-09-06T01:08:52.133651","CoRoT-2260816051515","https://mo-www.cfa.harvard.edu/ImageDirectory/CoRoT-2260816051515.FITS","CoRoT-2","downloaded","",656640,1
"2026-09-06T01:08:52.135269","CoRoT-2260816051815","https://mo-www.cfa.harvard.edu/ImageDirectory/CoRoT-2260816051815.FITS","CoRoT-2","downloaded","",656640,1
"2026-09-06T01:08:52.170408","CoRoT-2260816052115","https://mo-www.cfa.harvard.edu/ImageDirectory/CoRoT-2260816052115.FITS","CoRoT-2","downloaded","",656640,1
"2026-09-06T01:08:52.211512","CoRoT-2260816053616","https://mo-www.cfa.harvard.edu/ImageDirectory/CoRoT-2260816053616.FITS","CoRoT-2","downloaded","",656640,1
"2026-09-06T01:08:52.227913","CoRoT-2260816053015","https://mo-www.cfa.harvard.edu/ImageDirectory/CoRoT-2260816053015.FITS","CoRoT-2","downloaded","",656640,1
"2026-09-06T01:08:52.252397","CoRoT-2260816053916","https://mo-www.cfa.harvard.edu/ImageDirectory/CoRoT-2260816053916.FITS","CoRoT-2","downloaded","",656640,1
"2026-09-06T01:08:52.317981","CoRoT-2260816053316","https://mo-www.cfa.harvard.edu/ImageDirectory/CoRoT-2260816053316.FITS","CoRoT-2","downloaded","",656640,1
"2026-09-06T01:08:52.474536","CoRoT-2260816052415","https://mo-www.cfa.harvard.edu/ImageDirectory/CoRoT-2260816052415.FITS","CoRoT-2","downloaded","",656640,1
"2026-09-06T01:08:52.687348","CoRoT-2260816054215","https://mo-www.cfa.harvard.edu/ImageDirectory/CoRoT-2260816054215.FITS","CoRoT-2","downloaded","",656640,1
"2026-09-06T01:08:53.347041","CoRoT-2260816054515","https://mo-www.cfa.harvard.edu/ImageDirectory/CoRoT-2260816054515.FITS","CoRoT-2","downloaded","",656640,1
"2026-09-06T01:08:53.444977","CoRoT-2260816055415","https://mo-www.cfa.harvard.edu/ImageDirectory/CoRoT-2260816055415.FITS","CoRoT-2","downloaded","",656640,1
"2026-09-06T01:08:53.479964","CoRoT-2260816060015","https://mo-www.cfa.harvard.edu/ImageDirectory/CoRoT-2260816060015.FITS","CoRoT-2","downloaded","",656640,1
"2026-09-06T01:08:53.481778","CoRoT-2260816055115","https://mo-www.cfa.harvard.edu/ImageDirectory/CoRoT-2260816055115.FITS","CoRoT-2","downloaded","",656640,1
"2026-09-06T01:08:53.525141","CoRoT-2260816054815","https://mo-www.cfa.harvard.edu/ImageDirectory/CoRoT-2260816054815.FITS","CoRoT-2","downloaded","",656640,1
"2026-09-06T01:08:53.535621","CoRoT-2260816055715","https://mo-www.cfa.harvard.edu/ImageDirectory/CoRoT-2260816055715.FITS","CoRoT-2","downloaded","",656640,1
"2026-09-06T01:08:53.580493","CoRoT-2260816060616","https://mo-www.cfa.harvard.edu/ImageDirectory/CoRoT-2260816060616.FITS","CoRoT-2","downloaded","",656640,1
"2026-09-06T01:08:53.603459","CoRoT-2260816060915","https://mo-www.cfa.harvard.edu/ImageDirectory/CoRoT-2260816060915.FITS","CoRoT-2","downloaded","",656640,1
"2026-09-06T01:08:53.605262","CoRoT-2260816060315","https://mo-www.cfa.harvard.edu/ImageDirectory/CoRoT-2260816060315.FITS","CoRoT-2","downloaded","",656640,1
"2026-09-06T01:08:54.719856","CoRoT-2260816061215","https://mo-www.cfa.harvard.edu/ImageDirectory/CoRoT-2260816061215.FITS","CoRoT-2","downloaded","",656640,1
"2026-09-06T01:08:54.751484","CoRoT-2260816061815","https://mo-www.cfa.harvard.edu/ImageDirectory/CoRoT-2260816061815.FITS","CoRoT-2","downloaded","",656640,1
"2026-09-06T01:08:54.769635","CoRoT-2260816061515","https://mo-www.cfa.harvard.edu/ImageDirectory/CoRoT-2260816061515.FITS","CoRoT-2","downloaded","",656640,1
"2026-09-06T01:08:54.828128","CoRoT-2260816062715","https://mo-www.cfa.harvard.edu/ImageDirectory/CoRoT-2260816062715.FITS","CoRoT-2","downloaded","",656640,1
"2026-09-06T01:08:54.884674","CoRoT-2260816062415","https://mo-www.cfa.harvard.edu/ImageDirectory/CoRoT-2260816062415.FITS","CoRoT-2","downloaded","",656640,1
"2026-09-06T01:08:54.895514","CoRoT-2260816062116","https://mo-www.cfa.harvard.edu/ImageDirectory/CoRoT-2260816062116.FITS","CoRoT-2","downloaded","",656640,1
"2026-09-06T01:08:54.931187","CoRoT-2260816063015","https://mo-www.cfa.harvard.edu/ImageDirectory/CoRoT-2260816063015.FITS","CoRoT-2","downloaded","",656640,1
"2026-09-06T01:08:54.982052","CoRoT-2260816063315","https://mo-www.cfa.harvard.edu/ImageDirectory/CoRoT-2260816063315.FITS","CoRoT-2","downloaded","",656640,1
"2026-09-06T01:08:55.127075","CoRoT-2260816063616","https://mo-www.cfa.harvard.edu/ImageDirectory/CoRoT-2260816063616.FITS","CoRoT-2","downloaded","",656640,1
"2026-09-06T01:08:56.066557","CoRoT-2260816063915","https://mo-www.cfa.harvard.edu/ImageDirectory/CoRoT-2260816063915.FITS","CoRoT-2","downloaded","",656640,1
"2026-09-06T01:08:56.203553","CoRoT-2260816064515","https://mo-www.cfa.harvard.edu/ImageDirectory/CoRoT-2260816064515.FITS","CoRoT-2","downloaded","",656640,1
"2026-09-06T01:08:56.256732","CoRoT-2260816064815","https://mo-www.cfa.harvard.edu/ImageDirectory/CoRoT-2260816064815.FITS","CoRoT-2","downloaded","",656640,1
"2026-09-06T01:08:56.271048","CoRoT-2260816065115","https://mo-www.cfa.harvard.edu/ImageDirectory/CoRoT-2260816065115.FITS","CoRoT-2","downloaded","",656640,1
"2026-09-06T01:08:56.293116","CoRoT-2260816065415","https://mo-www.cfa.harvard.edu/ImageDirectory/CoRoT-2260816065415.FITS","CoRoT-2","downloaded","",656640,1
"2026-09-06T01:08:56.303410","CoRoT-2260816065716","https://mo-www.cfa.harvard.edu/ImageDirectory/CoRoT-2260816065716.FITS","CoRoT-2","downloaded","",656640,1
"2026-09-06T01:08:56.323525","CoRoT-2260816064216","https://mo-www.cfa.harvard.edu/ImageDirectory/CoRoT-2260816064216.FITS","CoRoT-2","downloaded","",656640,1
"2026-09-06T01:08:56.334938","CoRoT-2260816070015","https://mo-www.cfa.harvard.edu/ImageDirectory/CoRoT-2260816070015.FITS","CoRoT-2","downloaded","",656640,1
"2026-09-06T01:08:56.340919","CoRoT-2260816070315","https://mo-www.cfa.harvard.edu/ImageDirectory/CoRoT-2260816070315.FITS","CoRoT-2","downloaded","",656640,1
"2026-09-06T01:08:57.391704","CoRoT-2260816070615","https://mo-www.cfa.harvard.edu/ImageDirectory/CoRoT-2260816070615.FITS","CoRoT-2","downloaded","",656640,1
"2026-09-06T01:08:57.665303","CoRoT-2260816072115","https://mo-www.cfa.harvard.edu/ImageDirectory/CoRoT-2260816072115.FITS","CoRoT-2","downloaded","",656640,1
"2026-09-06T01:08:57.688605","CoRoT-2260816071216","https://mo-www.cfa.harvard.edu/ImageDirectory/CoRoT-2260816071216.FITS","CoRoT-2","downloaded","",656640,1
"2026-09-06T01:08:57.728590","CoRoT-2260816070916","https://mo-www.cfa.harvard.edu/ImageDirectory/CoRoT-2260816070916.FITS","CoRoT-2","downloaded","",656640,1
"2026-09-06T01:08:57.768957","CoRoT-2260816072715","https://mo-www.cfa.harvard.edu/ImageDirectory/CoRoT-2260816072715.FITS","CoRoT-2","downloaded","",656640,1
"2026-09-06T01:08:57.786441","CoRoT-2260816071515","https://mo-www.cfa.harvard.edu/ImageDirectory/CoRoT-2260816071515.FITS","CoRoT-2","downloaded","",656640,1
"2026-09-06T01:08:57.805917","CoRoT-2260816071815","https://mo-www.cfa.harvard.edu/ImageDirectory/CoRoT-2260816071815.FITS","CoRoT-2","downloaded","",656640,1
"2026-09-06T01:08:57.824056","CoRoT-2260816073015","https://mo-www.cfa.harvard.edu/ImageDirectory/CoRoT-2260816073015.FITS","CoRoT-2","downloaded","",656640,1
"2026-09-06T01:08:57.857059","CoRoT-2260816072416","https://mo-www.cfa.harvard.edu/ImageDirectory/CoRoT-2260816072416.FITS","CoRoT-2","downloaded","",656640,1
"2026-09-06T01:08:58.982483","CoRoT-2260816073316","https://mo-www.cfa.harvard.edu/ImageDirectory/CoRoT-2260816073316.FITS","CoRoT-2","downloaded","",656640,1
"2026-09-06T01:08:59.001790","CoRoT-2260816073615","https://mo-www.cfa.harvard.edu/ImageDirectory/CoRoT-2260816073615.FITS","CoRoT-2","downloaded","",656640,1
"2026-09-06T01:08:59.068559","CoRoT-2260816073915","https://mo-www.cfa.harvard.edu/ImageDirectory/CoRoT-2260816073915.FITS","CoRoT-2","downloaded","",656640,1
"2026-09-06T01:08:59.083230","CoRoT-2260816075715","https://mo-www.cfa.harvard.edu/ImageDirectory/CoRoT-2260816075715.FITS","CoRoT-2","downloaded","",656640,1
"2026-09-06T01:08:59.096851","CoRoT-2260816075415","https://mo-www.cfa.harvard.edu/ImageDirectory/CoRoT-2260816075415.FITS","CoRoT-2","downloaded","",656640,1
"2026-09-06T01:08:59.097259","CoRoT-2260816074816","https://mo-www.cfa.harvard.edu/ImageDirectory/CoRoT-2260816074816.FITS","CoRoT-2","downloaded","",656640,1
"2026-09-06T01:08:59.104606","CoRoT-2260816075115","https://mo-www.cfa.harvard.edu/ImageDirectory/CoRoT-2260816075115.FITS","CoRoT-2","downloaded","",656640,1
"2026-09-06T01:08:59.114578","CoRoT-2260816074215","https://mo-www.cfa.harvard.edu/ImageDirectory/CoRoT-2260816074215.FITS","CoRoT-2","downloaded","",656640,1
"2026-09-06T01:08:59.120142","CoRoT-2260816074516","https://mo-www.cfa.harvard.edu/ImageDirectory/CoRoT-2260816074516.FITS","CoRoT-2","downloaded","",656640,1
"2026-09-06T01:09:00.361188","CoRoT-2260816080015","https://mo-www.cfa.harvard.edu/ImageDirectory/CoRoT-2260816080015.FITS","CoRoT-2","downloaded","",656640,1
"2026-09-06T01:09:00.365279","CoRoT-2260816081515","https://mo-www.cfa.harvard.edu/ImageDirectory/CoRoT-2260816081515.FITS","CoRoT-2","downloaded","",656640,1
"2026-09-06T01:09:00.454559","CoRoT-2260816080615","https://mo-www.cfa.harvard.edu/ImageDirectory/CoRoT-2260816080615.FITS","CoRoT-2","downloaded","",656640,1
"2026-09-06T01:09:00.468002","CoRoT-2260816081815","https://mo-www.cfa.harvard.edu/ImageDirectory/CoRoT-2260816081815.FITS","CoRoT-2","downloaded","",656640,1
"2026-09-06T01:09:00.481054","CoRoT-2260816080915","https://mo-www.cfa.harvard.edu/ImageDirectory/CoRoT-2260816080915.FITS","CoRoT-2","downloaded","",656640,1
"2026-09-06T01:09:00.516891","CoRoT-2260816081216","https://mo-www.cfa.harvard.edu/ImageDirectory/CoRoT-2260816081216.FITS","CoRoT-2","downloaded","",656640,1
"2026-09-06T01:09:00.531520","CoRoT-2260816082115","https://mo-www.cfa.harvard.edu/ImageDirectory/CoRoT-2260816082115.FITS","CoRoT-2","downloaded","",656640,1
"2026-09-06T01:09:00.539820","CoRoT-2260816080316","https://mo-www.cfa.harvard.edu/ImageDirectory/CoRoT-2260816080316.FITS","CoRoT-2","downloaded","",656640,1
"2026-09-06T01:09:00.554076","CoRoT-2260816082415","https://mo-www.cfa.harvard.edu/ImageDirectory/CoRoT-2260816082415.FITS","CoRoT-2","downloaded","",656640,1
"2026-09-06T01:09:01.336357","CoRoT-2260816082715","https://mo-www.cfa.harvard.edu/ImageDirectory/CoRoT-2260816082715.FITS","CoRoT-2","downloaded","",656640,1
"2026-09-06T01:09:01.611950","CoRoT-2260816083015","https://mo-www.cfa.harvard.edu/ImageDirectory/CoRoT-2260816083015.FITS","CoRoT-2","downloaded","",656640,1
"2026-09-06T01:09:01.628077","CoRoT-2260816085116","https://mo-www.cfa.harvard.edu/ImageDirectory/CoRoT-2260816085116.FITS","CoRoT-2","downloaded","",656640,1
"2026-09-06T01:09:01.629736","CoRoT-2260816084215","https://mo-www.cfa.harvard.edu/ImageDirectory/CoRoT-2260816084215.FITS","CoRoT-2","downloaded","",656640,1
"2026-09-06T01:09:01.717665","CoRoT-2260816084816","https://mo-www.cfa.harvard.edu/ImageDirectory/CoRoT-2260816084816.FITS","CoRoT-2","downloaded","",656640,1
"2026-09-06T01:09:01.729291","CoRoT-2260816083615","https://mo-www.cfa.harvard.edu/ImageDirectory/CoRoT-2260816083615.FITS","CoRoT-2","downloaded","",656640,1
"2026-09-06T01:09:01.788832","CoRoT-2260816084517","https://mo-www.cfa.harvard.edu/ImageDirectory/CoRoT-2260816084517.FITS","CoRoT-2","downloaded","",656640,1
"2026-09-06T01:09:01.793710","CoRoT-2260816083316","https://mo-www.cfa.harvard.edu/ImageDirectory/CoRoT-2260816083316.FITS","CoRoT-2","downloaded","",656640,1
"2026-09-06T01:09:02.002030","CoRoT-2260816083915","https://mo-www.cfa.harvard.edu/ImageDirectory/CoRoT-2260816083915.FITS","CoRoT-2","downloaded","",656640,1
"2026-09-06T01:09:03.029523","CoRoT-2260823040015","https://mo-www.cfa.harvard.edu/ImageDirectory/CoRoT-2260823040015.FITS","CoRoT-2","downloaded","",656640,1
"2026-09-06T01:09:03.118436","CoRoT-2260823040615","https://mo-www.cfa.harvard.edu/ImageDirectory/CoRoT-2260823040615.FITS","CoRoT-2","downloaded","",656640,1
"2026-09-06T01:09:03.156934","CoRoT-2260823040315","https://mo-www.cfa.harvard.edu/ImageDirectory/CoRoT-2260823040315.FITS","CoRoT-2","downloaded","",656640,1
"2026-09-06T01:09:03.185266","CoRoT-2260823035758","https://mo-www.cfa.harvard.edu/ImageDirectory/CoRoT-2260823035758.FITS","CoRoT-2","downloaded","",656640,1
"2026-09-06T01:09:03.219513","CoRoT-2260816085715","https://mo-www.cfa.harvard.edu/ImageDirectory/CoRoT-2260816085715.FITS","CoRoT-2","downloaded","",656640,1
"2026-09-06T01:09:03.239536","CoRoT-2260816085415","https://mo-www.cfa.harvard.edu/ImageDirectory/CoRoT-2260816085415.FITS","CoRoT-2","downloaded","",656640,1
"2026-09-06T01:09:03.240010","CoRoT-2260823040915","https://mo-www.cfa.harvard.edu/ImageDirectory/CoRoT-2260823040915.FITS","CoRoT-2","downloaded","",656640,1
"2026-09-06T01:09:03.271354","CoRoT-2260823041215","https://mo-www.cfa.harvard.edu/ImageDirectory/CoRoT-2260823041215.FITS","CoRoT-2","downloaded","",656640,1
"2026-09-06T01:09:03.321465","CoRoT-2260823041515","https://mo-www.cfa.harvard.edu/ImageDirectory/CoRoT-2260823041515.FITS","CoRoT-2","downloaded","",656640,1
"2026-09-06T01:09:04.349417","CoRoT-2260809073916","https://mo-www.cfa.harvard.edu/ImageDirectory/CoRoT-2260809073916.FITS","CoRoT-2","downloaded","",656640,1
"2026-09-06T01:09:04.366751","CoRoT-2260809074515","https://mo-www.cfa.harvard.edu/ImageDirectory/CoRoT-2260809074515.FITS","CoRoT-2","downloaded","",656640,1
"2026-09-06T01:09:04.381213","CoRoT-2260823041815","https://mo-www.cfa.harvard.edu/ImageDirectory/CoRoT-2260823041815.FITS","CoRoT-2","downloaded","",656640,1
"2026-09-06T01:09:04.481787","CoRoT-2260823042115","https://mo-www.cfa.harvard.edu/ImageDirectory/CoRoT-2260823042115.FITS","CoRoT-2","downloaded","",656640,1
"2026-09-06T01:09:04.505411","CoRoT-2260823042415","https://mo-www.cfa.harvard.edu/ImageDirectory/CoRoT-2260823042415.FITS","CoRoT-2","downloaded","",656640,1
"2026-09-06T01:09:04.545718","CoRoT-2260823043015","https://mo-www.cfa.harvard.edu/ImageDirectory/CoRoT-2260823043015.FITS","CoRoT-2","downloaded","",656640,1
"2026-09-06T01:09:04.549085","CoRoT-2260823043315","https://mo-www.cfa.harvard.edu/ImageDirectory/CoRoT-2260823043315.FITS","CoRoT-2","downloaded","",656640,1
"2026-09-06T01:09:04.565270","CoRoT-2260823042715","https://mo-www.cfa.harvard.edu/ImageDirectory/CoRoT-2260823042715.FITS","CoRoT-2","downloaded","",656640,1
"2026-09-06T01:09:04.573604","CoRoT-2260823043915","https://mo-www.cfa.harvard.edu/ImageDirectory/CoRoT-2260823043915.FITS","CoRoT-2","downloaded","",656640,1
"2026-09-06T01:09:04.577306","CoRoT-2260823044215","https://mo-www.cfa.harvard.edu/ImageDirectory/CoRoT-2260823044215.FITS","CoRoT-2","downloaded","",656640,1
"2026-09-06T01:09:04.661937","CoRoT-2260823043615","https://mo-www.cfa.harvard.edu/ImageDirectory/CoRoT-2260823043615.FITS","CoRoT-2","downloaded","",656640,1
"2026-09-06T01:09:05.847758","CoRoT-2260823044516","https://mo-www.cfa.harvard.edu/ImageDirectory/CoRoT-2260823044516.FITS","CoRoT-2","downloaded","",656640,1
"2026-09-06T01:09:05.859786","CoRoT-2260823045115","https://mo-www.cfa.harvard.edu/ImageDirectory/CoRoT-2260823045115.FITS","CoRoT-2","downloaded","",656640,1
"2026-09-06T01:09:05.875438","CoRoT-2260823045415","https://mo-www.cfa.harvard.edu/ImageDirectory/CoRoT-2260823045415.FITS","CoRoT-2","downloaded","",656640,1
"2026-09-06T01:09:05.941822","CoRoT-2260823045715","https://mo-www.cfa.harvard.edu/ImageDirectory/CoRoT-2260823045715.FITS","CoRoT-2","downloaded","",656640,1
"2026-09-06T01:09:05.952921","CoRoT-2260823050315","https://mo-www.cfa.harvard.edu/ImageDirectory/CoRoT-2260823050315.FITS","CoRoT-2","downloaded","",656640,1
"2026-09-06T01:09:05.963147","CoRoT-2260823050015","https://mo-www.cfa.harvard.edu/ImageDirectory/CoRoT-2260823050015.FITS","CoRoT-2","downloaded","",656640,1
"2026-09-06T01:09:05.972925","CoRoT-2260823050915","https://mo-www.cfa.harvard.edu/ImageDirectory/CoRoT-2260823050915.FITS","CoRoT-2","downloaded","",656640,1
"2026-09-06T01:09:05.978575","CoRoT-2260823050615","https://mo-www.cfa.harvard.edu/ImageDirectory/CoRoT-2260823050615.FITS","CoRoT-2","downloaded","",656640,1
"2026-09-06T01:09:05.982966","CoRoT-2260823044815","https://mo-www.cfa.harvard.edu/ImageDirectory/CoRoT-2260823044815.FITS","CoRoT-2","downloaded","",656640,1
"2026-09-06T01:09:06.715037","CoRoT-2260823051215","https://mo-www.cfa.harvard.edu/ImageDirectory/CoRoT-2260823051215.FITS","CoRoT-2","downloaded","",656640,1
"2026-09-06T01:09:07.002181","CoRoT-2260823051516","https://mo-www.cfa.harvard.edu/ImageDirectory/CoRoT-2260823051516.FITS","CoRoT-2","downloaded","",656640,1
"2026-09-06T01:09:07.004147","CoRoT-2260823051815","https://mo-www.cfa.harvard.edu/ImageDirectory/CoRoT-2260823051815.FITS","CoRoT-2","downloaded","",656640,1
"2026-09-06T01:09:07.127995","CoRoT-2260823052115","https://mo-www.cfa.harvard.edu/ImageDirectory/CoRoT-2260823052115.FITS","CoRoT-2","downloaded","",656640,1
"2026-09-06T01:09:07.174631","CoRoT-2260823052416","https://mo-www.cfa.harvard.edu/ImageDirectory/CoRoT-2260823052416.FITS","CoRoT-2","downloaded","",656640,1
"2026-09-06T01:09:07.249636","CoRoT-2260823053915","https://mo-www.cfa.harvard.edu/ImageDirectory/CoRoT-2260823053915.FITS","CoRoT-2","downloaded","",656640,1
"2026-09-06T01:09:07.259982","CoRoT-2260823052715","https://mo-www.cfa.harvard.edu/ImageDirectory/CoRoT-2260823052715.FITS","CoRoT-2","downloaded","",656640,1
"2026-09-06T01:09:07.274787","CoRoT-2260823053315","https://mo-www.cfa.harvard.edu/ImageDirectory/CoRoT-2260823053315.FITS","CoRoT-2","downloaded","",656640,1
"2026-09-06T01:09:07.284765","CoRoT-2260823054215","https://mo-www.cfa.harvard.edu/ImageDirectory/CoRoT-2260823054215.FITS","CoRoT-2","downloaded","",656640,1
"2026-09-06T01:09:07.298079","CoRoT-2260823053616","https://mo-www.cfa.harvard.edu/ImageDirectory/CoRoT-2260823053616.FITS","CoRoT-2","downloaded","",656640,1
"2026-09-06T01:09:07.302090","CoRoT-2260823053015","https://mo-www.cfa.harvard.edu/ImageDirectory/CoRoT-2260823053015.FITS","CoRoT-2","downloaded","",656640,1
"2026-09-06T01:09:08.276773","CoRoT-2260823054815","https://mo-www.cfa.harvard.edu/ImageDirectory/CoRoT-2260823054815.FITS","CoRoT-2","downloaded","",656640,1
"2026-09-06T01:09:08.475690","CoRoT-2260823060315","https://mo-www.cfa.harvard.edu/ImageDirectory/CoRoT-2260823060315.FITS","CoRoT-2","downloaded","",656640,1
"2026-09-06T01:09:08.617906","CoRoT-2260823055115","https://mo-www.cfa.harvard.edu/ImageDirectory/CoRoT-2260823055115.FITS","CoRoT-2","downloaded","",656640,1
"2026-09-06T01:09:08.826799","CoRoT-2260823061216","https://mo-www.cfa.harvard.edu/ImageDirectory/CoRoT-2260823061216.FITS","CoRoT-2","downloaded","",656640,1
"2026-09-06T01:09:08.929286","CoRoT-2260823060615","https://mo-www.cfa.harvard.edu/ImageDirectory/CoRoT-2260823060615.FITS","CoRoT-2","downloaded","",656640,1
"2026-09-06T01:09:08.952802","CoRoT-2260823055715","https://mo-www.cfa.harvard.edu/ImageDirectory/CoRoT-2260823055715.FITS","CoRoT-2","downloaded","",656640,1
"2026-09-06T01:09:08.958808","CoRoT-2260823054515","https://mo-www.cfa.harvard.edu/ImageDirectory/CoRoT-2260823054515.FITS","CoRoT-2","downloaded","",656640,1
"2026-09-06T01:09:08.960852","CoRoT-2260823060016","https://mo-www.cfa.harvard.edu/ImageDirectory/CoRoT-2260823060016.FITS","CoRoT-2","downloaded","",656640,1
"2026-09-06T01:09:08.979481","CoRoT-2260823055415","https://mo-www.cfa.harvard.edu/ImageDirectory/CoRoT-2260823055415.FITS","CoRoT-2","downloaded","",656640,1
"2026-09-06T01:09:09.118668","CoRoT-2260823061516","https://mo-www.cfa.harvard.edu/ImageDirectory/CoRoT-2260823061516.FITS","CoRoT-2","downloaded","",656640,1
"2026-09-06T01:09:09.691572","CoRoT-2260823061815","https://mo-www.cfa.harvard.edu/ImageDirectory/CoRoT-2260823061815.FITS","CoRoT-2","downloaded","",656640,1
"2026-09-06T01:09:09.712289","CoRoT-2260823062115","https://mo-www.cfa.harvard.edu/ImageDirectory/CoRoT-2260823062115.FITS","CoRoT-2","downloaded","",656640,1
"2026-09-06T01:09:09.788868","CoRoT-2260823062715","https://mo-www.cfa.harvard.edu/ImageDirectory/CoRoT-2260823062715.FITS","CoRoT-2","downloaded","",656640,1
"2026-09-06T01:09:09.798779","CoRoT-2260823062415","https://mo-www.cfa.harvard.edu/ImageDirectory/CoRoT-2260823062415.FITS","CoRoT-2","downloaded","",656640,1
"2026-09-06T01:09:09.806730","CoRoT-2260823063315","https://mo-www.cfa.harvard.edu/ImageDirectory/CoRoT-2260823063315.FITS","CoRoT-2","downloaded","",656640,1
"2026-09-06T01:09:09.819555","CoRoT-2260823063616","https://mo-www.cfa.harvard.edu/ImageDirectory/CoRoT-2260823063616.FITS","CoRoT-2","downloaded","",656640,1
"2026-09-06T01:09:10.116706","CoRoT-2260823064215","https://mo-www.cfa.harvard.edu/ImageDirectory/CoRoT-2260823064215.FITS","CoRoT-2","downloaded","",656640,1
"2026-09-06T01:09:10.143205","CoRoT-2260823063916","https://mo-www.cfa.harvard.edu/ImageDirectory/CoRoT-2260823063916.FITS","CoRoT-2","downloaded","",656640,1
"2026-09-06T01:09:10.231599","CoRoT-2260823063016","https://mo-www.cfa.harvard.edu/ImageDirectory/CoRoT-2260823063016.FITS","CoRoT-2","downloaded","",656640,1
"2026-09-06T01:09:10.238910","CoRoT-2260823064515","https://mo-www.cfa.harvard.edu/ImageDirectory/CoRoT-2260823064515.FITS","CoRoT-2","downloaded","",656640,1
"2026-09-06T01:09:10.819846","CoRoT-2260823064816","https://mo-www.cfa.harvard.edu/ImageDirectory/CoRoT-2260823064816.FITS","CoRoT-2","downloaded","",656640,1
"2026-09-06T01:09:11.099102","CoRoT-2260823065415","https://mo-www.cfa.harvard.edu/ImageDirectory/CoRoT-2260823065415.FITS","CoRoT-2","downloaded","",656640,1
"2026-09-06T01:09:11.146277","CoRoT-2260823065115","https://mo-www.cfa.harvard.edu/ImageDirectory/CoRoT-2260823065115.FITS","CoRoT-2","downloaded","",656640,1
"2026-09-06T01:09:11.444646","CoRoT-2260823070015","https://mo-www.cfa.harvard.edu/ImageDirectory/CoRoT-2260823070015.FITS","CoRoT-2","downloaded","",656640,1
"2026-09-06T01:09:11.472061","CoRoT-2260823071216","https://mo-www.cfa.harvard.edu/ImageDirectory/CoRoT-2260823071216.FITS","CoRoT-2","downloaded","",656640,1
"2026-09-06T01:09:11.534834","CoRoT-2260823065715","https://mo-www.cfa.harvard.edu/ImageDirectory/CoRoT-2260823065715.FITS","CoRoT-2","downloaded","",656640,1
"2026-09-06T01:09:11.544084","CoRoT-2260823070316","https://mo-www.cfa.harvard.edu/ImageDirectory/CoRoT-2260823070316.FITS","CoRoT-2","downloaded","",656640,1
"2026-09-06T01:09:11.597520","CoRoT-2260823070915","https://mo-www.cfa.harvard.edu/ImageDirectory/CoRoT-2260823070915.FITS","CoRoT-2","downloaded","",656640,1
"2026-09-06T01:09:11.617474","CoRoT-2260823070615","https://mo-www.cfa.harvard.edu/ImageDirectory/CoRoT-2260823070615.FITS","CoRoT-2","downloaded","",656640,1
"2026-09-06T01:09:11.645238","CoRoT-2260823071515","https://mo-www.cfa.harvard.edu/ImageDirectory/CoRoT-2260823071515.FITS","CoRoT-2","downloaded","",656640,1
"2026-09-06T01:09:12.250378","CoRoT-2260823071815","https://mo-www.cfa.harvard.edu/ImageDirectory/CoRoT-2260823071815.FITS","CoRoT-2","downloaded","",656640,1
"2026-09-06T01:09:12.344669","CoRoT-2260823072115","https://mo-www.cfa.harvard.edu/ImageDirectory/CoRoT-2260823072115.FITS","CoRoT-2","downloaded","",656640,1
"2026-09-06T01:09:12.373693","CoRoT-2260823073315","https://mo-www.cfa.harvard.edu/ImageDirectory/CoRoT-2260823073315.FITS","CoRoT-2","downloaded","",656640,1
"2026-09-06T01:09:12.376110","CoRoT-2260823072715","https://mo-www.cfa.harvard.edu/ImageDirectory/CoRoT-2260823072715.FITS","CoRoT-2","downloaded","",656640,1
"2026-09-06T01:09:12.389900","CoRoT-2260823072415","https://mo-www.cfa.harvard.edu/ImageDirectory/CoRoT-2260823072415.FITS","CoRoT-2","downloaded","",656640,1
"2026-09-06T01:09:12.413303","CoRoT-2260823073015","https://mo-www.cfa.harvard.edu/ImageDirectory/CoRoT-2260823073015.FITS","CoRoT-2","downloaded","",656640,1
"2026-09-06T01:09:12.489654","CoRoT-2260823073615","https://mo-www.cfa.harvard.edu/ImageDirectory/CoRoT-2260823073615.FITS","CoRoT-2","downloaded","",656640,1
"2026-09-06T01:09:12.652989","CoRoT-2260823073915","https://mo-www.cfa.harvard.edu/ImageDirectory/CoRoT-2260823073915.FITS","CoRoT-2","downloaded","",656640,1
"2026-09-06T01:09:12.656992","CoRoT-2260823074515","https://mo-www.cfa.harvard.edu/ImageDirectory/CoRoT-2260823074515.FITS","CoRoT-2","downloaded","",656640,1
"2026-09-06T01:09:12.919181","CoRoT-2260823074216","https://mo-www.cfa.harvard.edu/ImageDirectory/CoRoT-2260823074216.FITS","CoRoT-2","downloaded","",656640,1
"2026-09-06T01:09:13.336119","CoRoT-2260823074815","https://mo-www.cfa.harvard.edu/ImageDirectory/CoRoT-2260823074815.FITS","CoRoT-2","downloaded","",656640,1
"2026-09-06T01:09:13.394250","CoRoT-2260823075415","https://mo-www.cfa.harvard.edu/ImageDirectory/CoRoT-2260823075415.FITS","CoRoT-2","downloaded","",656640,1
"2026-09-06T01:09:13.472729","CoRoT-2260823075115","https://mo-www.cfa.harvard.edu/ImageDirectory/CoRoT-2260823075115.FITS","CoRoT-2","downloaded","",656640,1
"2026-09-06T01:09:13.772024","CoRoT-2260823080015","https://mo-www.cfa.harvard.edu/ImageDirectory/CoRoT-2260823080015.FITS","CoRoT-2","downloaded","",656640,1
"2026-09-06T01:09:13.947153","CoRoT-2260823081215","https://mo-www.cfa.harvard.edu/ImageDirectory/CoRoT-2260823081215.FITS","CoRoT-2","downloaded","",656640,1
"2026-09-06T01:09:13.988308","CoRoT-2260823075716","https://mo-www.cfa.harvard.edu/ImageDirectory/CoRoT-2260823075716.FITS","CoRoT-2","downloaded","",656640,1
"2026-09-06T01:09:14.026118","CoRoT-2260823080915","https://mo-www.cfa.harvard.edu/ImageDirectory/CoRoT-2260823080915.FITS","CoRoT-2","downloaded","",656640,1
"2026-09-06T01:09:14.057484","CoRoT-2260823080315","https://mo-www.cfa.harvard.edu/ImageDirectory/CoRoT-2260823080315.FITS","CoRoT-2","downloaded","",656640,1
"2026-09-06T01:09:14.083030","CoRoT-2260823081515","https://mo-www.cfa.harvard.edu/ImageDirectory/CoRoT-2260823081515.FITS","CoRoT-2","downloaded","",656640,1
"2026-09-06T01:09:14.097740","CoRoT-2260823080615","https://mo-www.cfa.harvard.edu/ImageDirectory/CoRoT-2260823080615.FITS","CoRoT-2","downloaded","",656640,1
"2026-09-06T01:09:14.547393","CoRoT-2260830031836","https://mo-www.cfa.harvard.edu/ImageDirectory/CoRoT-2260830031836.FITS","CoRoT-2","downloaded","",656640,1
"2026-09-06T01:09:14.831866","CoRoT-2260830032417","https://mo-www.cfa.harvard.edu/ImageDirectory/CoRoT-2260830032417.FITS","CoRoT-2","downloaded","",656640,1
"2026-09-06T01:09:14.849991","CoRoT-2260830032115","https://mo-www.cfa.harvard.edu/ImageDirectory/CoRoT-2260830032115.FITS","CoRoT-2","downloaded","",656640,1
"2026-09-06T01:09:14.897848","CoRoT-2260830033015","https://mo-www.cfa.harvard.edu/ImageDirectory/CoRoT-2260830033015.FITS","CoRoT-2","downloaded","",656640,1
"2026-09-06T01:09:15.141792","CoRoT-2260830033916","https://mo-www.cfa.harvard.edu/ImageDirectory/CoRoT-2260830033916.FITS","CoRoT-2","downloaded","",656640,1
"2026-09-06T01:09:15.219167","CoRoT-2260830033616","https://mo-www.cfa.harvard.edu/ImageDirectory/CoRoT-2260830033616.FITS","CoRoT-2","downloaded","",656640,1
"2026-09-06T01:09:15.248913","CoRoT-2260830034215","https://mo-www.cfa.harvard.edu/ImageDirectory/CoRoT-2260830034215.FITS","CoRoT-2","downloaded","",656640,1
"2026-09-06T01:09:15.299728","CoRoT-2260830032716","https://mo-www.cfa.harvard.edu/ImageDirectory/CoRoT-2260830032716.FITS","CoRoT-2","downloaded","",656640,1
"2026-09-06T01:09:15.360626","CoRoT-2260830033315","https://mo-www.cfa.harvard.edu/ImageDirectory/CoRoT-2260830033315.FITS","CoRoT-2","downloaded","",656640,1
"2026-09-06T01:09:15.373847","CoRoT-2260830034515","https://mo-www.cfa.harvard.edu/ImageDirectory/CoRoT-2260830034515.FITS","CoRoT-2","downloaded","",656640,1
"2026-09-06T01:09:15.680186","CoRoT-2260830034816","https://mo-www.cfa.harvard.edu/ImageDirectory/CoRoT-2260830034816.FITS","CoRoT-2","downloaded","",656640,1
"2026-09-06T01:09:15.721187","CoRoT-2260830035116","https://mo-www.cfa.harvard.edu/ImageDirectory/CoRoT-2260830035116.FITS","CoRoT-2","downloaded","",656640,1
"2026-09-06T01:09:15.933032","CoRoT-2260830035415","https://mo-www.cfa.harvard.edu/ImageDirectory/CoRoT-2260830035415.FITS","CoRoT-2","downloaded","",656640,1
"2026-09-06T01:09:16.412574","CoRoT-2260830035716","https://mo-www.cfa.harvard.edu/ImageDirectory/CoRoT-2260830035716.FITS","CoRoT-2","downloaded","",656640,1
"2026-09-06T01:09:16.420303","CoRoT-2260830040015","https://mo-www.cfa.harvard.edu/ImageDirectory/CoRoT-2260830040015.FITS","CoRoT-2","downloaded","",656640,1
"2026-09-06T01:09:16.447495","CoRoT-2260830040615","https://mo-www.cfa.harvard.edu/ImageDirectory/CoRoT-2260830040615.FITS","CoRoT-2","downloaded","",656640,1
"2026-09-06T01:09:16.452256","CoRoT-2260830040916","https://mo-www.cfa.harvard.edu/ImageDirectory/CoRoT-2260830040916.FITS","CoRoT-2","downloaded","",656640,1
"2026-09-06T01:09:16.457664","CoRoT-2260830040316","https://mo-www.cfa.harvard.edu/ImageDirectory/CoRoT-2260830040316.FITS","CoRoT-2","downloaded","",656640,1
"2026-09-06T01:09:16.476390","CoRoT-2260830041515","https://mo-www.cfa.harvard.edu/ImageDirectory/CoRoT-2260830041515.FITS","CoRoT-2","downloaded","",656640,1
"2026-09-06T01:09:16.577742","CoRoT-2260830041215","https://mo-www.cfa.harvard.edu/ImageDirectory/CoRoT-2260830041215.FITS","CoRoT-2","downloaded","",656640,1
"2026-09-06T01:09:16.943290","CoRoT-2260830041816","https://mo-www.cfa.harvard.edu/ImageDirectory/CoRoT-2260830041816.FITS","CoRoT-2","downloaded","",656640,1
"2026-09-06T01:09:17.496787","CoRoT-2260830042715","https://mo-www.cfa.harvard.edu/ImageDirectory/CoRoT-2260830042715.FITS","CoRoT-2","downloaded","",656640,1
"2026-09-06T01:09:17.558416","CoRoT-2260830042415","https://mo-www.cfa.harvard.edu/ImageDirectory/CoRoT-2260830042415.FITS","CoRoT-2","downloaded","",656640,1
"2026-09-06T01:09:17.583064","CoRoT-2260830042116","https://mo-www.cfa.harvard.edu/ImageDirectory/CoRoT-2260830042116.FITS","CoRoT-2","downloaded","",656640,1
"2026-09-06T01:09:17.601372","CoRoT-2260830043015","https://mo-www.cfa.harvard.edu/ImageDirectory/CoRoT-2260830043015.FITS","CoRoT-2","downloaded","",656640,1
"2026-09-06T01:09:17.669494","CoRoT-2260830043916","https://mo-www.cfa.harvard.edu/ImageDirectory/CoRoT-2260830043916.FITS","CoRoT-2","downloaded","",656640,1
"2026-09-06T01:09:17.684698","CoRoT-2260830043616","https://mo-www.cfa.harvard.edu/ImageDirectory/CoRoT-2260830043616.FITS","CoRoT-2","downloaded","",656640,1
"2026-09-06T01:09:17.708296","CoRoT-2260830044216","https://mo-www.cfa.harvard.edu/ImageDirectory/CoRoT-2260830044216.FITS","CoRoT-2","downloaded","",656640,1
"2026-09-06T01:09:17.888620","CoRoT-2260830044515","https://mo-www.cfa.harvard.edu/ImageDirectory/CoRoT-2260830044515.FITS","CoRoT-2","downloaded","",656640,1
"2026-09-06T01:09:18.035322","CoRoT-2260830044815","https://mo-www.cfa.harvard.edu/ImageDirectory/CoRoT-2260830044815.FITS","CoRoT-2","downloaded","",656640,1
"2026-09-06T01:09:18.112069","CoRoT-2260830045115","https://mo-www.cfa.harvard.edu/ImageDirectory/CoRoT-2260830045115.FITS","CoRoT-2","downloaded","",656640,1
"2026-09-06T01:09:18.188850","CoRoT-2260830043316","https://mo-www.cfa.harvard.edu/ImageDirectory/CoRoT-2260830043316.FITS","CoRoT-2","downloaded","",656640,1
"2026-09-06T01:09:18.616770","CoRoT-2260830045415","https://mo-www.cfa.harvard.edu/ImageDirectory/CoRoT-2260830045415.FITS","CoRoT-2","downloaded","",656640,1
"2026-09-06T01:09:18.901249","CoRoT-2260830050015","https://mo-www.cfa.harvard.edu/ImageDirectory/CoRoT-2260830050015.FITS","CoRoT-2","downloaded","",656640,1
"2026-09-06T01:09:18.960686","CoRoT-2260830050615","https://mo-www.cfa.harvard.edu/ImageDirectory/CoRoT-2260830050615.FITS","CoRoT-2","downloaded","",656640,1
"2026-09-06T01:09:18.966822","CoRoT-2260830050915","https://mo-www.cfa.harvard.edu/ImageDirectory/CoRoT-2260830050915.FITS","CoRoT-2","downloaded","",656640,1
"2026-09-06T01:09:18.991899","CoRoT-2260830045716","https://mo-www.cfa.harvard.edu/ImageDirectory/CoRoT-2260830045716.FITS","CoRoT-2","downloaded","",656640,1
"2026-09-06T01:09:19.020573","CoRoT-2260830051515","https://mo-www.cfa.harvard.edu/ImageDirectory/CoRoT-2260830051515.FITS","CoRoT-2","downloaded","",656640,1
"2026-09-06T01:09:19.025856","CoRoT-2260830051216","https://mo-www.cfa.harvard.edu/ImageDirectory/CoRoT-2260830051216.FITS","CoRoT-2","downloaded","",656640,1
"2026-09-06T01:09:19.045666","CoRoT-2260830050315","https://mo-www.cfa.harvard.edu/ImageDirectory/CoRoT-2260830050315.FITS","CoRoT-2","downloaded","",656640,1
"2026-09-06T01:09:19.346220","CoRoT-2260830051815","https://mo-www.cfa.harvard.edu/ImageDirectory/CoRoT-2260830051815.FITS","CoRoT-2","downloaded","",656640,1
"2026-09-06T01:09:20.014656","CoRoT-2260830053015","https://mo-www.cfa.harvard.edu/ImageDirectory/CoRoT-2260830053015.FITS","CoRoT-2","downloaded","",656640,1
"2026-09-06T01:09:20.258629","CoRoT-2260830052715","https://mo-www.cfa.harvard.edu/ImageDirectory/CoRoT-2260830052715.FITS","CoRoT-2","downloaded","",656640,1
"2026-09-06T01:09:20.296191","CoRoT-2260830052416","https://mo-www.cfa.harvard.edu/ImageDirectory/CoRoT-2260830052416.FITS","CoRoT-2","downloaded","",656640,1
"2026-09-06T01:09:20.338320","CoRoT-2260830053615","https://mo-www.cfa.harvard.edu/ImageDirectory/CoRoT-2260830053615.FITS","CoRoT-2","downloaded","",656640,1
"2026-09-06T01:09:20.362022","CoRoT-2260830052115","https://mo-www.cfa.harvard.edu/ImageDirectory/CoRoT-2260830052115.FITS","CoRoT-2","downloaded","",656640,1
"2026-09-06T01:09:20.405285","CoRoT-2260830053916","https://mo-www.cfa.harvard.edu/ImageDirectory/CoRoT-2260830053916.FITS","CoRoT-2","downloaded","",656640,1
"2026-09-06T01:09:20.425656","CoRoT-2260830053315","https://mo-www.cfa.harvard.edu/ImageDirectory/CoRoT-2260830053315.FITS","CoRoT-2","downloaded","",656640,1
"2026-09-06T01:09:20.470434","CoRoT-2260830054215","https://mo-www.cfa.harvard.edu/ImageDirectory/CoRoT-2260830054215.FITS","CoRoT-2","downloaded","",656640,1
"2026-09-06T01:09:20.500409","CoRoT-2260830054517","https://mo-www.cfa.harvard.edu/ImageDirectory/CoRoT-2260830054517.FITS","CoRoT-2","downloaded","",656640,1
"2026-09-06T01:09:20.642237","CoRoT-2260830054816","https://mo-www.cfa.harvard.edu/ImageDirectory/CoRoT-2260830054816.FITS","CoRoT-2","downloaded","",656640,1
"2026-09-06T01:09:20.662576","CoRoT-2260830055116","https://mo-www.cfa.harvard.edu/ImageDirectory/CoRoT-2260830055116.FITS","CoRoT-2","downloaded","",656640,1
"2026-09-06T01:09:21.340346","CoRoT-2260830055415","https://mo-www.cfa.harvard.edu/ImageDirectory/CoRoT-2260830055415.FITS","CoRoT-2","downloaded","",656640,1
"2026-09-06T01:09:21.741345","CoRoT-2260830060015","https://mo-www.cfa.harvard.edu/ImageDirectory/CoRoT-2260830060015.FITS","CoRoT-2","downloaded","",656640,1
"2026-09-06T01:09:21.810522","CoRoT-2260830060916","https://mo-www.cfa.harvard.edu/ImageDirectory/CoRoT-2260830060916.FITS","CoRoT-2","downloaded","",656640,1
"2026-09-06T01:09:21.827537","CoRoT-2260830061215","https://mo-www.cfa.harvard.edu/ImageDirectory/CoRoT-2260830061215.FITS","CoRoT-2","downloaded","",656640,1
"2026-09-06T01:09:21.864744","CoRoT-2260830061815","https://mo-www.cfa.harvard.edu/ImageDirectory/CoRoT-2260830061815.FITS","CoRoT-2","downloaded","",656640,1
"2026-09-06T01:09:21.924329","CoRoT-2260830060315","https://mo-www.cfa.harvard.edu/ImageDirectory/CoRoT-2260830060315.FITS","CoRoT-2","downloaded","",656640,1
"2026-09-06T01:09:21.924766","CoRoT-2260830060616","https://mo-www.cfa.harvard.edu/ImageDirectory/CoRoT-2260830060616.FITS","CoRoT-2","downloaded","",656640,1
"2026-09-06T01:09:21.939800","CoRoT-2260830061516","https://mo-www.cfa.harvard.edu/ImageDirectory/CoRoT-2260830061516.FITS","CoRoT-2","downloaded","",656640,1
"2026-09-06T01:09:22.159154","CoRoT-2260830055715","https://mo-www.cfa.harvard.edu/ImageDirectory/CoRoT-2260830055715.FITS","CoRoT-2","downloaded","",656640,1
"2026-09-06T01:09:22.308470","CoRoT-2260830062115","https://mo-www.cfa.harvard.edu/ImageDirectory/CoRoT-2260830062115.FITS","CoRoT-2","downloaded","",656640,1
"2026-09-06T01:09:23.141609","CoRoT-2260830062716","https://mo-www.cfa.harvard.edu/ImageDirectory/CoRoT-2260830062716.FITS","CoRoT-2","downloaded","",656640,1
"2026-09-06T01:09:23.193827","CoRoT-2260830063015","https://mo-www.cfa.harvard.edu/ImageDirectory/CoRoT-2260830063015.FITS","CoRoT-2","downloaded","",656640,1
"2026-09-06T01:09:23.201898","CoRoT-2260830063915","https://mo-www.cfa.harvard.edu/ImageDirectory/CoRoT-2260830063915.FITS","CoRoT-2","downloaded","",656640,1
"2026-09-06T01:09:23.235716","CoRoT-2260830064217","https://mo-www.cfa.harvard.edu/ImageDirectory/CoRoT-2260830064217.FITS","CoRoT-2","downloaded","",656640,1
"2026-09-06T01:09:23.240984","CoRoT-2260830063615","https://mo-www.cfa.harvard.edu/ImageDirectory/CoRoT-2260830063615.FITS","CoRoT-2","downloaded","",656640,1
"2026-09-06T01:09:23.279109","CoRoT-2260830064515","https://mo-www.cfa.harvard.edu/ImageDirectory/CoRoT-2260830064515.FITS","CoRoT-2","downloaded","",656640,1
"2026-09-06T01:09:23.282643","CoRoT-2260830064816","https://mo-www.cfa.harvard.edu/ImageDirectory/CoRoT-2260830064816.FITS","CoRoT-2","downloaded","",656640,1
"2026-09-06T01:09:24.262404","CoRoT-2260830065417","https://mo-www.cfa.harvard.edu/ImageDirectory/CoRoT-2260830065417.FITS","CoRoT-2","downloaded","",656640,1
"2026-09-06T01:09:24.437137","CoRoT-2260830070316","https://mo-www.cfa.harvard.edu/ImageDirectory/CoRoT-2260830070316.FITS","CoRoT-2","downloaded","",656640,1
"2026-09-06T01:09:24.514742","CoRoT-2260830070915","https://mo-www.cfa.harvard.edu/ImageDirectory/CoRoT-2260830070915.FITS","CoRoT-2","downloaded","",656640,1
"2026-09-06T01:09:24.574162","CoRoT-2260830065715","https://mo-www.cfa.harvard.edu/ImageDirectory/CoRoT-2260830065715.FITS","CoRoT-2","downloaded","",656640,1
"2026-09-06T01:09:24.653592","CoRoT-2260830070616","https://mo-www.cfa.harvard.edu/ImageDirectory/CoRoT-2260830070616.FITS","CoRoT-2","downloaded","",656640,1
"2026-09-06T01:09:24.674918","CoRoT-2260830071522","https://mo-www.cfa.harvard.edu/ImageDirectory/CoRoT-2260830071522.FITS","CoRoT-2","downloaded","",656640,1
"2026-09-06T01:09:24.675000","CoRoT-2260830070016","https://mo-www.cfa.harvard.edu/ImageDirectory/CoRoT-2260830070016.FITS","CoRoT-2","downloaded","",656640,1
"2026-09-06T01:09:24.680229","CoRoT-2260830072504","https://mo-www.cfa.harvard.edu/ImageDirectory/CoRoT-2260830072504.FITS","CoRoT-2","downloaded","",656640,1
"2026-09-06T01:09:24.981735","CoRoT-2260830072648","https://mo-www.cfa.harvard.edu/ImageDirectory/CoRoT-2260830072648.FITS","CoRoT-2","downloaded","",656640,1
"2026-09-06T01:09:25.635777","CoRoT-2260830073506","https://mo-www.cfa.harvard.edu/ImageDirectory/CoRoT-2260830073506.FITS","CoRoT-2","downloaded","",656640,1
"2026-09-06T01:09:25.813253","CoRoT-2260830074141","https://mo-www.cfa.harvard.edu/ImageDirectory/CoRoT-2260830074141.FITS","CoRoT-2","downloaded","",656640,1
"2026-09-06T01:09:25.827267","CoRoT-2260830074325","https://mo-www.cfa.harvard.edu/ImageDirectory/CoRoT-2260830074325.FITS","CoRoT-2","downloaded","",656640,1
"2026-09-06T01:09:25.863092","CoRoT-2260830073321","https://mo-www.cfa.harvard.edu/ImageDirectory/CoRoT-2260830073321.FITS","CoRoT-2","downloaded","",656640,1
"2026-09-06T01:09:25.889371","HATP-10260905074224","https://mo-www.cfa.harvard.edu/ImageDirectory/HATP-10260905074224.FITS","HATP-10","downloaded","",656640,1
"2026-09-06T01:09:25.926659","CoRoT-2260830074813","https://mo-www.cfa.harvard.edu/ImageDirectory/CoRoT-2260830074813.FITS","CoRoT-2","downloaded","",656640,1
"2026-09-06T01:09:26.004402","HATP-10260905074835","https://mo-www.cfa.harvard.edu/ImageDirectory/HATP-10260905074835.FITS","HATP-10","downloaded","",656640,1
"2026-09-06T01:09:26.660947","HATP-10260905075020","https://mo-www.cfa.harvard.edu/ImageDirectory/HATP-10260905075020.FITS","HATP-10","downloaded","",656640,1
"2026-09-06T01:09:27.124863","HATP-10260905075816","https://mo-www.cfa.harvard.edu/ImageDirectory/HATP-10260905075816.FITS","HATP-10","downloaded","",656640,1
"2026-09-06T01:09:27.144019","HATP-10260905080000","https://mo-www.cfa.harvard.edu/ImageDirectory/HATP-10260905080000.FITS","HATP-10","downloaded","",656640,1
"2026-09-06T01:09:27.167356","HATP-10260905082023","https://mo-www.cfa.harvard.edu/ImageDirectory/HATP-10260905082023.FITS","HATP-10","downloaded","",656640,1
"2026-09-06T01:09:27.168929","HATP-10260905080614","https://mo-www.cfa.harvard.edu/ImageDirectory/HATP-10260905080614.FITS","HATP-10","downloaded","",656640,1
"2026-09-06T01:09:27.200346","HATP-10260905083001","https://mo-www.cfa.harvard.edu/ImageDirectory/HATP-10260905083001.FITS","HATP-10","downloaded","",656640,1
"2026-09-06T01:09:27.423788","HATP-10260905082206","https://mo-www.cfa.harvard.edu/ImageDirectory/HATP-10260905082206.FITS","HATP-10","downloaded","",656640,1
"2026-09-06T01:09:27.475251","HATP-10260905083613","https://mo-www.cfa.harvard.edu/ImageDirectory/HATP-10260905083613.FITS","HATP-10","downloaded","",656640,1
"2026-09-06T01:09:28.269208","HATP-10260905090251","https://mo-www.cfa.harvard.edu/ImageDirectory/HATP-10260905090251.FITS","HATP-10","downloaded","",656640,1
"2026-09-06T01:09:28.317019","HATP-10260905085638","https://mo-www.cfa.harvard.edu/ImageDirectory/HATP-10260905085638.FITS","HATP-10","downloaded","",656640,1
"2026-09-06T01:09:28.351700","HATP-10260905085025","https://mo-www.cfa.harvard.edu/ImageDirectory/HATP-10260905085025.FITS","HATP-10","downloaded","",656640,1
"2026-09-06T01:09:28.367908","HATP-10260905090903","https://mo-www.cfa.harvard.edu/ImageDirectory/HATP-10260905090903.FITS","HATP-10","downloaded","",656640,1
"2026-09-06T01:09:28.449544","HATP-10260905084411","https://mo-www.cfa.harvard.edu/ImageDirectory/HATP-10260905084411.FITS","HATP-10","downloaded","",656640,1
"2026-09-06T01:09:28.502753","HATP-10260905083756","https://mo-www.cfa.harvard.edu/ImageDirectory/HATP-10260905083756.FITS","HATP-10","downloaded","",656640,1
"2026-09-06T01:09:28.883647","HATP-10260905091516","https://mo-www.cfa.harvard.edu/ImageDirectory/HATP-10260905091516.FITS","HATP-10","downloaded","",656640,1
"2026-09-06T01:09:29.017427","HATP-10260905081225","https://mo-www.cfa.harvard.edu/ImageDirectory/HATP-10260905081225.FITS","HATP-10","downloaded","",656640,1
"2026-09-06T01:09:29.557266","HATP-10260905092925","https://mo-www.cfa.harvard.edu/ImageDirectory/HATP-10260905092925.FITS","HATP-10","downloaded","",656640,1
"2026-09-06T01:09:29.615882","HATP-10260905092127","https://mo-www.cfa.harvard.edu/ImageDirectory/HATP-10260905092127.FITS","HATP-10","downloaded","",656640,1
"2026-09-06T01:09:29.645406","HATP-10260905093253","https://mo-www.cfa.harvard.edu/ImageDirectory/HATP-10260905093253.FITS","HATP-10","downloaded","",656640,1
"2026-09-06T01:09:29.705175","HATP-10260905093620","https://mo-www.cfa.harvard.edu/ImageDirectory/HATP-10260905093620.FITS","HATP-10","downloaded","",656640,1
"2026-09-06T01:09:29.797379","HATP-10260905093109","https://mo-www.cfa.harvard.edu/ImageDirectory/HATP-10260905093109.FITS","HATP-10","downloaded","",656640,1
"2026-09-06T01:09:29.801177","HATP-10260905093803","https://mo-www.cfa.harvard.edu/ImageDirectory/HATP-10260905093803.FITS","HATP-10","downloaded","",656640,1
"2026-09-06T01:09:29.837251","HATP-10260905093948","https://mo-www.cfa.harvard.edu/ImageDirectory/HATP-10260905093948.FITS","HATP-10","downloaded","",656640,1
"2026-09-06T01:09:30.326088","HATP-10260905093436","https://mo-www.cfa.harvard.edu/ImageDirectory/HATP-10260905093436.FITS","HATP-10","downloaded","",656640,1
"2026-09-06T01:09:30.691314","HATP-10260905094132","https://mo-www.cfa.harvard.edu/ImageDirectory/HATP-10260905094132.FITS","HATP-10","downloaded","",656640,1
"2026-09-06T01:09:30.727387","HATP-10260905094501","https://mo-www.cfa.harvard.edu/ImageDirectory/HATP-10260905094501.FITS","HATP-10","downloaded","",656640,1
"2026-09-06T01:09:30.777242","HATP-10260905094645","https://mo-www.cfa.harvard.edu/ImageDirectory/HATP-10260905094645.FITS","HATP-10","downloaded","",656640,1
"2026-09-06T01:09:30.796020","HATP-10260905094830","https://mo-www.cfa.harvard.edu/ImageDirectory/HATP-10260905094830.FITS","HATP-10","downloaded","",656640,1
"2026-09-06T01:09:30.797555","HATP-10260905094316","https://mo-www.cfa.harvard.edu/ImageDirectory/HATP-10260905094316.FITS","HATP-10","downloaded","",656640,1
"2026-09-06T01:09:31.150415","HATP-10260905095013","https://mo-www.cfa.harvard.edu/ImageDirectory/HATP-10260905095013.FITS","HATP-10","downloaded","",656640,1
"2026-09-06T01:09:31.309235","HATP-10260905095157","https://mo-www.cfa.harvard.edu/ImageDirectory/HATP-10260905095157.FITS","HATP-10","downloaded","",656640,1
"2026-09-06T01:09:31.588142","HATP-10260905095340","https://mo-www.cfa.harvard.edu/ImageDirectory/HATP-10260905095340.FITS","HATP-10","downloaded","",656640,1
"2026-09-06T01:09:32.080183","HATP-10260905095523","https://mo-www.cfa.harvard.edu/ImageDirectory/HATP-10260905095523.FITS","HATP-10","downloaded","",656640,1
"2026-09-06T01:09:32.277592","HATP-10260905095706","https://mo-www.cfa.harvard.edu/ImageDirectory/HATP-10260905095706.FITS","HATP-10","downloaded","",656640,1
"2026-09-06T01:09:32.432506","HATP-10260905095849","https://mo-www.cfa.harvard.edu/ImageDirectory/HATP-10260905095849.FITS","HATP-10","downloaded","",656640,1
"2026-09-06T01:09:32.446666","HATP-10260905100546","https://mo-www.cfa.harvard.edu/ImageDirectory/HATP-10260905100546.FITS","HATP-10","downloaded","",656640,1
"2026-09-06T01:09:32.475709","HATP-10260905100401","https://mo-www.cfa.harvard.edu/ImageDirectory/HATP-10260905100401.FITS","HATP-10","downloaded","",656640,1
"2026-09-06T01:09:32.514384","HATP-10260905100217","https://mo-www.cfa.harvard.edu/ImageDirectory/HATP-10260905100217.FITS","HATP-10","downloaded","",656640,1
"2026-09-06T01:09:32.519696","HATP-10260905100034","https://mo-www.cfa.harvard.edu/ImageDirectory/HATP-10260905100034.FITS","HATP-10","downloaded","",656640,1
"2026-09-06T01:09:33.016179","HATP-10260905100915","https://mo-www.cfa.harvard.edu/ImageDirectory/HATP-10260905100915.FITS","HATP-10","downloaded","",656640,1
"2026-09-06T01:09:33.330634","HATP-10260905101058","https://mo-www.cfa.harvard.edu/ImageDirectory/HATP-10260905101058.FITS","HATP-10","downloaded","",656640,1
"2026-09-06T01:09:33.384336","HATP-10260905101424","https://mo-www.cfa.harvard.edu/ImageDirectory/HATP-10260905101424.FITS","HATP-10","downloaded","",656640,1
"2026-09-06T01:09:33.386013","HATP-10260905101608","https://mo-www.cfa.harvard.edu/ImageDirectory/HATP-10260905101608.FITS","HATP-10","downloaded","",656640,1
"2026-09-06T01:09:33.396222","HATP-10260905101241","https://mo-www.cfa.harvard.edu/ImageDirectory/HATP-10260905101241.FITS","HATP-10","downloaded","",656640,1
"2026-09-06T01:09:33.741084","HATP-10260905101752","https://mo-www.cfa.harvard.edu/ImageDirectory/HATP-10260905101752.FITS","HATP-10","downloaded","",656640,1
"2026-09-06T01:09:33.769861","HATP-10260905101937","https://mo-www.cfa.harvard.edu/ImageDirectory/HATP-10260905101937.FITS","HATP-10","downloaded","",656640,1
"2026-09-06T01:09:34.099583","HATP-10260905102121","https://mo-www.cfa.harvard.edu/ImageDirectory/HATP-10260905102121.FITS","HATP-10","downloaded","",656640,1
"2026-09-06T01:09:34.420117","HATP-10260905102304","https://mo-www.cfa.harvard.edu/ImageDirectory/HATP-10260905102304.FITS","HATP-10","downloaded","",656640,1
"2026-09-06T01:09:34.613169","HATP-10260905102448","https://mo-www.cfa.harvard.edu/ImageDirectory/HATP-10260905102448.FITS","HATP-10","downloaded","",656640,1
"2026-09-06T01:09:34.738901","HATP-10260905103001","https://mo-www.cfa.harvard.edu/ImageDirectory/HATP-10260905103001.FITS","HATP-10","downloaded","",656640,1
"2026-09-06T01:09:35.239792","HATP-10260905103329","https://mo-www.cfa.harvard.edu/ImageDirectory/HATP-10260905103329.FITS","HATP-10","downloaded","",656640,1
"2026-09-06T01:09:35.292445","HATP-10260905102632","https://mo-www.cfa.harvard.edu/ImageDirectory/HATP-10260905102632.FITS","HATP-10","downloaded","",656640,1
"2026-09-06T01:09:35.388761","HATP-10260905102817","https://mo-www.cfa.harvard.edu/ImageDirectory/HATP-10260905102817.FITS","HATP-10","downloaded","",656640,1
"2026-09-06T01:09:35.403156","HATP-10260905103146","https://mo-www.cfa.harvard.edu/ImageDirectory/HATP-10260905103146.FITS","HATP-10","downloaded","",656640,1
"2026-09-06T01:09:35.776631","HATP-10260905103513","https://mo-www.cfa.harvard.edu/ImageDirectory/HATP-10260905103513.FITS","HATP-10","downloaded","",656640,1
"2026-09-06T01:09:35.911983","HATP-10260905103656","https://mo-www.cfa.harvard.edu/ImageDirectory/HATP-10260905103656.FITS","HATP-10","downloaded","",656640,1
"2026-09-06T01:09:36.046393","HATP-10260905104026","https://mo-www.cfa.harvard.edu/ImageDirectory/HATP-10260905104026.FITS","HATP-10","downloaded","",656640,1
"2026-09-06T01:09:36.062627","HATP-10260905104215","https://mo-www.cfa.harvard.edu/ImageDirectory/HATP-10260905104215.FITS","HATP-10","downloaded","",656640,1
"2026-09-06T01:09:36.107069","HATP-10260905103840","https://mo-www.cfa.harvard.edu/ImageDirectory/HATP-10260905103840.FITS","HATP-10","downloaded","",656640,1
"2026-09-06T01:09:36.120161","HATP-10260905104515","https://mo-www.cfa.harvard.edu/ImageDirectory/HATP-10260905104515.FITS","HATP-10","downloaded","",656640,1
"2026-09-06T01:09:36.195722","HATP-10260905104815","https://mo-www.cfa.harvard.edu/ImageDirectory/HATP-10260905104815.FITS","HATP-10","downloaded","",656640,1
"2026-09-06T01:09:36.422199","HATP-10260905105115","https://mo-www.cfa.harvard.edu/ImageDirectory/HATP-10260905105115.FITS","HATP-10","downloaded","",656640,1
"2026-09-06T01:09:36.862213","HATP-10260905105416","https://mo-www.cfa.harvard.edu/ImageDirectory/HATP-10260905105416.FITS","HATP-10","downloaded","",656640,1
"2026-09-06T01:09:36.967326","HATP-10260905105715","https://mo-www.cfa.harvard.edu/ImageDirectory/HATP-10260905105715.FITS","HATP-10","downloaded","",656640,1
"2026-09-06T01:09:37.119499","HATP-10260905110015","https://mo-www.cfa.harvard.edu/ImageDirectory/HATP-10260905110015.FITS","HATP-10","downloaded","",656640,1
"2026-09-06T01:09:37.969612","HATP-10260905110616","https://mo-www.cfa.harvard.edu/ImageDirectory/HATP-10260905110616.FITS","HATP-10","downloaded","",656640,1
"2026-09-06T01:09:38.020374","HATP-10260905111215","https://mo-www.cfa.harvard.edu/ImageDirectory/HATP-10260905111215.FITS","HATP-10","downloaded","",656640,1
"2026-09-06T01:09:38.077762","HATP-10260905110315","https://mo-www.cfa.harvard.edu/ImageDirectory/HATP-10260905110315.FITS","HATP-10","downloaded","",656640,1
"2026-09-06T01:09:38.100594","HATP-10260905110916","https://mo-www.cfa.harvard.edu/ImageDirectory/HATP-10260905110916.FITS","HATP-10","downloaded","",656640,1
"2026-09-06T01:09:38.359439","HATP-10260905111815","https://mo-www.cfa.harvard.edu/ImageDirectory/HATP-10260905111815.FITS","HATP-10","downloaded","",656640,1
"2026-09-06T01:09:38.380748","HATP-10260905111515","https://mo-www.cfa.harvard.edu/ImageDirectory/HATP-10260905111515.FITS","HATP-10","downloaded","",656640,1
"2026-09-06T01:09:38.415564","HATP-10260905112415","https://mo-www.cfa.harvard.edu/ImageDirectory/HATP-10260905112415.FITS","HATP-10","downloaded","",656640,1
"2026-09-06T01:09:38.454551","HATP-10260905112115","https://mo-www.cfa.harvard.edu/ImageDirectory/HATP-10260905112115.FITS","HATP-10","downloaded","",656640,1
"2026-09-06T01:09:38.492070","HATP-10260905113316","https://mo-www.cfa.harvard.edu/ImageDirectory/HATP-10260905113316.FITS","HATP-10","downloaded","",656640,1
"2026-09-06T01:09:38.537557","HATP-10260905112716","https://mo-www.cfa.harvard.edu/ImageDirectory/HATP-10260905112716.FITS","HATP-10","downloaded","",656640,1
"2026-09-06T01:09:38.619736","HATP-10260905113015","https://mo-www.cfa.harvard.edu/ImageDirectory/HATP-10260905113015.FITS","HATP-10","downloaded","",656640,1
"2026-09-06T01:09:38.821649","HATP-10260905113615","https://mo-www.cfa.harvard.edu/ImageDirectory/HATP-10260905113615.FITS","HATP-10","downloaded","",656640,1
"2026-09-06T01:09:39.265440","HATP-10260905114216","https://mo-www.cfa.harvard.edu/ImageDirectory/HATP-10260905114216.FITS","HATP-10","downloaded","",656640,1
"2026-09-06T01:09:39.338080","HATP-10260905113916","https://mo-www.cfa.harvard.edu/ImageDirectory/HATP-10260905113916.FITS","HATP-10","downloaded","",656640,1
"2026-09-06T01:09:39.350741","HATP-10260905114516","https://mo-www.cfa.harvard.edu/ImageDirectory/HATP-10260905114516.FITS","HATP-10","downloaded","",656640,1
"2026-09-06T01:09:40.696807","HATP-10260905114815","https://mo-www.cfa.harvard.edu/ImageDirectory/HATP-10260905114815.FITS","HATP-10","downloaded","",656640,1
"2026-09-06T01:09:40.804491","HATP-10260905115415","https://mo-www.cfa.harvard.edu/ImageDirectory/HATP-10260905115415.FITS","HATP-10","downloaded","",656640,1
"2026-09-06T01:09:41.072206","HATP-10260905115715","https://mo-www.cfa.harvard.edu/ImageDirectory/HATP-10260905115715.FITS","HATP-10","downloaded","",656640,1
"2026-09-06T01:09:41.088251","HATP-10260905115115","https://mo-www.cfa.harvard.edu/ImageDirectory/HATP-10260905115115.FITS","HATP-10","downloaded","",656640,1
"2026-09-06T01:09:41.167271","HATP-10260905120315","https://mo-www.cfa.harvard.edu/ImageDirectory/HATP-10260905120315.FITS","HATP-10","downloaded","",656640,1
"2026-09-06T01:09:41.204127","HATP-10260905120015","https://mo-www.cfa.harvard.edu/ImageDirectory/HATP-10260905120015.FITS","HATP-10","downloaded","",656640,1
"2026-09-06T01:09:41.289927","HATP-10260905120615","https://mo-www.cfa.harvard.edu/ImageDirectory/HATP-10260905120615.FITS","HATP-10","downloaded","",656640,1
"2026-09-06T01:09:41.300141","HATP-10260905120915","https://mo-www.cfa.harvard.edu/ImageDirectory/HATP-10260905120915.FITS","HATP-10","downloaded","",656640,1
"2026-09-06T01:09:41.346145","HATP-10260905122123","https://mo-www.cfa.harvard.edu/ImageDirectory/HATP-10260905122123.FITS","HATP-10","downloaded","",656640,1
"2026-09-06T01:09:41.370789","HATP-10260905121518","https://mo-www.cfa.harvard.edu/ImageDirectory/HATP-10260905121518.FITS","HATP-10","downloaded","",656640,1
"2026-09-06T01:09:41.380618","Qatar-1260818082449","https://mo-www.cfa.harvard.edu/ImageDirectory/Qatar-1260818082449.FITS","Qatar-1","downloaded","",656640,1
"2026-09-06T01:09:41.444424","Qatar-1260818082715","https://mo-www.cfa.harvard.edu/ImageDirectory/Qatar-1260818082715.FITS","Qatar-1","downloaded","",656640,1
"2026-09-06T01:09:41.990354","Qatar-1260818083615","https://mo-www.cfa.harvard.edu/ImageDirectory/Qatar-1260818083615.FITS","Qatar-1","downloaded","",656640,1
"2026-09-06T01:09:42.003597","Qatar-1260818083016","https://mo-www.cfa.harvard.edu/ImageDirectory/Qatar-1260818083016.FITS","Qatar-1","downloaded","",656640,1
"2026-09-06T01:09:42.009046","Qatar-1260818083316","https://mo-www.cfa.harvard.edu/ImageDirectory/Qatar-1260818083316.FITS","Qatar-1","downloaded","",656640,1
"2026-09-06T01:09:42.713650","CoRoT-2260830062415","https://mo-www.cfa.harvard.edu/ImageDirectory/CoRoT-2260830062415.FITS","CoRoT-2","downloaded","",656640,1
"2026-09-06T01:09:42.898693","CoRoT-2260830063315","https://mo-www.cfa.harvard.edu/ImageDirectory/CoRoT-2260830063315.FITS","CoRoT-2","downloaded","",656640,1
"2026-09-06T01:09:43.234366","Qatar-1260818083916","https://mo-www.cfa.harvard.edu/ImageDirectory/Qatar-1260818083916.FITS","Qatar-1","downloaded","",656640,1
"2026-09-06T01:09:43.280838","Qatar-1260818084215","https://mo-www.cfa.harvard.edu/ImageDirectory/Qatar-1260818084215.FITS","Qatar-1","downloaded","",656640,1
"2026-09-06T01:09:43.371572","CoRoT-2260830065115","https://mo-www.cfa.harvard.edu/ImageDirectory/CoRoT-2260830065115.FITS","CoRoT-2","downloaded","",656640,1
"2026-09-06T01:09:43.609496","Qatar-1260818085115","https://mo-www.cfa.harvard.edu/ImageDirectory/Qatar-1260818085115.FITS","Qatar-1","downloaded","",656640,1
"2026-09-06T01:09:43.645240","Qatar-1260818084515","https://mo-www.cfa.harvard.edu/ImageDirectory/Qatar-1260818084515.FITS","Qatar-1","downloaded","",656640,1
"2026-09-06T01:09:43.761614","Qatar-1260818085415","https://mo-www.cfa.harvard.edu/ImageDirectory/Qatar-1260818085415.FITS","Qatar-1","downloaded","",656640,1
"2026-09-06T01:09:43.804835","Qatar-1260818084815","https://mo-www.cfa.harvard.edu/ImageDirectory/Qatar-1260818084815.FITS","Qatar-1","downloaded","",656640,1
"2026-09-06T01:09:43.877153","Qatar-1260818090016","https://mo-www.cfa.harvard.edu/ImageDirectory/Qatar-1260818090016.FITS","Qatar-1","downloaded","",656640,1
"2026-09-06T01:09:43.947661","Qatar-1260818085716","https://mo-www.cfa.harvard.edu/ImageDirectory/Qatar-1260818085716.FITS","Qatar-1","downloaded","",656640,1
"2026-09-06T01:09:43.974567","Qatar-1260818090316","https://mo-www.cfa.harvard.edu/ImageDirectory/Qatar-1260818090316.FITS","Qatar-1","downloaded","",656640,1
"2026-09-06T01:09:44.094936","Qatar-1260818090615","https://mo-www.cfa.harvard.edu/ImageDirectory/Qatar-1260818090615.FITS","Qatar-1","downloaded","",656640,1
"2026-09-06T01:09:44.151906","Qatar-1260818091215","https://mo-www.cfa.harvard.edu/ImageDirectory/Qatar-1260818091215.FITS","Qatar-1","downloaded","",656640,1
"2026-09-06T01:09:44.170444","Qatar-1260818090915","https://mo-www.cfa.harvard.edu/ImageDirectory/Qatar-1260818090915.FITS","Qatar-1","downloaded","",656640,1
"2026-09-06T01:09:44.537571","Qatar-1260818091816","https://mo-www.cfa.harvard.edu/ImageDirectory/Qatar-1260818091816.FITS","Qatar-1","downloaded","",656640,1
"2026-09-06T01:09:44.575223","Qatar-1260818091515","https://mo-www.cfa.harvard.edu/ImageDirectory/Qatar-1260818091515.FITS","Qatar-1","downloaded","",656640,1
"2026-09-06T01:09:44.582678","CoRoT-2260830072013","https://mo-www.cfa.harvard.edu/ImageDirectory/CoRoT-2260830072013.FITS","CoRoT-2","downloaded","",656640,1
"2026-09-06T01:09:44.644204","Qatar-1260818092117","https://mo-www.cfa.harvard.edu/ImageDirectory/Qatar-1260818092117.FITS","Qatar-1","downloaded","",656640,1
"2026-09-06T01:09:45.303236","Qatar-1260818092415","https://mo-www.cfa.harvard.edu/ImageDirectory/Qatar-1260818092415.FITS","Qatar-1","downloaded","",656640,1
"2026-09-06T01:09:45.400585","Qatar-1260818092715","https://mo-www.cfa.harvard.edu/ImageDirectory/Qatar-1260818092715.FITS","Qatar-1","downloaded","",656640,1
"2026-09-06T01:09:46.083464","Qatar-1260818093316","https://mo-www.cfa.harvard.edu/ImageDirectory/Qatar-1260818093316.FITS","Qatar-1","downloaded","",656640,1
"2026-09-06T01:09:46.108876","Qatar-1260818094516","https://mo-www.cfa.harvard.edu/ImageDirectory/Qatar-1260818094516.FITS","Qatar-1","downloaded","",656640,1
"2026-09-06T01:09:46.165141","Qatar-1260818093916","https://mo-www.cfa.harvard.edu/ImageDirectory/Qatar-1260818093916.FITS","Qatar-1","downloaded","",656640,1
"2026-09-06T01:09:46.166557","Qatar-1260818093015","https://mo-www.cfa.harvard.edu/ImageDirectory/Qatar-1260818093015.FITS","Qatar-1","downloaded","",656640,1
"2026-09-06T01:09:46.243092","Qatar-1260818093615","https://mo-www.cfa.harvard.edu/ImageDirectory/Qatar-1260818093615.FITS","Qatar-1","downloaded","",656640,1
"2026-09-06T01:09:46.266304","Qatar-1260818094815","https://mo-www.cfa.harvard.edu/ImageDirectory/Qatar-1260818094815.FITS","Qatar-1","downloaded","",656640,1
"2026-09-06T01:09:46.389523","Qatar-1260818094216","https://mo-www.cfa.harvard.edu/ImageDirectory/Qatar-1260818094216.FITS","Qatar-1","downloaded","",656640,1
"2026-09-06T01:09:46.618745","Qatar-1260818095116","https://mo-www.cfa.harvard.edu/ImageDirectory/Qatar-1260818095116.FITS","Qatar-1","downloaded","",656640,1
"2026-09-06T01:09:46.633841","Qatar-1260818100015","https://mo-www.cfa.harvard.edu/ImageDirectory/Qatar-1260818100015.FITS","Qatar-1","downloaded","",656640,1
"2026-09-06T01:09:46.651745","Qatar-1260818095715","https://mo-www.cfa.harvard.edu/ImageDirectory/Qatar-1260818095715.FITS","Qatar-1","downloaded","",656640,1
"2026-09-06T01:09:46.675225","Qatar-1260818095416","https://mo-www.cfa.harvard.edu/ImageDirectory/Qatar-1260818095416.FITS","Qatar-1","downloaded","",656640,1
"2026-09-06T01:09:46.680946","Qatar-1260818100315","https://mo-www.cfa.harvard.edu/ImageDirectory/Qatar-1260818100315.FITS","Qatar-1","downloaded","",656640,1
"2026-09-06T01:09:46.819388","Qatar-1260818100616","https://mo-www.cfa.harvard.edu/ImageDirectory/Qatar-1260818100616.FITS","Qatar-1","downloaded","",656640,1
"2026-09-06T01:09:46.902585","Qatar-1260818101515","https://mo-www.cfa.harvard.edu/ImageDirectory/Qatar-1260818101515.FITS","Qatar-1","downloaded","",656640,1
"2026-09-06T01:09:46.910476","Qatar-1260818100915","https://mo-www.cfa.harvard.edu/ImageDirectory/Qatar-1260818100915.FITS","Qatar-1","downloaded","",656640,1
"2026-09-06T01:09:47.011108","Qatar-1260818101817","https://mo-www.cfa.harvard.edu/ImageDirectory/Qatar-1260818101817.FITS","Qatar-1","downloaded","",656640,1
"2026-09-06T01:09:47.014907","Qatar-1260818101215","https://mo-www.cfa.harvard.edu/ImageDirectory/Qatar-1260818101215.FITS","Qatar-1","downloaded","",656640,1
"2026-09-06T01:09:47.835134","Qatar-1260818102415","https://mo-www.cfa.harvard.edu/ImageDirectory/Qatar-1260818102415.FITS","Qatar-1","downloaded","",656640,1
"2026-09-06T01:09:47.991021","Qatar-1260818102115","https://mo-www.cfa.harvard.edu/ImageDirectory/Qatar-1260818102115.FITS","Qatar-1","downloaded","",656640,1
"2026-09-06T01:09:48.690107","Qatar-1260818103015","https://mo-www.cfa.harvard.edu/ImageDirectory/Qatar-1260818103015.FITS","Qatar-1","downloaded","",656640,1
"2026-09-06T01:09:48.693810","Qatar-1260818102716","https://mo-www.cfa.harvard.edu/ImageDirectory/Qatar-1260818102716.FITS","Qatar-1","downloaded","",656640,1
"2026-09-06T01:09:48.783552","Qatar-1260818104216","https://mo-www.cfa.harvard.edu/ImageDirectory/Qatar-1260818104216.FITS","Qatar-1","downloaded","",656640,1
"2026-09-06T01:09:49.779689","Qatar-1260818103615","https://mo-www.cfa.harvard.edu/ImageDirectory/Qatar-1260818103615.FITS","Qatar-1","downloaded","",656640,1
"2026-09-06T01:09:49.901353","Qatar-1260818103315","https://mo-www.cfa.harvard.edu/ImageDirectory/Qatar-1260818103315.FITS","Qatar-1","downloaded","",656640,1
"2026-09-06T01:09:49.983933","Qatar-1260818104515","https://mo-www.cfa.harvard.edu/ImageDirectory/Qatar-1260818104515.FITS","Qatar-1","downloaded","",656640,1
"2026-09-06T01:09:49.999245","Qatar-1260818103916","https://mo-www.cfa.harvard.edu/ImageDirectory/Qatar-1260818103916.FITS","Qatar-1","downloaded","",656640,1
"2026-09-06T01:09:50.051294","Qatar-1260818105115","https://mo-www.cfa.harvard.edu/ImageDirectory/Qatar-1260818105115.FITS","Qatar-1","downloaded","",656640,1
"2026-09-06T01:09:50.133995","Qatar-1260818105415","https://mo-www.cfa.harvard.edu/ImageDirectory/Qatar-1260818105415.FITS","Qatar-1","downloaded","",656640,1
"2026-09-06T01:09:50.168072","Qatar-1260818110015","https://mo-www.cfa.harvard.edu/ImageDirectory/Qatar-1260818110015.FITS","Qatar-1","downloaded","",656640,1
"2026-09-06T01:09:50.169646","Qatar-1260818110316","https://mo-www.cfa.harvard.edu/ImageDirectory/Qatar-1260818110316.FITS","Qatar-1","downloaded","",656640,1
"2026-09-06T01:09:50.178629","Qatar-1260818104815","https://mo-www.cfa.harvard.edu/ImageDirectory/Qatar-1260818104815.FITS","Qatar-1","downloaded","",656640,1
"2026-09-06T01:09:50.208783","Qatar-1260818105715","https://mo-www.cfa.harvard.edu/ImageDirectory/Qatar-1260818105715.FITS","Qatar-1","downloaded","",656640,1
"2026-09-06T01:09:50.216325","Qatar-1260818110917","https://mo-www.cfa.harvard.edu/ImageDirectory/Qatar-1260818110917.FITS","Qatar-1","downloaded","",656640,1
"2026-09-06T01:09:50.248918","Qatar-1260818110615","https://mo-www.cfa.harvard.edu/ImageDirectory/Qatar-1260818110615.FITS","Qatar-1","downloaded","",656640,1
"2026-09-06T01:09:50.253644","Qatar-1260818111215","https://mo-www.cfa.harvard.edu/ImageDirectory/Qatar-1260818111215.FITS","Qatar-1","downloaded","",656640,1
"2026-09-06T01:09:50.259311","Qatar-1260818111516","https://mo-www.cfa.harvard.edu/ImageDirectory/Qatar-1260818111516.FITS","Qatar-1","downloaded","",656640,1
"2026-09-06T01:09:51.002347","Qatar-1260818112115","https://mo-www.cfa.harvard.edu/ImageDirectory/Qatar-1260818112115.FITS","Qatar-1","downloaded","",656640,1
"2026-09-06T01:09:51.020803","Qatar-1260818111816","https://mo-www.cfa.harvard.edu/ImageDirectory/Qatar-1260818111816.FITS","Qatar-1","downloaded","",656640,1
"2026-09-06T01:09:51.361147","Qatar-1260818112415","https://mo-www.cfa.harvard.edu/ImageDirectory/Qatar-1260818112415.FITS","Qatar-1","downloaded","",656640,1
"2026-09-06T01:09:51.368369","Qatar-1260818112715","https://mo-www.cfa.harvard.edu/ImageDirectory/Qatar-1260818112715.FITS","Qatar-1","downloaded","",656640,1
"2026-09-06T01:09:51.561190","Qatar-1260818113015","https://mo-www.cfa.harvard.edu/ImageDirectory/Qatar-1260818113015.FITS","Qatar-1","downloaded","",656640,1
"2026-09-06T01:09:52.289436","Qatar-1260818113315","https://mo-www.cfa.harvard.edu/ImageDirectory/Qatar-1260818113315.FITS","Qatar-1","downloaded","",656640,1
"2026-09-06T01:09:52.577689","Qatar-1260818113916","https://mo-www.cfa.harvard.edu/ImageDirectory/Qatar-1260818113916.FITS","Qatar-1","downloaded","",656640,1
"2026-09-06T01:09:52.994066","Qatar-1260818114516","https://mo-www.cfa.harvard.edu/ImageDirectory/Qatar-1260818114516.FITS","Qatar-1","downloaded","",656640,1
"2026-09-06T01:09:53.051345","Qatar-1260818114215","https://mo-www.cfa.harvard.edu/ImageDirectory/Qatar-1260818114215.FITS","Qatar-1","downloaded","",656640,1
"2026-09-06T01:09:53.181986","Qatar-1260818122545","https://mo-www.cfa.harvard.edu/ImageDirectory/Qatar-1260818122545.FITS","Qatar-1","downloaded","",656640,1
"2026-09-06T01:09:53.209491","Qatar-1260818115415","https://mo-www.cfa.harvard.edu/ImageDirectory/Qatar-1260818115415.FITS","Qatar-1","downloaded","",656640,1
"2026-09-06T01:09:53.210787","Qatar-1260818113615","https://mo-www.cfa.harvard.edu/ImageDirectory/Qatar-1260818113615.FITS","Qatar-1","downloaded","",656640,1
"2026-09-06T01:09:53.234663","Qatar-1260818114815","https://mo-www.cfa.harvard.edu/ImageDirectory/Qatar-1260818114815.FITS","Qatar-1","downloaded","",656640,1
"2026-09-06T01:09:53.249791","Qatar-1260818121750","https://mo-www.cfa.harvard.edu/ImageDirectory/Qatar-1260818121750.FITS","Qatar-1","downloaded","",656640,1
"2026-09-06T01:09:53.268320","Qatar-1260818115115","https://mo-www.cfa.harvard.edu/ImageDirectory/Qatar-1260818115115.FITS","Qatar-1","downloaded","",656640,1
"2026-09-06T01:09:53.277267","Qatar-1260821043927","https://mo-www.cfa.harvard.edu/ImageDirectory/Qatar-1260821043927.FITS","Qatar-1","downloaded","",656640,1
"2026-09-06T01:09:53.299743","Qatar-1260821043741","https://mo-www.cfa.harvard.edu/ImageDirectory/Qatar-1260821043741.FITS","Qatar-1","downloaded","",656640,1
"2026-09-06T01:09:53.301151","Qatar-1260818120204","https://mo-www.cfa.harvard.edu/ImageDirectory/Qatar-1260818120204.FITS","Qatar-1","downloaded","",656640,1
"2026-09-06T01:09:53.302009","Qatar-1260818120955","https://mo-www.cfa.harvard.edu/ImageDirectory/Qatar-1260818120955.FITS","Qatar-1","downloaded","",656640,1
"2026-09-06T01:09:53.302705","HATP-10260905100731","https://mo-www.cfa.harvard.edu/ImageDirectory/HATP-10260905100731.FITS","HATP-10","downloaded","",656640,1
"2026-09-06T01:09:53.880012","Qatar-1260821044219","https://mo-www.cfa.harvard.edu/ImageDirectory/Qatar-1260821044219.FITS","Qatar-1","downloaded","",656640,1
"2026-09-06T01:09:53.883506","Qatar-1260821044515","https://mo-www.cfa.harvard.edu/ImageDirectory/Qatar-1260821044515.FITS","Qatar-1","downloaded","",656640,1
"2026-09-06T01:09:54.120469","Qatar-1260821045116","https://mo-www.cfa.harvard.edu/ImageDirectory/Qatar-1260821045116.FITS","Qatar-1","downloaded","",656640,1
"2026-09-06T01:09:54.188614","Qatar-1260821044816","https://mo-www.cfa.harvard.edu/ImageDirectory/Qatar-1260821044816.FITS","Qatar-1","downloaded","",656640,1
"2026-09-06T01:09:54.201642","Qatar-1260821045415","https://mo-www.cfa.harvard.edu/ImageDirectory/Qatar-1260821045415.FITS","Qatar-1","downloaded","",656640,1
"2026-09-06T01:09:54.804768","Qatar-1260821045715","https://mo-www.cfa.harvard.edu/ImageDirectory/Qatar-1260821045715.FITS","Qatar-1","downloaded","",656640,1
"2026-09-06T01:09:55.138333","Qatar-1260821050015","https://mo-www.cfa.harvard.edu/ImageDirectory/Qatar-1260821050015.FITS","Qatar-1","downloaded","",656640,1
"2026-09-06T01:09:55.830761","Qatar-1260821050615","https://mo-www.cfa.harvard.edu/ImageDirectory/Qatar-1260821050615.FITS","Qatar-1","downloaded","",656640,1
"2026-09-06T01:09:55.864491","Qatar-1260821050315","https://mo-www.cfa.harvard.edu/ImageDirectory/Qatar-1260821050315.FITS","Qatar-1","downloaded","",656640,1
"2026-09-06T01:09:56.322571","Qatar-1260821052715","https://mo-www.cfa.harvard.edu/ImageDirectory/Qatar-1260821052715.FITS","Qatar-1","downloaded","",656640,1
"2026-09-06T01:09:56.387054","Qatar-1260821053015","https://mo-www.cfa.harvard.edu/ImageDirectory/Qatar-1260821053015.FITS","Qatar-1","downloaded","",656640,1
"2026-09-06T01:09:56.402715","Qatar-1260821053916","https://mo-www.cfa.harvard.edu/ImageDirectory/Qatar-1260821053916.FITS","Qatar-1","downloaded","",656640,1
"2026-09-06T01:09:56.534785","Qatar-1260821053315","https://mo-www.cfa.harvard.edu/ImageDirectory/Qatar-1260821053315.FITS","Qatar-1","downloaded","",656640,1
"2026-09-06T01:09:56.542840","Qatar-1260821054215","https://mo-www.cfa.harvard.edu/ImageDirectory/Qatar-1260821054215.FITS","Qatar-1","downloaded","",656640,1
"2026-09-06T01:09:56.766608","Qatar-1260821053616","https://mo-www.cfa.harvard.edu/ImageDirectory/Qatar-1260821053616.FITS","Qatar-1","downloaded","",656640,1
"2026-09-06T01:09:56.843782","Qatar-1260821051216","https://mo-www.cfa.harvard.edu/ImageDirectory/Qatar-1260821051216.FITS","Qatar-1","downloaded","",656640,1
"2026-09-06T01:09:56.896940","Qatar-1260821051516","https://mo-www.cfa.harvard.edu/ImageDirectory/Qatar-1260821051516.FITS","Qatar-1","downloaded","",656640,1
"2026-09-06T01:09:56.928660","Qatar-1260821051815","https://mo-www.cfa.harvard.edu/ImageDirectory/Qatar-1260821051815.FITS","Qatar-1","downloaded","",656640,1
"2026-09-06T01:09:56.974413","Qatar-1260821052416","https://mo-www.cfa.harvard.edu/ImageDirectory/Qatar-1260821052416.FITS","Qatar-1","downloaded","",656640,1
"2026-09-06T01:09:56.999319","Qatar-1260821050915","https://mo-www.cfa.harvard.edu/ImageDirectory/Qatar-1260821050915.FITS","Qatar-1","downloaded","",656640,1
"2026-09-06T01:09:57.374154","Qatar-1260821055715","https://mo-www.cfa.harvard.edu/ImageDirectory/Qatar-1260821055715.FITS","Qatar-1","downloaded","",656640,1
"2026-09-06T01:09:57.522703","Qatar-1260821054515","https://mo-www.cfa.harvard.edu/ImageDirectory/Qatar-1260821054515.FITS","Qatar-1","downloaded","",656640,1
"2026-09-06T01:09:57.525255","Qatar-1260821054815","https://mo-www.cfa.harvard.edu/ImageDirectory/Qatar-1260821054815.FITS","Qatar-1","downloaded","",656640,1
"2026-09-06T01:09:57.783478","Qatar-1260821055115","https://mo-www.cfa.harvard.edu/ImageDirectory/Qatar-1260821055115.FITS","Qatar-1","downloaded","",656640,1
"2026-09-06T01:09:57.927958","Qatar-1260821055415","https://mo-www.cfa.harvard.edu/ImageDirectory/Qatar-1260821055415.FITS","Qatar-1","downloaded","",656640,1
"2026-09-06T01:09:58.137306","Qatar-1260821060016","https://mo-www.cfa.harvard.edu/ImageDirectory/Qatar-1260821060016.FITS","Qatar-1","downloaded","",656640,1
"2026-09-06T01:09:58.450480","Qatar-1260821060615","https://mo-www.cfa.harvard.edu/ImageDirectory/Qatar-1260821060615.FITS","Qatar-1","downloaded","",656640,1
"2026-09-06T01:09:58.468156","Qatar-1260821060316","https://mo-www.cfa.harvard.edu/ImageDirectory/Qatar-1260821060316.FITS","Qatar-1","downloaded","",656640,1
"2026-09-06T01:09:58.762001","Qatar-1260821062115","https://mo-www.cfa.harvard.edu/ImageDirectory/Qatar-1260821062115.FITS","Qatar-1","downloaded","",656640,1
"2026-09-06T01:09:58.947029","Qatar-1260821061816","https://mo-www.cfa.harvard.edu/ImageDirectory/Qatar-1260821061816.FITS","Qatar-1","downloaded","",656640,1
"2026-09-06T01:09:59.072686","Qatar-1260821061216","https://mo-www.cfa.harvard.edu/ImageDirectory/Qatar-1260821061216.FITS","Qatar-1","downloaded","",656640,1
"2026-09-06T01:09:59.080783","Qatar-1260821061516","https://mo-www.cfa.harvard.edu/ImageDirectory/Qatar-1260821061516.FITS","Qatar-1","downloaded","",656640,1
"2026-09-06T01:09:59.108035","Qatar-1260821062415","https://mo-www.cfa.harvard.edu/ImageDirectory/Qatar-1260821062415.FITS","Qatar-1","downloaded","",656640,1
"2026-09-06T01:09:59.169566","Qatar-1260821063315","https://mo-www.cfa.harvard.edu/ImageDirectory/Qatar-1260821063315.FITS","Qatar-1","downloaded","",656640,1
"2026-09-06T01:09:59.285928","Qatar-1260821063615","https://mo-www.cfa.harvard.edu/ImageDirectory/Qatar-1260821063615.FITS","Qatar-1","downloaded","",656640,1
"2026-09-06T01:09:59.794743","Qatar-1260821064215","https://mo-www.cfa.harvard.edu/ImageDirectory/Qatar-1260821064215.FITS","Qatar-1","downloaded","",656640,1
"2026-09-06T01:09:59.809627","Qatar-1260821064815","https://mo-www.cfa.harvard.edu/ImageDirectory/Qatar-1260821064815.FITS","Qatar-1","downloaded","",656640,1
"2026-09-06T01:10:00.109781","Qatar-1260821065415","https://mo-www.cfa.harvard.edu/ImageDirectory/Qatar-1260821065415.FITS","Qatar-1","downloaded","",656640,1
"2026-09-06T01:10:00.367973","Qatar-1260821065715","https://mo-www.cfa.harvard.edu/ImageDirectory/Qatar-1260821065715.FITS","Qatar-1","downloaded","",656640,1
"2026-09-06T01:10:00.725671","Qatar-1260821070015","https://mo-www.cfa.harvard.edu/ImageDirectory/Qatar-1260821070015.FITS","Qatar-1","downloaded","",656640,1
"2026-09-06T01:10:00.841755","Qatar-1260821070315","https://mo-www.cfa.harvard.edu/ImageDirectory/Qatar-1260821070315.FITS","Qatar-1","downloaded","",656640,1
"2026-09-06T01:10:01.061877","Qatar-1260821070616","https://mo-www.cfa.harvard.edu/ImageDirectory/Qatar-1260821070616.FITS","Qatar-1","downloaded","",656640,1
"2026-09-06T01:10:01.448643","Qatar-1260821070915","https://mo-www.cfa.harvard.edu/ImageDirectory/Qatar-1260821070915.FITS","Qatar-1","downloaded","",656640,1
"2026-09-06T01:10:01.468856","Qatar-1260821071817","https://mo-www.cfa.harvard.edu/ImageDirectory/Qatar-1260821071817.FITS","Qatar-1","downloaded","",656640,1
"2026-09-06T01:10:01.491043","Qatar-1260821072415","https://mo-www.cfa.harvard.edu/ImageDirectory/Qatar-1260821072415.FITS","Qatar-1","downloaded","",656640,1
"2026-09-06T01:10:01.596319","Qatar-1260821072115","https://mo-www.cfa.harvard.edu/ImageDirectory/Qatar-1260821072115.FITS","Qatar-1","downloaded","",656640,1
"2026-09-06T01:10:02.013888","Qatar-1260821072717","https://mo-www.cfa.harvard.edu/ImageDirectory/Qatar-1260821072717.FITS","Qatar-1","downloaded","",656640,1
"2026-09-06T01:10:02.038556","Qatar-1260821073015","https://mo-www.cfa.harvard.edu/ImageDirectory/Qatar-1260821073015.FITS","Qatar-1","downloaded","",656640,1
"2026-09-06T01:10:02.440639","Qatar-1260821073316","https://mo-www.cfa.harvard.edu/ImageDirectory/Qatar-1260821073316.FITS","Qatar-1","downloaded","",656640,1
"2026-09-06T01:10:02.775228","Qatar-1260821073615","https://mo-www.cfa.harvard.edu/ImageDirectory/Qatar-1260821073615.FITS","Qatar-1","downloaded","",656640,1
"2026-09-06T01:10:03.214607","Qatar-1260821073916","https://mo-www.cfa.harvard.edu/ImageDirectory/Qatar-1260821073916.FITS","Qatar-1","downloaded","",656640,1
"2026-09-06T01:10:03.226049","Qatar-1260821074217","https://mo-www.cfa.harvard.edu/ImageDirectory/Qatar-1260821074217.FITS","Qatar-1","downloaded","",656640,1
"2026-09-06T01:10:03.242518","Qatar-1260821074515","https://mo-www.cfa.harvard.edu/ImageDirectory/Qatar-1260821074515.FITS","Qatar-1","downloaded","",656640,1
"2026-09-06T01:10:03.615641","Qatar-1260821074815","https://mo-www.cfa.harvard.edu/ImageDirectory/Qatar-1260821074815.FITS","Qatar-1","downloaded","",656640,1
"2026-09-06T01:10:03.618579","Qatar-1260821075415","https://mo-www.cfa.harvard.edu/ImageDirectory/Qatar-1260821075415.FITS","Qatar-1","downloaded","",656640,1
"2026-09-06T01:10:03.729823","Qatar-1260821075115","https://mo-www.cfa.harvard.edu/ImageDirectory/Qatar-1260821075115.FITS","Qatar-1","downloaded","",656640,1
"2026-09-06T01:10:03.851166","Qatar-1260821075715","https://mo-www.cfa.harvard.edu/ImageDirectory/Qatar-1260821075715.FITS","Qatar-1","downloaded","",656640,1
"2026-09-06T01:10:04.163861","Qatar-1260821080016","https://mo-www.cfa.harvard.edu/ImageDirectory/Qatar-1260821080016.FITS","Qatar-1","downloaded","",656640,1
"2026-09-06T01:10:04.325654","Qatar-1260821080316","https://mo-www.cfa.harvard.edu/ImageDirectory/Qatar-1260821080316.FITS","Qatar-1","downloaded","",656640,1
"2026-09-06T01:10:04.668337","Qatar-1260821080615","https://mo-www.cfa.harvard.edu/ImageDirectory/Qatar-1260821080615.FITS","Qatar-1","downloaded","",656640,1
"2026-09-06T01:10:05.483841","Qatar-1260828070036","https://mo-www.cfa.harvard.edu/ImageDirectory/Qatar-1260828070036.FITS","Qatar-1","downloaded","",656640,1
"2026-09-06T01:10:05.491830","Qatar-1260821081215","https://mo-www.cfa.harvard.edu/ImageDirectory/Qatar-1260821081215.FITS","Qatar-1","downloaded","",656640,1
"2026-09-06T01:10:05.834605","Qatar-1260828070315","https://mo-www.cfa.harvard.edu/ImageDirectory/Qatar-1260828070315.FITS","Qatar-1","downloaded","",656640,1
"2026-09-06T01:10:06.079813","Qatar-1260828070915","https://mo-www.cfa.harvard.edu/ImageDirectory/Qatar-1260828070915.FITS","Qatar-1","downloaded","",656640,1
"2026-09-06T01:10:06.464176","Qatar-1260828071815","https://mo-www.cfa.harvard.edu/ImageDirectory/Qatar-1260828071815.FITS","Qatar-1","downloaded","",656640,1
"2026-09-06T01:10:06.811175","Qatar-1260828072115","https://mo-www.cfa.harvard.edu/ImageDirectory/Qatar-1260828072115.FITS","Qatar-1","downloaded","",656640,1
"2026-09-06T01:10:07.671227","Qatar-1260828072415","https://mo-www.cfa.harvard.edu/ImageDirectory/Qatar-1260828072415.FITS","Qatar-1","downloaded","",656640,1
"2026-09-06T01:10:08.108645","Qatar-1260828072716","https://mo-www.cfa.harvard.edu/ImageDirectory/Qatar-1260828072716.FITS","Qatar-1","downloaded","",656640,1
"2026-09-06T01:10:08.145001","Qatar-1260828073016","https://mo-www.cfa.harvard.edu/ImageDirectory/Qatar-1260828073016.FITS","Qatar-1","downloaded","",656640,1
"2026-09-06T01:10:08.203968","Qatar-1260828073315","https://mo-www.cfa.harvard.edu/ImageDirectory/Qatar-1260828073315.FITS","Qatar-1","downloaded","",656640,1
"2026-09-06T01:10:08.761792","Qatar-1260828073616","https://mo-www.cfa.harvard.edu/ImageDirectory/Qatar-1260828073616.FITS","Qatar-1","downloaded","",656640,1
"2026-09-06T01:10:08.984743","Qatar-1260828073915","https://mo-www.cfa.harvard.edu/ImageDirectory/Qatar-1260828073915.FITS","Qatar-1","downloaded","",656640,1
"2026-09-06T01:10:10.066327","Qatar-1260828074216","https://mo-www.cfa.harvard.edu/ImageDirectory/Qatar-1260828074216.FITS","Qatar-1","downloaded","",656640,1
"2026-09-06T01:10:10.292614","Qatar-1260828074515","https://mo-www.cfa.harvard.edu/ImageDirectory/Qatar-1260828074515.FITS","Qatar-1","downloaded","",656640,1
"2026-09-06T01:10:10.345381","Qatar-1260828075116","https://mo-www.cfa.harvard.edu/ImageDirectory/Qatar-1260828075116.FITS","Qatar-1","downloaded","",656640,1
"2026-09-06T01:10:10.481817","Qatar-1260828074815","https://mo-www.cfa.harvard.edu/ImageDirectory/Qatar-1260828074815.FITS","Qatar-1","downloaded","",656640,1
"2026-09-06T01:10:10.911307","Qatar-1260828075416","https://mo-www.cfa.harvard.edu/ImageDirectory/Qatar-1260828075416.FITS","Qatar-1","downloaded","",656640,1
"2026-09-06T01:10:11.091497","Qatar-1260828075715","https://mo-www.cfa.harvard.edu/ImageDirectory/Qatar-1260828075715.FITS","Qatar-1","downloaded","",656640,1
"2026-09-06T01:10:12.348233","Qatar-1260828080016","https://mo-www.cfa.harvard.edu/ImageDirectory/Qatar-1260828080016.FITS","Qatar-1","downloaded","",656640,1
"2026-09-06T01:10:12.579051","Qatar-1260828080315","https://mo-www.cfa.harvard.edu/ImageDirectory/Qatar-1260828080315.FITS","Qatar-1","downloaded","",656640,1
"2026-09-06T01:10:12.649494","Qatar-1260828080615","https://mo-www.cfa.harvard.edu/ImageDirectory/Qatar-1260828080615.FITS","Qatar-1","downloaded","",656640,1
"2026-09-06T01:10:12.710087","Qatar-1260828080915","https://mo-www.cfa.harvard.edu/ImageDirectory/Qatar-1260828080915.FITS","Qatar-1","downloaded","",656640,1
"2026-09-06T01:10:13.317461","Qatar-1260828081215","https://mo-www.cfa.harvard.edu/ImageDirectory/Qatar-1260828081215.FITS","Qatar-1","downloaded","",656640,1
"2026-09-06T01:10:14.625642","Qatar-1260828081815","https://mo-www.cfa.harvard.edu/ImageDirectory/Qatar-1260828081815.FITS","Qatar-1","downloaded","",656640,1
"2026-09-06T01:10:14.727695","Qatar-1260828082115","https://mo-www.cfa.harvard.edu/ImageDirectory/Qatar-1260828082115.FITS","Qatar-1","downloaded","",656640,1
"2026-09-06T01:10:14.811670","Qatar-1260828082716","https://mo-www.cfa.harvard.edu/ImageDirectory/Qatar-1260828082716.FITS","Qatar-1","downloaded","",656640,1
"2026-09-06T01:10:16.871399","Qatar-1260828083315","https://mo-www.cfa.harvard.edu/ImageDirectory/Qatar-1260828083315.FITS","Qatar-1","downloaded","",656640,1
"2026-09-06T01:10:16.938345","Qatar-1260828083615","https://mo-www.cfa.harvard.edu/ImageDirectory/Qatar-1260828083615.FITS","Qatar-1","downloaded","",656640,1
"2026-09-06T01:10:17.075537","Qatar-1260828083915","https://mo-www.cfa.harvard.edu/ImageDirectory/Qatar-1260828083915.FITS","Qatar-1","downloaded","",656640,1
"2026-09-06T01:10:18.556137","Qatar-1260821060915","https://mo-www.cfa.harvard.edu/ImageDirectory/Qatar-1260821060915.FITS","Qatar-1","downloaded","",656640,1
"2026-09-06T01:10:19.008239","Qatar-1260821062715","https://mo-www.cfa.harvard.edu/ImageDirectory/Qatar-1260821062715.FITS","Qatar-1","downloaded","",656640,1
"2026-09-06T01:10:19.049650","Qatar-1260828084515","https://mo-www.cfa.harvard.edu/ImageDirectory/Qatar-1260828084515.FITS","Qatar-1","downloaded","",656640,1
"2026-09-06T01:10:19.092739","Qatar-1260828084215","https://mo-www.cfa.harvard.edu/ImageDirectory/Qatar-1260828084215.FITS","Qatar-1","downloaded","",656640,1
"2026-09-06T01:10:19.094671","Qatar-1260821063015","https://mo-www.cfa.harvard.edu/ImageDirectory/Qatar-1260821063015.FITS","Qatar-1","downloaded","",656640,1
"2026-09-06T01:10:19.221281","Qatar-1260828084815","https://mo-www.cfa.harvard.edu/ImageDirectory/Qatar-1260828084815.FITS","Qatar-1","downloaded","",656640,1
"2026-09-06T01:10:19.225619","Qatar-1260821063915","https://mo-www.cfa.harvard.edu/ImageDirectory/Qatar-1260821063915.FITS","Qatar-1","downloaded","",656640,1
"2026-09-06T01:10:19.964120","Qatar-1260821064515","https://mo-www.cfa.harvard.edu/ImageDirectory/Qatar-1260821064515.FITS","Qatar-1","downloaded","",656640,1
"2026-09-06T01:10:20.102858","Qatar-1260821065115","https://mo-www.cfa.harvard.edu/ImageDirectory/Qatar-1260821065115.FITS","Qatar-1","downloaded","",656640,1
"2026-09-06T01:10:21.596258","Qatar-1260828085415","https://mo-www.cfa.harvard.edu/ImageDirectory/Qatar-1260828085415.FITS","Qatar-1","downloaded","",656640,1
"2026-09-06T01:10:21.638672","Qatar-1260828085716","https://mo-www.cfa.harvard.edu/ImageDirectory/Qatar-1260828085716.FITS","Qatar-1","downloaded","",656640,1
"2026-09-06T01:10:21.643481","Qatar-1260828090316","https://mo-www.cfa.harvard.edu/ImageDirectory/Qatar-1260828090316.FITS","Qatar-1","downloaded","",656640,1
"2026-09-06T01:10:21.653979","Qatar-1260828090616","https://mo-www.cfa.harvard.edu/ImageDirectory/Qatar-1260828090616.FITS","Qatar-1","downloaded","",656640,1
"2026-09-06T01:10:21.659074","Qatar-1260828090015","https://mo-www.cfa.harvard.edu/ImageDirectory/Qatar-1260828090015.FITS","Qatar-1","downloaded","",656640,1
"2026-09-06T01:10:21.663411","Qatar-1260828090915","https://mo-www.cfa.harvard.edu/ImageDirectory/Qatar-1260828090915.FITS","Qatar-1","downloaded","",656640,1
"2026-09-06T01:10:21.663437","Qatar-1260821071216","https://mo-www.cfa.harvard.edu/ImageDirectory/Qatar-1260821071216.FITS","Qatar-1","downloaded","",656640,1
"2026-09-06T01:10:22.448197","Qatar-1260828091515","https://mo-www.cfa.harvard.edu/ImageDirectory/Qatar-1260828091515.FITS","Qatar-1","downloaded","",656640,1
"2026-09-06T01:10:22.455854","Qatar-1260828091215","https://mo-www.cfa.harvard.edu/ImageDirectory/Qatar-1260828091215.FITS","Qatar-1","downloaded","",656640,1
"2026-09-06T01:10:23.870959","Qatar-1260828093016","https://mo-www.cfa.harvard.edu/ImageDirectory/Qatar-1260828093016.FITS","Qatar-1","downloaded","",656640,1
"2026-09-06T01:10:23.879223","Qatar-1260828092115","https://mo-www.cfa.harvard.edu/ImageDirectory/Qatar-1260828092115.FITS","Qatar-1","downloaded","",656640,1
"2026-09-06T01:10:23.884138","Qatar-1260828091815","https://mo-www.cfa.harvard.edu/ImageDirectory/Qatar-1260828091815.FITS","Qatar-1","downloaded","",656640,1
"2026-09-06T01:10:23.916332","Qatar-1260828092416","https://mo-www.cfa.harvard.edu/ImageDirectory/Qatar-1260828092416.FITS","Qatar-1","downloaded","",656640,1
"2026-09-06T01:10:23.928555","Qatar-1260828093615","https://mo-www.cfa.harvard.edu/ImageDirectory/Qatar-1260828093615.FITS","Qatar-1","downloaded","",656640,1
"2026-09-06T01:10:23.953864","Qatar-1260828093315","https://mo-www.cfa.harvard.edu/ImageDirectory/Qatar-1260828093315.FITS","Qatar-1","downloaded","",656640,1
"2026-09-06T01:10:23.970574","Qatar-1260828092716","https://mo-www.cfa.harvard.edu/ImageDirectory/Qatar-1260828092716.FITS","Qatar-1","downloaded","",656640,1
"2026-09-06T01:10:24.805272","Qatar-1260828094215","https://mo-www.cfa.harvard.edu/ImageDirectory/Qatar-1260828094215.FITS","Qatar-1","downloaded","",656640,1
"2026-09-06T01:10:24.813646","Qatar-1260828093915","https://mo-www.cfa.harvard.edu/ImageDirectory/Qatar-1260828093915.FITS","Qatar-1","downloaded","",656640,1
"2026-09-06T01:10:25.197996","Qatar-1260821080916","https://mo-www.cfa.harvard.edu/ImageDirectory/Qatar-1260821080916.FITS","Qatar-1","downloaded","",656640,1
"2026-09-06T01:10:25.448751","Qatar-1260821081515","https://mo-www.cfa.harvard.edu/ImageDirectory/Qatar-1260821081515.FITS","Qatar-1","downloaded","",656640,1
"2026-09-06T01:10:25.942011","Qatar-1260828070615","https://mo-www.cfa.harvard.edu/ImageDirectory/Qatar-1260828070615.FITS","Qatar-1","downloaded","",656640,1
"2026-09-06T01:10:26.109161","Qatar-1260828094815","https://mo-www.cfa.harvard.edu/ImageDirectory/Qatar-1260828094815.FITS","Qatar-1","downloaded","",656640,1
"2026-09-06T01:10:26.135551","Qatar-1260828095115","https://mo-www.cfa.harvard.edu/ImageDirectory/Qatar-1260828095115.FITS","Qatar-1","downloaded","",656640,1
"2026-09-06T01:10:26.230187","Qatar-1260828100315","https://mo-www.cfa.harvard.edu/ImageDirectory/Qatar-1260828100315.FITS","Qatar-1","downloaded","",656640,1
"2026-09-06T01:10:26.241040","Qatar-1260828094516","https://mo-www.cfa.harvard.edu/ImageDirectory/Qatar-1260828094516.FITS","Qatar-1","downloaded","",656640,1
"2026-09-06T01:10:26.243229","Qatar-1260828071215","https://mo-www.cfa.harvard.edu/ImageDirectory/Qatar-1260828071215.FITS","Qatar-1","downloaded","",656640,1
"2026-09-06T01:10:26.339112","Qatar-1260821052116","https://mo-www.cfa.harvard.edu/ImageDirectory/Qatar-1260821052116.FITS","Qatar-1","downloaded","",656640,2
"2026-09-06T01:10:26.356046","Qatar-1260828095715","https://mo-www.cfa.harvard.edu/ImageDirectory/Qatar-1260828095715.FITS","Qatar-1","downloaded","",656640,1
"2026-09-06T01:10:26.412761","Qatar-1260828100016","https://mo-www.cfa.harvard.edu/ImageDirectory/Qatar-1260828100016.FITS","Qatar-1","downloaded","",656640,1
"2026-09-06T01:10:26.435328","Qatar-1260828071516","https://mo-www.cfa.harvard.edu/ImageDirectory/Qatar-1260828071516.FITS","Qatar-1","downloaded","",656640,1
"2026-09-06T01:10:26.444323","Qatar-1260828100616","https://mo-www.cfa.harvard.edu/ImageDirectory/Qatar-1260828100616.FITS","Qatar-1","downloaded","",656640,1
"2026-09-06T01:10:27.191355","Qatar-1260828100915","https://mo-www.cfa.harvard.edu/ImageDirectory/Qatar-1260828100915.FITS","Qatar-1","downloaded","",656640,1
"2026-09-06T01:10:27.192930","Qatar-1260828101215","https://mo-www.cfa.harvard.edu/ImageDirectory/Qatar-1260828101215.FITS","Qatar-1","downloaded","",656640,1
"2026-09-06T01:10:27.632742","Qatar-1260828101516","https://mo-www.cfa.harvard.edu/ImageDirectory/Qatar-1260828101516.FITS","Qatar-1","downloaded","",656640,1
"2026-09-06T01:10:27.812818","Qatar-1260828101815","https://mo-www.cfa.harvard.edu/ImageDirectory/Qatar-1260828101815.FITS","Qatar-1","downloaded","",656640,1
"2026-09-06T01:10:28.413287","Qatar-1260828102115","https://mo-www.cfa.harvard.edu/ImageDirectory/Qatar-1260828102115.FITS","Qatar-1","downloaded","",656640,1
"2026-09-06T01:10:28.708924","Qatar-1260828102715","https://mo-www.cfa.harvard.edu/ImageDirectory/Qatar-1260828102715.FITS","Qatar-1","downloaded","",656640,1
"2026-09-06T01:10:28.833922","Qatar-1260828103915","https://mo-www.cfa.harvard.edu/ImageDirectory/Qatar-1260828103915.FITS","Qatar-1","downloaded","",656640,1
"2026-09-06T01:10:28.912270","Qatar-1260828102415","https://mo-www.cfa.harvard.edu/ImageDirectory/Qatar-1260828102415.FITS","Qatar-1","downloaded","",656640,1
"2026-09-06T01:10:28.916975","TRES-1260806073917","https://mo-www.cfa.harvard.edu/ImageDirectory/TRES-1260806073917.FITS","TRES-1","downloaded","",656640,1
"2026-09-06T01:10:28.954600","TRES-1260806073617","https://mo-www.cfa.harvard.edu/ImageDirectory/TRES-1260806073617.FITS","TRES-1","downloaded","",656640,1
"2026-09-06T01:10:29.171854","Qatar-1260828103315","https://mo-www.cfa.harvard.edu/ImageDirectory/Qatar-1260828103315.FITS","Qatar-1","downloaded","",656640,1
"2026-09-06T01:10:29.179077","Qatar-1260828103015","https://mo-www.cfa.harvard.edu/ImageDirectory/Qatar-1260828103015.FITS","Qatar-1","downloaded","",656640,1
"2026-09-06T01:10:29.186317","Qatar-1260828103616","https://mo-www.cfa.harvard.edu/ImageDirectory/Qatar-1260828103616.FITS","Qatar-1","downloaded","",656640,1
"2026-09-06T01:10:29.201187","TRES-1260806074222","https://mo-www.cfa.harvard.edu/ImageDirectory/TRES-1260806074222.FITS","TRES-1","downloaded","",656640,1
"2026-09-06T01:10:29.204730","TRES-1260806073422","https://mo-www.cfa.harvard.edu/ImageDirectory/TRES-1260806073422.FITS","TRES-1","downloaded","",656640,1
"2026-09-06T01:10:29.405275","TRES-1260806074834","https://mo-www.cfa.harvard.edu/ImageDirectory/TRES-1260806074834.FITS","TRES-1","downloaded","",656640,1
"2026-09-06T01:10:29.492151","TRES-1260806074515","https://mo-www.cfa.harvard.edu/ImageDirectory/TRES-1260806074515.FITS","TRES-1","downloaded","",656640,1
"2026-09-06T01:10:30.174021","TRES-1260806075116","https://mo-www.cfa.harvard.edu/ImageDirectory/TRES-1260806075116.FITS","TRES-1","downloaded","",656640,1
"2026-09-06T01:10:30.227500","TRES-1260806075417","https://mo-www.cfa.harvard.edu/ImageDirectory/TRES-1260806075417.FITS","TRES-1","downloaded","",656640,1
"2026-09-06T01:10:30.942098","TRES-1260806075727","https://mo-www.cfa.harvard.edu/ImageDirectory/TRES-1260806075727.FITS","TRES-1","downloaded","",656640,1
"2026-09-06T01:10:31.044819","TRES-1260806080016","https://mo-www.cfa.harvard.edu/ImageDirectory/TRES-1260806080016.FITS","TRES-1","downloaded","",656640,1
"2026-09-06T01:10:31.328896","TRES-1260806080615","https://mo-www.cfa.harvard.edu/ImageDirectory/TRES-1260806080615.FITS","TRES-1","downloaded","",656640,1
"2026-09-06T01:10:31.366701","TRES-1260806080337","https://mo-www.cfa.harvard.edu/ImageDirectory/TRES-1260806080337.FITS","TRES-1","downloaded","",656640,1
"2026-09-06T01:10:31.384701","TRES-1260806082127","https://mo-www.cfa.harvard.edu/ImageDirectory/TRES-1260806082127.FITS","TRES-1","downloaded","",656640,1
"2026-09-06T01:10:31.447479","TRES-1260806081815","https://mo-www.cfa.harvard.edu/ImageDirectory/TRES-1260806081815.FITS","TRES-1","downloaded","",656640,1
"2026-09-06T01:10:31.566596","TRES-1260806082715","https://mo-www.cfa.harvard.edu/ImageDirectory/TRES-1260806082715.FITS","TRES-1","downloaded","",656640,1
"2026-09-06T01:10:31.596051","TRES-1260806083024","https://mo-www.cfa.harvard.edu/ImageDirectory/TRES-1260806083024.FITS","TRES-1","downloaded","",656640,1
"2026-09-06T01:10:31.604684","TRES-1260806082415","https://mo-www.cfa.harvard.edu/ImageDirectory/TRES-1260806082415.FITS","TRES-1","downloaded","",656640,1
"2026-09-06T01:10:31.611338","TRES-1260806081516","https://mo-www.cfa.harvard.edu/ImageDirectory/TRES-1260806081516.FITS","TRES-1","downloaded","",656640,1
"2026-09-06T01:10:31.751601","TRES-1260806083316","https://mo-www.cfa.harvard.edu/ImageDirectory/TRES-1260806083316.FITS","TRES-1","downloaded","",656640,1
"2026-09-06T01:10:32.317549","TRES-1260806083633","https://mo-www.cfa.harvard.edu/ImageDirectory/TRES-1260806083633.FITS","TRES-1","downloaded","",656640,1
"2026-09-06T01:10:32.617924","TRES-1260806083915","https://mo-www.cfa.harvard.edu/ImageDirectory/TRES-1260806083915.FITS","TRES-1","downloaded","",656640,1
"2026-09-06T01:10:33.198640","TRES-1260806084216","https://mo-www.cfa.harvard.edu/ImageDirectory/TRES-1260806084216.FITS","TRES-1","downloaded","",656640,1
"2026-09-06T01:10:33.271027","TRES-1260806084527","https://mo-www.cfa.harvard.edu/ImageDirectory/TRES-1260806084527.FITS","TRES-1","downloaded","",656640,1
"2026-09-06T01:10:33.582112","TRES-1260806084815","https://mo-www.cfa.harvard.edu/ImageDirectory/TRES-1260806084815.FITS","TRES-1","downloaded","",656640,1
"2026-09-06T01:10:33.603843","Qatar-1260828081515","https://mo-www.cfa.harvard.edu/ImageDirectory/Qatar-1260828081515.FITS","Qatar-1","downloaded","",656640,1
"2026-09-06T01:10:33.631709","TRES-1260806085715","https://mo-www.cfa.harvard.edu/ImageDirectory/TRES-1260806085715.FITS","TRES-1","downloaded","",656640,1
"2026-09-06T01:10:33.720898","TRES-1260806085115","https://mo-www.cfa.harvard.edu/ImageDirectory/TRES-1260806085115.FITS","TRES-1","downloaded","",656640,1
"2026-09-06T01:10:33.864171","TRES-1260806085422","https://mo-www.cfa.harvard.edu/ImageDirectory/TRES-1260806085422.FITS","TRES-1","downloaded","",656640,1
"2026-09-06T01:10:33.870768","TRES-1260806090615","https://mo-www.cfa.harvard.edu/ImageDirectory/TRES-1260806090615.FITS","TRES-1","downloaded","",656640,1
"2026-09-06T01:10:33.876735","TRES-1260806090033","https://mo-www.cfa.harvard.edu/ImageDirectory/TRES-1260806090033.FITS","TRES-1","downloaded","",656640,1
"2026-09-06T01:10:33.885794","TRES-1260806090928","https://mo-www.cfa.harvard.edu/ImageDirectory/TRES-1260806090928.FITS","TRES-1","downloaded","",656640,1
"2026-09-06T01:10:33.935759","TRES-1260806090316","https://mo-www.cfa.harvard.edu/ImageDirectory/TRES-1260806090316.FITS","TRES-1","downloaded","",656640,1
"2026-09-06T01:10:34.126869","TRES-1260806091215","https://mo-www.cfa.harvard.edu/ImageDirectory/TRES-1260806091215.FITS","TRES-1","downloaded","",656640,1
"2026-09-06T01:10:34.630778","TRES-1260806091516","https://mo-www.cfa.harvard.edu/ImageDirectory/TRES-1260806091516.FITS","TRES-1","downloaded","",656640,1
"2026-09-06T01:10:34.904726","Qatar-1260828082415","https://mo-www.cfa.harvard.edu/ImageDirectory/Qatar-1260828082415.FITS","Qatar-1","downloaded","",656640,1
"2026-09-06T01:10:34.987592","TRES-1260806091823","https://mo-www.cfa.harvard.edu/ImageDirectory/TRES-1260806091823.FITS","TRES-1","downloaded","",656640,1
"2026-09-06T01:10:35.518116","TRES-1260806092116","https://mo-www.cfa.harvard.edu/ImageDirectory/TRES-1260806092116.FITS","TRES-1","downloaded","",656640,1
"2026-09-06T01:10:35.714994","TRES-1260806092434","https://mo-www.cfa.harvard.edu/ImageDirectory/TRES-1260806092434.FITS","TRES-1","downloaded","",656640,1
"2026-09-06T01:10:35.973453","Qatar-1260828083015","https://mo-www.cfa.harvard.edu/ImageDirectory/Qatar-1260828083015.FITS","Qatar-1","downloaded","",656640,1
"2026-09-06T01:10:36.019490","TRES-1260806093016","https://mo-www.cfa.harvard.edu/ImageDirectory/TRES-1260806093016.FITS","TRES-1","downloaded","",656640,1
"2026-09-06T01:10:36.021408","TRES-1260806092716","https://mo-www.cfa.harvard.edu/ImageDirectory/TRES-1260806092716.FITS","TRES-1","downloaded","",656640,1
"2026-09-06T01:10:36.121360","TRES-1260806093333","https://mo-www.cfa.harvard.edu/ImageDirectory/TRES-1260806093333.FITS","TRES-1","downloaded","",656640,1
"2026-09-06T01:10:36.209992","TRES-1260806093915","https://mo-www.cfa.harvard.edu/ImageDirectory/TRES-1260806093915.FITS","TRES-1","downloaded","",656640,1
"2026-09-06T01:10:36.232677","TRES-1260806094815","https://mo-www.cfa.harvard.edu/ImageDirectory/TRES-1260806094815.FITS","TRES-1","downloaded","",656640,1
"2026-09-06T01:10:36.246258","TRES-1260806093615","https://mo-www.cfa.harvard.edu/ImageDirectory/TRES-1260806093615.FITS","TRES-1","downloaded","",656640,1
"2026-09-06T01:10:36.332048","TRES-1260806094515","https://mo-www.cfa.harvard.edu/ImageDirectory/TRES-1260806094515.FITS","TRES-1","downloaded","",656640,1
"2026-09-06T01:10:36.342957","TRES-1260806095128","https://mo-www.cfa.harvard.edu/ImageDirectory/TRES-1260806095128.FITS","TRES-1","downloaded","",656640,1
"2026-09-06T01:10:36.351212","TRES-1260806094228","https://mo-www.cfa.harvard.edu/ImageDirectory/TRES-1260806094228.FITS","TRES-1","downloaded","",656640,1
"2026-09-06T01:10:36.401186","TRES-1260806095415","https://mo-www.cfa.harvard.edu/ImageDirectory/TRES-1260806095415.FITS","TRES-1","downloaded","",656640,1
"2026-09-06T01:10:37.113220","TRES-1260806095736","https://mo-www.cfa.harvard.edu/ImageDirectory/TRES-1260806095736.FITS","TRES-1","downloaded","",656640,1
"2026-09-06T01:10:37.262677","TRES-1260806100315","https://mo-www.cfa.harvard.edu/ImageDirectory/TRES-1260806100315.FITS","TRES-1","downloaded","",656640,1
"2026-09-06T01:10:37.357865","TRES-1260806100015","https://mo-www.cfa.harvard.edu/ImageDirectory/TRES-1260806100015.FITS","TRES-1","downloaded","",656640,1
"2026-09-06T01:10:37.476662","TRES-1260806081236","https://mo-www.cfa.harvard.edu/ImageDirectory/TRES-1260806081236.FITS","TRES-1","downloaded","",656640,1
"2026-09-06T01:10:37.549330","TRES-1260806080916","https://mo-www.cfa.harvard.edu/ImageDirectory/TRES-1260806080916.FITS","TRES-1","downloaded","",656640,1
"2026-09-06T01:10:37.823271","TRES-1260806100634","https://mo-www.cfa.harvard.edu/ImageDirectory/TRES-1260806100634.FITS","TRES-1","downloaded","",656640,1
"2026-09-06T01:10:37.999926","TRES-1260806100915","https://mo-www.cfa.harvard.edu/ImageDirectory/TRES-1260806100915.FITS","TRES-1","downloaded","",656640,1
"2026-09-06T01:10:38.386501","TRES-1260806101528","https://mo-www.cfa.harvard.edu/ImageDirectory/TRES-1260806101528.FITS","TRES-1","downloaded","",656640,1
"2026-09-06T01:10:38.553100","TRES-1260806102425","https://mo-www.cfa.harvard.edu/ImageDirectory/TRES-1260806102425.FITS","TRES-1","downloaded","",656640,1
"2026-09-06T01:10:38.745212","TRES-1260806104216","https://mo-www.cfa.harvard.edu/ImageDirectory/TRES-1260806104216.FITS","TRES-1","downloaded","",656640,1
"2026-09-06T01:10:38.762179","TRES-1260806101215","https://mo-www.cfa.harvard.edu/ImageDirectory/TRES-1260806101215.FITS","TRES-1","downloaded","",656640,1
"2026-09-06T01:10:38.768174","TRES-1260806102115","https://mo-www.cfa.harvard.edu/ImageDirectory/TRES-1260806102115.FITS","TRES-1","downloaded","",656640,1
"2026-09-06T01:10:38.791153","TRES-1260806102715","https://mo-www.cfa.harvard.edu/ImageDirectory/TRES-1260806102715.FITS","TRES-1","downloaded","",656640,1
"2026-09-06T01:10:38.797449","TRES-1260806103315","https://mo-www.cfa.harvard.edu/ImageDirectory/TRES-1260806103315.FITS","TRES-1","downloaded","",656640,1
"2026-09-06T01:10:38.801222","TRES-1260806103616","https://mo-www.cfa.harvard.edu/ImageDirectory/TRES-1260806103616.FITS","TRES-1","downloaded","",656640,1
"2026-09-06T01:10:38.804171","TRES-1260806103933","https://mo-www.cfa.harvard.edu/ImageDirectory/TRES-1260806103933.FITS","TRES-1","downloaded","",656640,1
"2026-09-06T01:10:38.807646","TRES-1260806101815","https://mo-www.cfa.harvard.edu/ImageDirectory/TRES-1260806101815.FITS","TRES-1","downloaded","",656640,1
"2026-09-06T01:10:38.884242","TRES-1260806104516","https://mo-www.cfa.harvard.edu/ImageDirectory/TRES-1260806104516.FITS","TRES-1","downloaded","",656640,1
"2026-09-06T01:10:39.547720","TRES-1260806104830","https://mo-www.cfa.harvard.edu/ImageDirectory/TRES-1260806104830.FITS","TRES-1","downloaded","",656640,1
"2026-09-06T01:10:39.559910","TRES-1260806105116","https://mo-www.cfa.harvard.edu/ImageDirectory/TRES-1260806105116.FITS","TRES-1","downloaded","",656640,1
"2026-09-06T01:10:39.808476","TRES-1260806105727","https://mo-www.cfa.harvard.edu/ImageDirectory/TRES-1260806105727.FITS","TRES-1","downloaded","",656640,1
"2026-09-06T01:10:39.815723","TRES-1260806105416","https://mo-www.cfa.harvard.edu/ImageDirectory/TRES-1260806105416.FITS","TRES-1","downloaded","",656640,1
"2026-09-06T01:10:40.223668","TRES-1260806110315","https://mo-www.cfa.harvard.edu/ImageDirectory/TRES-1260806110315.FITS","TRES-1","downloaded","",656640,1
"2026-09-06T01:10:40.405084","TRES-1260806110016","https://mo-www.cfa.harvard.edu/ImageDirectory/TRES-1260806110016.FITS","TRES-1","downloaded","",656640,1
"2026-09-06T01:10:40.503558","TRES-1260806110626","https://mo-www.cfa.harvard.edu/ImageDirectory/TRES-1260806110626.FITS","TRES-1","downloaded","",656640,1
"2026-09-06T01:10:40.900615","TRES-1260806111236","https://mo-www.cfa.harvard.edu/ImageDirectory/TRES-1260806111236.FITS","TRES-1","downloaded","",656640,1
"2026-09-06T01:10:40.993990","TRES-1260806110916","https://mo-www.cfa.harvard.edu/ImageDirectory/TRES-1260806110916.FITS","TRES-1","downloaded","",656640,1
"2026-09-06T01:10:41.028340","Qatar-1260828085115","https://mo-www.cfa.harvard.edu/ImageDirectory/Qatar-1260828085115.FITS","Qatar-1","downloaded","",656640,1
"2026-09-06T01:10:41.326622","TRES-1260806113928","https://mo-www.cfa.harvard.edu/ImageDirectory/TRES-1260806113928.FITS","TRES-1","downloaded","",656640,1
"2026-09-06T01:10:41.451451","TRES-1260806113030","https://mo-www.cfa.harvard.edu/ImageDirectory/TRES-1260806113030.FITS","TRES-1","downloaded","",656640,1
"2026-09-06T01:10:41.464677","TRES-1260806112717","https://mo-www.cfa.harvard.edu/ImageDirectory/TRES-1260806112717.FITS","TRES-1","downloaded","",656640,1
"2026-09-06T01:10:41.465460","TRES-1260806113615","https://mo-www.cfa.harvard.edu/ImageDirectory/TRES-1260806113615.FITS","TRES-1","downloaded","",656640,1
"2026-09-06T01:10:41.492084","TRES-1260806112133","https://mo-www.cfa.harvard.edu/ImageDirectory/TRES-1260806112133.FITS","TRES-1","downloaded","",656640,1
"2026-09-06T01:10:41.511699","TRES-1260806113317","https://mo-www.cfa.harvard.edu/ImageDirectory/TRES-1260806113317.FITS","TRES-1","downloaded","",656640,1
"2026-09-06T01:10:41.520424","TRES-1260806111515","https://mo-www.cfa.harvard.edu/ImageDirectory/TRES-1260806111515.FITS","TRES-1","downloaded","",656640,1
"2026-09-06T01:10:41.524375","TRES-1260806111816","https://mo-www.cfa.harvard.edu/ImageDirectory/TRES-1260806111816.FITS","TRES-1","downloaded","",656640,1
"2026-09-06T01:10:41.623268","TRES-1260806112416","https://mo-www.cfa.harvard.edu/ImageDirectory/TRES-1260806112416.FITS","TRES-1","downloaded","",656640,1
"2026-09-06T01:10:42.009530","TRES-1260806114517","https://mo-www.cfa.harvard.edu/ImageDirectory/TRES-1260806114517.FITS","TRES-1","downloaded","",656640,1
"2026-09-06T01:10:42.091299","TRES-1260806114215","https://mo-www.cfa.harvard.edu/ImageDirectory/TRES-1260806114215.FITS","TRES-1","downloaded","",656640,1
"2026-09-06T01:10:42.161240","TRES-1260806120015","https://mo-www.cfa.harvard.edu/ImageDirectory/TRES-1260806120015.FITS","TRES-1","downloaded","",656640,1
"2026-09-06T01:10:42.181491","TRES-1260806115238","https://mo-www.cfa.harvard.edu/ImageDirectory/TRES-1260806115238.FITS","TRES-1","downloaded","",656640,1
"2026-09-06T01:10:42.507844","TRES-1260806120750","https://mo-www.cfa.harvard.edu/ImageDirectory/TRES-1260806120750.FITS","TRES-1","downloaded","",656640,1
"2026-09-06T01:10:42.694184","TRES-1260806121528","https://mo-www.cfa.harvard.edu/ImageDirectory/TRES-1260806121528.FITS","TRES-1","downloaded","",656640,1
"2026-09-06T01:10:43.011457","TRES-1260806122303","https://mo-www.cfa.harvard.edu/ImageDirectory/TRES-1260806122303.FITS","TRES-1","downloaded","",656640,1
"2026-09-06T01:10:43.642020","TRES-1260806123815","https://mo-www.cfa.harvard.edu/ImageDirectory/TRES-1260806123815.FITS","TRES-1","downloaded","",656640,1
"2026-09-06T01:10:43.657359","TRES-1260806123040","https://mo-www.cfa.harvard.edu/ImageDirectory/TRES-1260806123040.FITS","TRES-1","downloaded","",656640,1
"2026-09-06T01:10:43.663384","TRES-3260810060640","https://mo-www.cfa.harvard.edu/ImageDirectory/TRES-3260810060640.FITS","TRES-3","downloaded","",656640,1
"2026-09-06T01:10:43.710118","Qatar-1260821071515","https://mo-www.cfa.harvard.edu/ImageDirectory/Qatar-1260821071515.FITS","Qatar-1","downloaded","",656640,1
"2026-09-06T01:10:43.859966","TRES-3260810060916","https://mo-www.cfa.harvard.edu/ImageDirectory/TRES-3260810060916.FITS","TRES-3","downloaded","",656640,1
"2026-09-06T01:10:43.936890","TRES-3260810061516","https://mo-www.cfa.harvard.edu/ImageDirectory/TRES-3260810061516.FITS","TRES-3","downloaded","",656640,1
"2026-09-06T01:10:43.965892","TRES-3260810063015","https://mo-www.cfa.harvard.edu/ImageDirectory/TRES-3260810063015.FITS","TRES-3","downloaded","",656640,1
"2026-09-06T01:10:44.052581","TRES-3260810061215","https://mo-www.cfa.harvard.edu/ImageDirectory/TRES-3260810061215.FITS","TRES-3","downloaded","",656640,1
"2026-09-06T01:10:44.077568","TRES-3260810063316","https://mo-www.cfa.harvard.edu/ImageDirectory/TRES-3260810063316.FITS","TRES-3","downloaded","",656640,1
"2026-09-06T01:10:44.082418","TRES-3260810062715","https://mo-www.cfa.harvard.edu/ImageDirectory/TRES-3260810062715.FITS","TRES-3","downloaded","",656640,1
"2026-09-06T01:10:44.098113","TRES-3260810062416","https://mo-www.cfa.harvard.edu/ImageDirectory/TRES-3260810062416.FITS","TRES-3","downloaded","",656640,1
"2026-09-06T01:10:44.105759","TRES-3260810062117","https://mo-www.cfa.harvard.edu/ImageDirectory/TRES-3260810062117.FITS","TRES-3","downloaded","",656640,1
"2026-09-06T01:10:44.108427","TRES-3260810061816","https://mo-www.cfa.harvard.edu/ImageDirectory/TRES-3260810061816.FITS","TRES-3","downloaded","",656640,1
"2026-09-06T01:10:44.231666","TRES-3260810063616","https://mo-www.cfa.harvard.edu/ImageDirectory/TRES-3260810063616.FITS","TRES-3","downloaded","",656640,1
"2026-09-06T01:10:44.352242","TRES-3260810063915","https://mo-www.cfa.harvard.edu/ImageDirectory/TRES-3260810063915.FITS","TRES-3","downloaded","",656640,1
"2026-09-06T01:10:44.536923","TRES-3260810064215","https://mo-www.cfa.harvard.edu/ImageDirectory/TRES-3260810064215.FITS","TRES-3","downloaded","",656640,1
"2026-09-06T01:10:44.681961","TRES-3260810064516","https://mo-www.cfa.harvard.edu/ImageDirectory/TRES-3260810064516.FITS","TRES-3","downloaded","",656640,1
"2026-09-06T01:10:45.048932","TRES-3260810064816","https://mo-www.cfa.harvard.edu/ImageDirectory/TRES-3260810064816.FITS","TRES-3","downloaded","",656640,1
"2026-09-06T01:10:45.065438","TRES-3260810065115","https://mo-www.cfa.harvard.edu/ImageDirectory/TRES-3260810065115.FITS","TRES-3","downloaded","",656640,1
"2026-09-06T01:10:45.528002","TRES-3260810065415","https://mo-www.cfa.harvard.edu/ImageDirectory/TRES-3260810065415.FITS","TRES-3","downloaded","",656640,1
"2026-09-06T01:10:45.899286","TRES-3260810070316","https://mo-www.cfa.harvard.edu/ImageDirectory/TRES-3260810070316.FITS","TRES-3","downloaded","",656640,1
"2026-09-06T01:10:46.016035","TRES-3260810065717","https://mo-www.cfa.harvard.edu/ImageDirectory/TRES-3260810065717.FITS","TRES-3","downloaded","",656640,1
"2026-09-06T01:10:46.336843","TRES-3260810070015","https://mo-www.cfa.harvard.edu/ImageDirectory/TRES-3260810070015.FITS","TRES-3","downloaded","",656640,1
"2026-09-06T01:10:46.383137","TRES-3260810071217","https://mo-www.cfa.harvard.edu/ImageDirectory/TRES-3260810071217.FITS","TRES-3","downloaded","",656640,1
"2026-09-06T01:10:46.396951","TRES-3260810070915","https://mo-www.cfa.harvard.edu/ImageDirectory/TRES-3260810070915.FITS","TRES-3","downloaded","",656640,1
"2026-09-06T01:10:46.426465","TRES-3260810070616","https://mo-www.cfa.harvard.edu/ImageDirectory/TRES-3260810070616.FITS","TRES-3","downloaded","",656640,1
"2026-09-06T01:10:46.478540","TRES-3260810071516","https://mo-www.cfa.harvard.edu/ImageDirectory/TRES-3260810071516.FITS","TRES-3","downloaded","",656640,1
"2026-09-06T01:10:46.673991","TRES-3260810073016","https://mo-www.cfa.harvard.edu/ImageDirectory/TRES-3260810073016.FITS","TRES-3","downloaded","",656640,1
"2026-09-06T01:10:46.693393","TRES-3260810072715","https://mo-www.cfa.harvard.edu/ImageDirectory/TRES-3260810072715.FITS","TRES-3","downloaded","",656640,1
"2026-09-06T01:10:46.725397","TRES-3260810073315","https://mo-www.cfa.harvard.edu/ImageDirectory/TRES-3260810073315.FITS","TRES-3","downloaded","",656640,1
"2026-09-06T01:10:46.744090","TRES-3260810072115","https://mo-www.cfa.harvard.edu/ImageDirectory/TRES-3260810072115.FITS","TRES-3","downloaded","",656640,1
"2026-09-06T01:10:46.759689","TRES-3260810071817","https://mo-www.cfa.harvard.edu/ImageDirectory/TRES-3260810071817.FITS","TRES-3","downloaded","",656640,1
"2026-09-06T01:10:46.775434","TRES-3260810072417","https://mo-www.cfa.harvard.edu/ImageDirectory/TRES-3260810072417.FITS","TRES-3","downloaded","",656640,1
"2026-09-06T01:10:46.781996","TRES-3260810073915","https://mo-www.cfa.harvard.edu/ImageDirectory/TRES-3260810073915.FITS","TRES-3","downloaded","",656640,1
"2026-09-06T01:10:46.801528","TRES-3260810074215","https://mo-www.cfa.harvard.edu/ImageDirectory/TRES-3260810074215.FITS","TRES-3","downloaded","",656640,1
"2026-09-06T01:10:47.098545","TRES-3260810074516","https://mo-www.cfa.harvard.edu/ImageDirectory/TRES-3260810074516.FITS","TRES-3","downloaded","",656640,1
"2026-09-06T01:10:47.400295","TRES-3260810075116","https://mo-www.cfa.harvard.edu/ImageDirectory/TRES-3260810075116.FITS","TRES-3","downloaded","",656640,1
"2026-09-06T01:10:47.484486","TRES-3260810074815","https://mo-www.cfa.harvard.edu/ImageDirectory/TRES-3260810074815.FITS","TRES-3","downloaded","",656640,1
"2026-09-06T01:10:47.977154","TRES-3260810075416","https://mo-www.cfa.harvard.edu/ImageDirectory/TRES-3260810075416.FITS","TRES-3","downloaded","",656640,1
"2026-09-06T01:10:48.010050","TRES-3260810073616","https://mo-www.cfa.harvard.edu/ImageDirectory/TRES-3260810073616.FITS","TRES-3","downloaded","",656640,1
"2026-09-06T01:10:48.285457","TRES-3260810075716","https://mo-www.cfa.harvard.edu/ImageDirectory/TRES-3260810075716.FITS","TRES-3","downloaded","",656640,1
"2026-09-06T01:10:48.343834","TRES-3260810080016","https://mo-www.cfa.harvard.edu/ImageDirectory/TRES-3260810080016.FITS","TRES-3","downloaded","",656640,1
"2026-09-06T01:10:48.800247","TRES-3260810080615","https://mo-www.cfa.harvard.edu/ImageDirectory/TRES-3260810080615.FITS","TRES-3","downloaded","",656640,1
"2026-09-06T01:10:48.990368","TRES-3260810080315","https://mo-www.cfa.harvard.edu/ImageDirectory/TRES-3260810080315.FITS","TRES-3","downloaded","",656640,1
"2026-09-06T01:10:49.329105","TRES-3260810081216","https://mo-www.cfa.harvard.edu/ImageDirectory/TRES-3260810081216.FITS","TRES-3","downloaded","",656640,1
"2026-09-06T01:10:49.346616","TRES-3260810081515","https://mo-www.cfa.harvard.edu/ImageDirectory/TRES-3260810081515.FITS","TRES-3","downloaded","",656640,1
"2026-09-06T01:10:49.391401","TRES-3260810082715","https://mo-www.cfa.harvard.edu/ImageDirectory/TRES-3260810082715.FITS","TRES-3","downloaded","",656640,1
"2026-09-06T01:10:49.403040","TRES-3260810082417","https://mo-www.cfa.harvard.edu/ImageDirectory/TRES-3260810082417.FITS","TRES-3","downloaded","",656640,1
"2026-09-06T01:10:49.451250","TRES-3260810083015","https://mo-www.cfa.harvard.edu/ImageDirectory/TRES-3260810083015.FITS","TRES-3","downloaded","",656640,1
"2026-09-06T01:10:49.472987","TRES-3260810081815","https://mo-www.cfa.harvard.edu/ImageDirectory/TRES-3260810081815.FITS","TRES-3","downloaded","",656640,1
"2026-09-06T01:10:49.502463","TRES-3260810082115","https://mo-www.cfa.harvard.edu/ImageDirectory/TRES-3260810082115.FITS","TRES-3","downloaded","",656640,1
"2026-09-06T01:10:49.528897","TRES-3260810083315","https://mo-www.cfa.harvard.edu/ImageDirectory/TRES-3260810083315.FITS","TRES-3","downloaded","",656640,1
"2026-09-06T01:10:49.544484","TRES-3260810083916","https://mo-www.cfa.harvard.edu/ImageDirectory/TRES-3260810083916.FITS","TRES-3","downloaded","",656640,1
"2026-09-06T01:10:49.544712","TRES-3260810080915","https://mo-www.cfa.harvard.edu/ImageDirectory/TRES-3260810080915.FITS","TRES-3","downloaded","",656640,1
"2026-09-06T01:10:49.578573","TRES-3260810084215","https://mo-www.cfa.harvard.edu/ImageDirectory/TRES-3260810084215.FITS","TRES-3","downloaded","",656640,1
"2026-09-06T01:10:49.740565","TRES-3260810084816","https://mo-www.cfa.harvard.edu/ImageDirectory/TRES-3260810084816.FITS","TRES-3","downloaded","",656640,1
"2026-09-06T01:10:49.759397","TRES-3260810083615","https://mo-www.cfa.harvard.edu/ImageDirectory/TRES-3260810083615.FITS","TRES-3","downloaded","",656640,1
"2026-09-06T01:10:49.924215","TRES-3260810084516","https://mo-www.cfa.harvard.edu/ImageDirectory/TRES-3260810084516.FITS","TRES-3","downloaded","",656640,1
"2026-09-06T01:10:50.409165","TRES-3260810085416","https://mo-www.cfa.harvard.edu/ImageDirectory/TRES-3260810085416.FITS","TRES-3","downloaded","",656640,1
"2026-09-06T01:10:50.445838","TRES-3260810085117","https://mo-www.cfa.harvard.edu/ImageDirectory/TRES-3260810085117.FITS","TRES-3","downloaded","",656640,1
"2026-09-06T01:10:50.745332","TRES-3260810085717","https://mo-www.cfa.harvard.edu/ImageDirectory/TRES-3260810085717.FITS","TRES-3","downloaded","",656640,1
"2026-09-06T01:10:50.795759","TRES-3260810090015","https://mo-www.cfa.harvard.edu/ImageDirectory/TRES-3260810090015.FITS","TRES-3","downloaded","",656640,1
"2026-09-06T01:10:51.418383","TRES-3260810091249","https://mo-www.cfa.harvard.edu/ImageDirectory/TRES-3260810091249.FITS","TRES-3","downloaded","",656640,1
"2026-09-06T01:10:51.438021","TRES-3260810090708","https://mo-www.cfa.harvard.edu/ImageDirectory/TRES-3260810090708.FITS","TRES-3","downloaded","",656640,1
"2026-09-06T01:10:51.772061","TRES-3260810092014","https://mo-www.cfa.harvard.edu/ImageDirectory/TRES-3260810092014.FITS","TRES-3","downloaded","",656640,1
"2026-09-06T01:10:51.823122","TRES-3260810091436","https://mo-www.cfa.harvard.edu/ImageDirectory/TRES-3260810091436.FITS","TRES-3","downloaded","",656640,1
"2026-09-06T01:10:51.841645","TRES-3260810092552","https://mo-www.cfa.harvard.edu/ImageDirectory/TRES-3260810092552.FITS","TRES-3","downloaded","",656640,1
"2026-09-06T01:10:51.933167","TRES-3260810094042","https://mo-www.cfa.harvard.edu/ImageDirectory/TRES-3260810094042.FITS","TRES-3","downloaded","",656640,1
"2026-09-06T01:10:51.975851","TRES-3260810093856","https://mo-www.cfa.harvard.edu/ImageDirectory/TRES-3260810093856.FITS","TRES-3","downloaded","",656640,1
"2026-09-06T01:10:51.990123","TRES-3260810095534","https://mo-www.cfa.harvard.edu/ImageDirectory/TRES-3260810095534.FITS","TRES-3","downloaded","",656640,1
"2026-09-06T01:10:52.008946","TRES-3260810094809","https://mo-www.cfa.harvard.edu/ImageDirectory/TRES-3260810094809.FITS","TRES-3","downloaded","",656640,1
"2026-09-06T01:10:52.014135","TRES-3260814041319","https://mo-www.cfa.harvard.edu/ImageDirectory/TRES-3260814041319.FITS","TRES-3","downloaded","",656640,1
"2026-09-06T01:10:52.014609","TRES-3260814040928","https://mo-www.cfa.harvard.edu/ImageDirectory/TRES-3260814040928.FITS","TRES-3","downloaded","",656640,1
"2026-09-06T01:10:52.027012","TRES-3260810093318","https://mo-www.cfa.harvard.edu/ImageDirectory/TRES-3260810093318.FITS","TRES-3","downloaded","",656640,1
"2026-09-06T01:10:52.057466","TRES-3260810094956","https://mo-www.cfa.harvard.edu/ImageDirectory/TRES-3260810094956.FITS","TRES-3","downloaded","",656640,1
"2026-09-06T01:10:52.078168","TRES-3260814041712","https://mo-www.cfa.harvard.edu/ImageDirectory/TRES-3260814041712.FITS","TRES-3","downloaded","",656640,1
"2026-09-06T01:10:52.090993","TRES-3260814041858","https://mo-www.cfa.harvard.edu/ImageDirectory/TRES-3260814041858.FITS","TRES-3","downloaded","",656640,1
"2026-09-06T01:10:52.236627","TRES-3260814042116","https://mo-www.cfa.harvard.edu/ImageDirectory/TRES-3260814042116.FITS","TRES-3","downloaded","",656640,1
"2026-09-06T01:10:52.795356","TRES-3260814042716","https://mo-www.cfa.harvard.edu/ImageDirectory/TRES-3260814042716.FITS","TRES-3","downloaded","",656640,1
"2026-09-06T01:10:52.833873","TRES-3260814042416","https://mo-www.cfa.harvard.edu/ImageDirectory/TRES-3260814042416.FITS","TRES-3","downloaded","",656640,1
"2026-09-06T01:10:53.188088","TRES-3260814043317","https://mo-www.cfa.harvard.edu/ImageDirectory/TRES-3260814043317.FITS","TRES-3","downloaded","",656640,1
"2026-09-06T01:10:53.198977","TRES-3260814043015","https://mo-www.cfa.harvard.edu/ImageDirectory/TRES-3260814043015.FITS","TRES-3","downloaded","",656640,1
"2026-09-06T01:10:53.830603","TRES-3260814043917","https://mo-www.cfa.harvard.edu/ImageDirectory/TRES-3260814043917.FITS","TRES-3","downloaded","",656640,1
"2026-09-06T01:10:53.909084","TRES-3260814043615","https://mo-www.cfa.harvard.edu/ImageDirectory/TRES-3260814043615.FITS","TRES-3","downloaded","",656640,1
"2026-09-06T01:10:54.563159","TRES-3260814044216","https://mo-www.cfa.harvard.edu/ImageDirectory/TRES-3260814044216.FITS","TRES-3","downloaded","",656640,1
"2026-09-06T01:10:54.660384","TRES-3260814044517","https://mo-www.cfa.harvard.edu/ImageDirectory/TRES-3260814044517.FITS","TRES-3","downloaded","",656640,1
"2026-09-06T01:10:54.669670","TRES-3260814044816","https://mo-www.cfa.harvard.edu/ImageDirectory/TRES-3260814044816.FITS","TRES-3","downloaded","",656640,1
"2026-09-06T01:10:54.734237","TRES-3260814045417","https://mo-www.cfa.harvard.edu/ImageDirectory/TRES-3260814045417.FITS","TRES-3","downloaded","",656640,1
"2026-09-06T01:10:54.780121","TRES-3260814045116","https://mo-www.cfa.harvard.edu/ImageDirectory/TRES-3260814045116.FITS","TRES-3","downloaded","",656640,1
"2026-09-06T01:10:54.802655","TRES-3260814050916","https://mo-www.cfa.harvard.edu/ImageDirectory/TRES-3260814050916.FITS","TRES-3","downloaded","",656640,1
"2026-09-06T01:10:54.905069","TRES-3260814051817","https://mo-www.cfa.harvard.edu/ImageDirectory/TRES-3260814051817.FITS","TRES-3","downloaded","",656640,1
"2026-09-06T01:10:54.915309","TRES-3260814051517","https://mo-www.cfa.harvard.edu/ImageDirectory/TRES-3260814051517.FITS","TRES-3","downloaded","",656640,1
"2026-09-06T01:10:54.921896","TRES-3260814050315","https://mo-www.cfa.harvard.edu/ImageDirectory/TRES-3260814050315.FITS","TRES-3","downloaded","",656640,1
"2026-09-06T01:10:54.931100","TRES-3260814050616","https://mo-www.cfa.harvard.edu/ImageDirectory/TRES-3260814050616.FITS","TRES-3","downloaded","",656640,1
"2026-09-06T01:10:54.948439","TRES-3260814045716","https://mo-www.cfa.harvard.edu/ImageDirectory/TRES-3260814045716.FITS","TRES-3","downloaded","",656640,1
"2026-09-06T01:10:54.962317","TRES-3260814050017","https://mo-www.cfa.harvard.edu/ImageDirectory/TRES-3260814050017.FITS","TRES-3","downloaded","",656640,1
"2026-09-06T01:10:54.970693","TRES-3260814051216","https://mo-www.cfa.harvard.edu/ImageDirectory/TRES-3260814051216.FITS","TRES-3","downloaded","",656640,1
"2026-09-06T01:10:54.970886","TRES-3260814052116","https://mo-www.cfa.harvard.edu/ImageDirectory/TRES-3260814052116.FITS","TRES-3","downloaded","",656640,1
"2026-09-06T01:10:55.168019","TRES-3260814052416","https://mo-www.cfa.harvard.edu/ImageDirectory/TRES-3260814052416.FITS","TRES-3","downloaded","",656640,1
"2026-09-06T01:10:55.204835","TRES-3260814052717","https://mo-www.cfa.harvard.edu/ImageDirectory/TRES-3260814052717.FITS","TRES-3","downloaded","",656640,1
"2026-09-06T01:10:55.666639","TRES-3260814053017","https://mo-www.cfa.harvard.edu/ImageDirectory/TRES-3260814053017.FITS","TRES-3","downloaded","",656640,1
"2026-09-06T01:10:55.673642","TRES-3260814053317","https://mo-www.cfa.harvard.edu/ImageDirectory/TRES-3260814053317.FITS","TRES-3","downloaded","",656640,1
"2026-09-06T01:10:56.472871","TRES-3260814053616","https://mo-www.cfa.harvard.edu/ImageDirectory/TRES-3260814053616.FITS","TRES-3","downloaded","",656640,1
"2026-09-06T01:10:56.976850","TRES-3260814054517","https://mo-www.cfa.harvard.edu/ImageDirectory/TRES-3260814054517.FITS","TRES-3","downloaded","",656640,1
"2026-09-06T01:10:57.078213","TRES-3260814054217","https://mo-www.cfa.harvard.edu/ImageDirectory/TRES-3260814054217.FITS","TRES-3","downloaded","",656640,1
"2026-09-06T01:10:57.085311","TRES-3260814054816","https://mo-www.cfa.harvard.edu/ImageDirectory/TRES-3260814054816.FITS","TRES-3","downloaded","",656640,1
"2026-09-06T01:10:57.127833","TRES-3260814053916","https://mo-www.cfa.harvard.edu/ImageDirectory/TRES-3260814053916.FITS","TRES-3","downloaded","",656640,1
"2026-09-06T01:10:57.220121","TRES-3260814061216","https://mo-www.cfa.harvard.edu/ImageDirectory/TRES-3260814061216.FITS","TRES-3","downloaded","",656640,1
"2026-09-06T01:10:57.232376","TRES-3260814055417","https://mo-www.cfa.harvard.edu/ImageDirectory/TRES-3260814055417.FITS","TRES-3","downloaded","",656640,1
"2026-09-06T01:10:57.234384","TRES-3260814055117","https://mo-www.cfa.harvard.edu/ImageDirectory/TRES-3260814055117.FITS","TRES-3","downloaded","",656640,1
"2026-09-06T01:10:57.289332","TRES-3260814055716","https://mo-www.cfa.harvard.edu/ImageDirectory/TRES-3260814055716.FITS","TRES-3","downloaded","",656640,1
"2026-09-06T01:10:57.429575","TRES-3260814062116","https://mo-www.cfa.harvard.edu/ImageDirectory/TRES-3260814062116.FITS","TRES-3","downloaded","",656640,1
"2026-09-06T01:10:57.454349","TRES-3260814060616","https://mo-www.cfa.harvard.edu/ImageDirectory/TRES-3260814060616.FITS","TRES-3","downloaded","",656640,1
"2026-09-06T01:10:57.474507","TRES-3260814060916","https://mo-www.cfa.harvard.edu/ImageDirectory/TRES-3260814060916.FITS","TRES-3","downloaded","",656640,1
"2026-09-06T01:10:57.494763","TRES-3260814060316","https://mo-www.cfa.harvard.edu/ImageDirectory/TRES-3260814060316.FITS","TRES-3","downloaded","",656640,1
"2026-09-06T01:10:57.495111","TRES-3260814060017","https://mo-www.cfa.harvard.edu/ImageDirectory/TRES-3260814060017.FITS","TRES-3","downloaded","",656640,1
"2026-09-06T01:10:57.529577","TRES-3260814062416","https://mo-www.cfa.harvard.edu/ImageDirectory/TRES-3260814062416.FITS","TRES-3","downloaded","",656640,1
"2026-09-06T01:10:57.543970","TRES-3260814061816","https://mo-www.cfa.harvard.edu/ImageDirectory/TRES-3260814061816.FITS","TRES-3","downloaded","",656640,1
"2026-09-06T01:10:57.552961","TRES-3260814061516","https://mo-www.cfa.harvard.edu/ImageDirectory/TRES-3260814061516.FITS","TRES-3","downloaded","",656640,1
"2026-09-06T01:10:57.554651","TRES-3260814062715","https://mo-www.cfa.harvard.edu/ImageDirectory/TRES-3260814062715.FITS","TRES-3","downloaded","",656640,1
"2026-09-06T01:10:58.033247","TRES-3260814063316","https://mo-www.cfa.harvard.edu/ImageDirectory/TRES-3260814063316.FITS","TRES-3","downloaded","",656640,1
"2026-09-06T01:10:58.036289","TRES-3260814063016","https://mo-www.cfa.harvard.edu/ImageDirectory/TRES-3260814063016.FITS","TRES-3","downloaded","",656640,1
"2026-09-06T01:10:58.950729","TRES-3260814063616","https://mo-www.cfa.harvard.edu/ImageDirectory/TRES-3260814063616.FITS","TRES-3","downloaded","",656640,1
"2026-09-06T01:10:59.613165","TRES-3260814063916","https://mo-www.cfa.harvard.edu/ImageDirectory/TRES-3260814063916.FITS","TRES-3","downloaded","",656640,1
"2026-09-06T01:10:59.759968","TRES-3260827053937","https://mo-www.cfa.harvard.edu/ImageDirectory/TRES-3260827053937.FITS","TRES-3","downloaded","",656640,1
"2026-09-06T01:10:59.869722","TRES-3260827055716","https://mo-www.cfa.harvard.edu/ImageDirectory/TRES-3260827055716.FITS","TRES-3","downloaded","",656640,1
"2026-09-06T01:10:59.886083","TRES-3260827054215","https://mo-www.cfa.harvard.edu/ImageDirectory/TRES-3260827054215.FITS","TRES-3","downloaded","",656640,1
"2026-09-06T01:10:59.893591","TRES-3260827055115","https://mo-www.cfa.harvard.edu/ImageDirectory/TRES-3260827055115.FITS","TRES-3","downloaded","",656640,1
"2026-09-06T01:10:59.931203","TRES-3260827054816","https://mo-www.cfa.harvard.edu/ImageDirectory/TRES-3260827054816.FITS","TRES-3","downloaded","",656640,1
"2026-09-06T01:10:59.997662","TRES-3260827055415","https://mo-www.cfa.harvard.edu/ImageDirectory/TRES-3260827055415.FITS","TRES-3","downloaded","",656640,1
"2026-09-06T01:11:00.053639","TRES-3260827054515","https://mo-www.cfa.harvard.edu/ImageDirectory/TRES-3260827054515.FITS","TRES-3","downloaded","",656640,1
"2026-09-06T01:11:00.184899","TRES-3260827060015","https://mo-www.cfa.harvard.edu/ImageDirectory/TRES-3260827060015.FITS","TRES-3","downloaded","",656640,1
"2026-09-06T01:11:00.185682","TRES-3260827062415","https://mo-www.cfa.harvard.edu/ImageDirectory/TRES-3260827062415.FITS","TRES-3","downloaded","",656640,1
"2026-09-06T01:11:00.219207","TRES-3260827061815","https://mo-www.cfa.harvard.edu/ImageDirectory/TRES-3260827061815.FITS","TRES-3","downloaded","",656640,1
"2026-09-06T01:11:00.229977","TRES-3260827060915","https://mo-www.cfa.harvard.edu/ImageDirectory/TRES-3260827060915.FITS","TRES-3","downloaded","",656640,1
"2026-09-06T01:11:00.242125","TRES-3260827060315","https://mo-www.cfa.harvard.edu/ImageDirectory/TRES-3260827060315.FITS","TRES-3","downloaded","",656640,1
"2026-09-06T01:11:00.246832","TRES-3260827061215","https://mo-www.cfa.harvard.edu/ImageDirectory/TRES-3260827061215.FITS","TRES-3","downloaded","",656640,1
"2026-09-06T01:11:00.261476","TRES-3260827060616","https://mo-www.cfa.harvard.edu/ImageDirectory/TRES-3260827060616.FITS","TRES-3","downloaded","",656640,1
"2026-09-06T01:11:00.262472","TRES-3260827062115","https://mo-www.cfa.harvard.edu/ImageDirectory/TRES-3260827062115.FITS","TRES-3","downloaded","",656640,1
"2026-09-06T01:11:00.283397","TRES-3260827061515","https://mo-www.cfa.harvard.edu/ImageDirectory/TRES-3260827061515.FITS","TRES-3","downloaded","",656640,1
"2026-09-06T01:11:00.445549","TRES-3260827063015","https://mo-www.cfa.harvard.edu/ImageDirectory/TRES-3260827063015.FITS","TRES-3","downloaded","",656640,1
"2026-09-06T01:11:00.504634","TRES-3260827062716","https://mo-www.cfa.harvard.edu/ImageDirectory/TRES-3260827062716.FITS","TRES-3","downloaded","",656640,1
"2026-09-06T01:11:01.373372","TRES-3260827063315","https://mo-www.cfa.harvard.edu/ImageDirectory/TRES-3260827063315.FITS","TRES-3","downloaded","",656640,1
"2026-09-06T01:11:02.133044","TRES-3260827063615","https://mo-www.cfa.harvard.edu/ImageDirectory/TRES-3260827063615.FITS","TRES-3","downloaded","",656640,1
"2026-09-06T01:11:02.234557","TRES-3260827064515","https://mo-www.cfa.harvard.edu/ImageDirectory/TRES-3260827064515.FITS","TRES-3","downloaded","",656640,1
"2026-09-06T01:11:02.241138","TRES-3260827064215","https://mo-www.cfa.harvard.edu/ImageDirectory/TRES-3260827064215.FITS","TRES-3","downloaded","",656640,1
"2026-09-06T01:11:02.328864","TRES-3260827065416","https://mo-www.cfa.harvard.edu/ImageDirectory/TRES-3260827065416.FITS","TRES-3","downloaded","",656640,1
"2026-09-06T01:11:02.348852","TRES-3260827064815","https://mo-www.cfa.harvard.edu/ImageDirectory/TRES-3260827064815.FITS","TRES-3","downloaded","",656640,1
"2026-09-06T01:11:02.399079","TRES-3260827065116","https://mo-www.cfa.harvard.edu/ImageDirectory/TRES-3260827065116.FITS","TRES-3","downloaded","",656640,1
"2026-09-06T01:11:02.607784","TRES-3260827070015","https://mo-www.cfa.harvard.edu/ImageDirectory/TRES-3260827070015.FITS","TRES-3","downloaded","",656640,1
"2026-09-06T01:11:02.670492","TRES-3260827065715","https://mo-www.cfa.harvard.edu/ImageDirectory/TRES-3260827065715.FITS","TRES-3","downloaded","",656640,1
"2026-09-06T01:11:02.672859","TRES-3260827070916","https://mo-www.cfa.harvard.edu/ImageDirectory/TRES-3260827070916.FITS","TRES-3","downloaded","",656640,1
"2026-09-06T01:11:02.770987","TRES-3260827063915","https://mo-www.cfa.harvard.edu/ImageDirectory/TRES-3260827063915.FITS","TRES-3","downloaded","",656640,1
"2026-09-06T01:11:02.831375","TRES-3260827072416","https://mo-www.cfa.harvard.edu/ImageDirectory/TRES-3260827072416.FITS","TRES-3","downloaded","",656640,1
"2026-09-06T01:11:02.854140","TRES-3260827072115","https://mo-www.cfa.harvard.edu/ImageDirectory/TRES-3260827072115.FITS","TRES-3","downloaded","",656640,1
"2026-09-06T01:11:02.856015","TRES-3260827071215","https://mo-www.cfa.harvard.edu/ImageDirectory/TRES-3260827071215.FITS","TRES-3","downloaded","",656640,1
"2026-09-06T01:11:02.875824","TRES-3260827071816","https://mo-www.cfa.harvard.edu/ImageDirectory/TRES-3260827071816.FITS","TRES-3","downloaded","",656640,1
"2026-09-06T01:11:02.882049","TRES-3260827070315","https://mo-www.cfa.harvard.edu/ImageDirectory/TRES-3260827070315.FITS","TRES-3","downloaded","",656640,1
"2026-09-06T01:11:02.897266","TRES-3260827073015","https://mo-www.cfa.harvard.edu/ImageDirectory/TRES-3260827073015.FITS","TRES-3","downloaded","",656640,1
"2026-09-06T01:11:02.899367","TRES-3260827071516","https://mo-www.cfa.harvard.edu/ImageDirectory/TRES-3260827071516.FITS","TRES-3","downloaded","",656640,1
"2026-09-06T01:11:02.906953","TRES-3260827070615","https://mo-www.cfa.harvard.edu/ImageDirectory/TRES-3260827070615.FITS","TRES-3","downloaded","",656640,1
"2026-09-06T01:11:02.946575","TRES-3260827072715","https://mo-www.cfa.harvard.edu/ImageDirectory/TRES-3260827072715.FITS","TRES-3","downloaded","",656640,1
"2026-09-06T01:11:03.822544","TRES-3260827073315","https://mo-www.cfa.harvard.edu/ImageDirectory/TRES-3260827073315.FITS","TRES-3","downloaded","",656640,1
"2026-09-06T01:11:04.609039","TRES-3260827073616","https://mo-www.cfa.harvard.edu/ImageDirectory/TRES-3260827073616.FITS","TRES-3","downloaded","",656640,1
"2026-09-06T01:11:04.675581","TRES-3260827073916","https://mo-www.cfa.harvard.edu/ImageDirectory/TRES-3260827073916.FITS","TRES-3","downloaded","",656640,1
"2026-09-06T01:11:04.766274","TRES-3260827074215","https://mo-www.cfa.harvard.edu/ImageDirectory/TRES-3260827074215.FITS","TRES-3","downloaded","",656640,1
"2026-09-06T01:11:04.813567","TRES-3260827075115","https://mo-www.cfa.harvard.edu/ImageDirectory/TRES-3260827075115.FITS","TRES-3","downloaded","",656640,1
"2026-09-06T01:11:04.851624","TRES-3260827074516","https://mo-www.cfa.harvard.edu/ImageDirectory/TRES-3260827074516.FITS","TRES-3","downloaded","",656640,1
"2026-09-06T01:11:04.868864","TRES-3260827075415","https://mo-www.cfa.harvard.edu/ImageDirectory/TRES-3260827075415.FITS","TRES-3","downloaded","",656640,1
"2026-09-06T01:11:04.933466","TRES-3260827074816","https://mo-www.cfa.harvard.edu/ImageDirectory/TRES-3260827074816.FITS","TRES-3","downloaded","",656640,1
"2026-09-06T01:11:05.122078","TRES-3260827075716","https://mo-www.cfa.harvard.edu/ImageDirectory/TRES-3260827075716.FITS","TRES-3","downloaded","",656640,1
"2026-09-06T01:11:05.161717","TRES-3260827080016","https://mo-www.cfa.harvard.edu/ImageDirectory/TRES-3260827080016.FITS","TRES-3","downloaded","",656640,1
"2026-09-06T01:11:05.231022","TRES-3260827080316","https://mo-www.cfa.harvard.edu/ImageDirectory/TRES-3260827080316.FITS","TRES-3","downloaded","",656640,1
"2026-09-06T01:11:05.238536","TRES-3260827081515","https://mo-www.cfa.harvard.edu/ImageDirectory/TRES-3260827081515.FITS","TRES-3","downloaded","",656640,1
"2026-09-06T01:11:05.260310","TRES-3260827080615","https://mo-www.cfa.harvard.edu/ImageDirectory/TRES-3260827080615.FITS","TRES-3","downloaded","",656640,1
"2026-09-06T01:11:05.264185","TRES-3260827081216","https://mo-www.cfa.harvard.edu/ImageDirectory/TRES-3260827081216.FITS","TRES-3","downloaded","",656640,1
"2026-09-06T01:11:05.281082","TRES-3260827082716","https://mo-www.cfa.harvard.edu/ImageDirectory/TRES-3260827082716.FITS","TRES-3","downloaded","",656640,1
"2026-09-06T01:11:05.283105","TRES-3260827083015","https://mo-www.cfa.harvard.edu/ImageDirectory/TRES-3260827083015.FITS","TRES-3","downloaded","",656640,1
"2026-09-06T01:11:05.392718","TRES-3260827082115","https://mo-www.cfa.harvard.edu/ImageDirectory/TRES-3260827082115.FITS","TRES-3","downloaded","",656640,1
"2026-09-06T01:11:05.439460","TRES-3260827080915","https://mo-www.cfa.harvard.edu/ImageDirectory/TRES-3260827080915.FITS","TRES-3","downloaded","",656640,1
"2026-09-06T01:11:07.044852","TRES-3260827083616","https://mo-www.cfa.harvard.edu/ImageDirectory/TRES-3260827083616.FITS","TRES-3","downloaded","",656640,1
"2026-09-06T01:11:07.138341","TRES-3260827083915","https://mo-www.cfa.harvard.edu/ImageDirectory/TRES-3260827083915.FITS","TRES-3","downloaded","",656640,1
"2026-09-06T01:11:07.183173","TRES-3260827084816","https://mo-www.cfa.harvard.edu/ImageDirectory/TRES-3260827084816.FITS","TRES-3","downloaded","",656640,1
"2026-09-06T01:11:07.217397","TRES-3260827085115","https://mo-www.cfa.harvard.edu/ImageDirectory/TRES-3260827085115.FITS","TRES-3","downloaded","",656640,1
"2026-09-06T01:11:07.219615","TRES-3260827085415","https://mo-www.cfa.harvard.edu/ImageDirectory/TRES-3260827085415.FITS","TRES-3","downloaded","",656640,1
"2026-09-06T01:11:07.228486","TRES-3260827084515","https://mo-www.cfa.harvard.edu/ImageDirectory/TRES-3260827084515.FITS","TRES-3","downloaded","",656640,1
"2026-09-06T01:11:07.364947","TRES-3260827090316","https://mo-www.cfa.harvard.edu/ImageDirectory/TRES-3260827090316.FITS","TRES-3","downloaded","",656640,1
"2026-09-06T01:11:07.460905","TRES-3260827090617","https://mo-www.cfa.harvard.edu/ImageDirectory/TRES-3260827090617.FITS","TRES-3","downloaded","",656640,1
"2026-09-06T01:11:07.461028","TRES-3260827090015","https://mo-www.cfa.harvard.edu/ImageDirectory/TRES-3260827090015.FITS","TRES-3","downloaded","",656640,1
"2026-09-06T01:11:07.467889","TRES-3260827085715","https://mo-www.cfa.harvard.edu/ImageDirectory/TRES-3260827085715.FITS","TRES-3","downloaded","",656640,1
"2026-09-06T01:11:07.487492","TRES-3260831035416","https://mo-www.cfa.harvard.edu/ImageDirectory/TRES-3260831035416.FITS","TRES-3","downloaded","",656640,1
"2026-09-06T01:11:07.497419","TRES-3260831035040","https://mo-www.cfa.harvard.edu/ImageDirectory/TRES-3260831035040.FITS","TRES-3","downloaded","",656640,1
"2026-09-06T01:11:07.499618","TRES-3260831034710","https://mo-www.cfa.harvard.edu/ImageDirectory/TRES-3260831034710.FITS","TRES-3","downloaded","",656640,1
"2026-09-06T01:11:07.724506","TRES-3260831035224","https://mo-www.cfa.harvard.edu/ImageDirectory/TRES-3260831035224.FITS","TRES-3","downloaded","",656640,1
"2026-09-06T01:11:07.814482","TRES-3260831035715","https://mo-www.cfa.harvard.edu/ImageDirectory/TRES-3260831035715.FITS","TRES-3","downloaded","",656640,1
"2026-09-06T01:11:09.323716","TRES-3260831040015","https://mo-www.cfa.harvard.edu/ImageDirectory/TRES-3260831040015.FITS","TRES-3","downloaded","",656640,1
"2026-09-06T01:11:09.426132","TRES-3260831040916","https://mo-www.cfa.harvard.edu/ImageDirectory/TRES-3260831040916.FITS","TRES-3","downloaded","",656640,1
"2026-09-06T01:11:09.473751","TRES-3260831040315","https://mo-www.cfa.harvard.edu/ImageDirectory/TRES-3260831040315.FITS","TRES-3","downloaded","",656640,1
"2026-09-06T01:11:09.596109","TRES-3260831040615","https://mo-www.cfa.harvard.edu/ImageDirectory/TRES-3260831040615.FITS","TRES-3","downloaded","",656640,1
"2026-09-06T01:11:09.634406","TRES-3260831041816","https://mo-www.cfa.harvard.edu/ImageDirectory/TRES-3260831041816.FITS","TRES-3","downloaded","",656640,1
"2026-09-06T01:11:09.877690","TRES-3260831043616","https://mo-www.cfa.harvard.edu/ImageDirectory/TRES-3260831043616.FITS","TRES-3","downloaded","",656640,1
"2026-09-06T01:11:09.887177","TRES-3260831042115","https://mo-www.cfa.harvard.edu/ImageDirectory/TRES-3260831042115.FITS","TRES-3","downloaded","",656640,1
"2026-09-06T01:11:09.927572","TRES-3260831043315","https://mo-www.cfa.harvard.edu/ImageDirectory/TRES-3260831043315.FITS","TRES-3","downloaded","",656640,1
"2026-09-06T01:11:09.947086","TRES-3260831042715","https://mo-www.cfa.harvard.edu/ImageDirectory/TRES-3260831042715.FITS","TRES-3","downloaded","",656640,1
"2026-09-06T01:11:09.957752","TRES-3260831043015","https://mo-www.cfa.harvard.edu/ImageDirectory/TRES-3260831043015.FITS","TRES-3","downloaded","",656640,1
"2026-09-06T01:11:09.965619","TRES-3260831043917","https://mo-www.cfa.harvard.edu/ImageDirectory/TRES-3260831043917.FITS","TRES-3","downloaded","",656640,1
"2026-09-06T01:11:10.089529","TRES-3260831044215","https://mo-www.cfa.harvard.edu/ImageDirectory/TRES-3260831044215.FITS","TRES-3","downloaded","",656640,1
"2026-09-06T01:11:11.737070","TRES-3260831044516","https://mo-www.cfa.harvard.edu/ImageDirectory/TRES-3260831044516.FITS","TRES-3","downloaded","",656640,1
"2026-09-06T01:11:11.741257","TRES-3260831044816","https://mo-www.cfa.harvard.edu/ImageDirectory/TRES-3260831044816.FITS","TRES-3","downloaded","",656640,1
"2026-09-06T01:11:11.804692","TRES-3260831045415","https://mo-www.cfa.harvard.edu/ImageDirectory/TRES-3260831045415.FITS","TRES-3","downloaded","",656640,1
"2026-09-06T01:11:11.805133","TRES-3260831045115","https://mo-www.cfa.harvard.edu/ImageDirectory/TRES-3260831045115.FITS","TRES-3","downloaded","",656640,1
"2026-09-06T01:11:11.937618","TRES-3260831045716","https://mo-www.cfa.harvard.edu/ImageDirectory/TRES-3260831045716.FITS","TRES-3","downloaded","",656640,1
"2026-09-06T01:11:12.118239","TRES-3260831050315","https://mo-www.cfa.harvard.edu/ImageDirectory/TRES-3260831050315.FITS","TRES-3","downloaded","",656640,1
"2026-09-06T01:11:12.128990","TRES-3260831050915","https://mo-www.cfa.harvard.edu/ImageDirectory/TRES-3260831050915.FITS","TRES-3","downloaded","",656640,1
"2026-09-06T01:11:12.227473","TRES-3260831051216","https://mo-www.cfa.harvard.edu/ImageDirectory/TRES-3260831051216.FITS","TRES-3","downloaded","",656640,1
"2026-09-06T01:11:12.274433","TRES-3260831051515","https://mo-www.cfa.harvard.edu/ImageDirectory/TRES-3260831051515.FITS","TRES-3","downloaded","",656640,1
"2026-09-06T01:11:12.318583","TRES-3260831050615","https://mo-www.cfa.harvard.edu/ImageDirectory/TRES-3260831050615.FITS","TRES-3","downloaded","",656640,1
"2026-09-06T01:11:12.326368","TRES-3260831051816","https://mo-www.cfa.harvard.edu/ImageDirectory/TRES-3260831051816.FITS","TRES-3","downloaded","",656640,1
"2026-09-06T01:11:13.985604","TRES-3260831052416","https://mo-www.cfa.harvard.edu/ImageDirectory/TRES-3260831052416.FITS","TRES-3","downloaded","",656640,1
"2026-09-06T01:11:14.076089","TRES-3260831052116","https://mo-www.cfa.harvard.edu/ImageDirectory/TRES-3260831052116.FITS","TRES-3","downloaded","",656640,1
"2026-09-06T01:11:14.078907","TRES-3260831052715","https://mo-www.cfa.harvard.edu/ImageDirectory/TRES-3260831052715.FITS","TRES-3","downloaded","",656640,1
"2026-09-06T01:11:14.080308","TRES-3260831053016","https://mo-www.cfa.harvard.edu/ImageDirectory/TRES-3260831053016.FITS","TRES-3","downloaded","",656640,1
"2026-09-06T01:11:14.283184","TRES-3260831053316","https://mo-www.cfa.harvard.edu/ImageDirectory/TRES-3260831053316.FITS","TRES-3","downloaded","",656640,1
"2026-09-06T01:11:14.290483","TRES-3260831053616","https://mo-www.cfa.harvard.edu/ImageDirectory/TRES-3260831053616.FITS","TRES-3","downloaded","",656640,1
"2026-09-06T01:11:14.586539","TRES-3260831053915","https://mo-www.cfa.harvard.edu/ImageDirectory/TRES-3260831053915.FITS","TRES-3","downloaded","",656640,1
"2026-09-06T01:11:14.590789","TRES-3260831054516","https://mo-www.cfa.harvard.edu/ImageDirectory/TRES-3260831054516.FITS","TRES-3","downloaded","",656640,1
"2026-09-06T01:11:14.603027","TRES-3260831055116","https://mo-www.cfa.harvard.edu/ImageDirectory/TRES-3260831055116.FITS","TRES-3","downloaded","",656640,1
"2026-09-06T01:11:14.608171","TRES-3260831054215","https://mo-www.cfa.harvard.edu/ImageDirectory/TRES-3260831054215.FITS","TRES-3","downloaded","",656640,1
"2026-09-06T01:11:14.706257","TRES-3260831054815","https://mo-www.cfa.harvard.edu/ImageDirectory/TRES-3260831054815.FITS","TRES-3","downloaded","",656640,1
"2026-09-06T01:11:16.249554","TRES-3260831060015","https://mo-www.cfa.harvard.edu/ImageDirectory/TRES-3260831060015.FITS","TRES-3","downloaded","",656640,1
"2026-09-06T01:11:16.343185","TRES-3260831060315","https://mo-www.cfa.harvard.edu/ImageDirectory/TRES-3260831060315.FITS","TRES-3","downloaded","",656640,1
"2026-09-06T01:11:16.491844","TRES-3260831055715","https://mo-www.cfa.harvard.edu/ImageDirectory/TRES-3260831055715.FITS","TRES-3","downloaded","",656640,1
"2026-09-06T01:11:16.524643","TRES-3260831055415","https://mo-www.cfa.harvard.edu/ImageDirectory/TRES-3260831055415.FITS","TRES-3","downloaded","",656640,1
"2026-09-06T01:11:16.677636","TRES-3260831060916","https://mo-www.cfa.harvard.edu/ImageDirectory/TRES-3260831060916.FITS","TRES-3","downloaded","",656640,1
"2026-09-06T01:11:16.711805","TRES-3260831060616","https://mo-www.cfa.harvard.edu/ImageDirectory/TRES-3260831060616.FITS","TRES-3","downloaded","",656640,1
"2026-09-06T01:11:16.759688","TRES-3260831062115","https://mo-www.cfa.harvard.edu/ImageDirectory/TRES-3260831062115.FITS","TRES-3","downloaded","",656640,1
"2026-09-06T01:11:16.786654","TRES-3260831061215","https://mo-www.cfa.harvard.edu/ImageDirectory/TRES-3260831061215.FITS","TRES-3","downloaded","",656640,1
"2026-09-06T01:11:16.865050","TRES-3260831062415","https://mo-www.cfa.harvard.edu/ImageDirectory/TRES-3260831062415.FITS","TRES-3","downloaded","",656640,1
"2026-09-06T01:11:16.868392","TRES-3260831061815","https://mo-www.cfa.harvard.edu/ImageDirectory/TRES-3260831061815.FITS","TRES-3","downloaded","",656640,1
"2026-09-06T01:11:16.870356","TRES-3260831061515","https://mo-www.cfa.harvard.edu/ImageDirectory/TRES-3260831061515.FITS","TRES-3","downloaded","",656640,1
"2026-09-06T01:11:18.488824","TRES-3260831062715","https://mo-www.cfa.harvard.edu/ImageDirectory/TRES-3260831062715.FITS","TRES-3","downloaded","",656640,1
"2026-09-06T01:11:18.652168","TRES-3260831063016","https://mo-www.cfa.harvard.edu/ImageDirectory/TRES-3260831063016.FITS","TRES-3","downloaded","",656640,1
"2026-09-06T01:11:18.669033","TRES-3260831063615","https://mo-www.cfa.harvard.edu/ImageDirectory/TRES-3260831063615.FITS","TRES-3","downloaded","",656640,1
"2026-09-06T01:11:18.704045","TRES-3260831063315","https://mo-www.cfa.harvard.edu/ImageDirectory/TRES-3260831063315.FITS","TRES-3","downloaded","",656640,1
"2026-09-06T01:11:18.921178","TRES-3260831063915","https://mo-www.cfa.harvard.edu/ImageDirectory/TRES-3260831063915.FITS","TRES-3","downloaded","",656640,1
"2026-09-06T01:11:18.991720","TRES-3260831064515","https://mo-www.cfa.harvard.edu/ImageDirectory/TRES-3260831064515.FITS","TRES-3","downloaded","",656640,1
"2026-09-06T01:11:19.006970","TRES-3260831064215","https://mo-www.cfa.harvard.edu/ImageDirectory/TRES-3260831064215.FITS","TRES-3","downloaded","",656640,1
"2026-09-06T01:11:19.007327","TRES-3260831064815","https://mo-www.cfa.harvard.edu/ImageDirectory/TRES-3260831064815.FITS","TRES-3","downloaded","",656640,1
"2026-09-06T01:11:19.135951","TRES-3260831065716","https://mo-www.cfa.harvard.edu/ImageDirectory/TRES-3260831065716.FITS","TRES-3","downloaded","",656640,1
"2026-09-06T01:11:19.181734","TRES-3260831065415","https://mo-www.cfa.harvard.edu/ImageDirectory/TRES-3260831065415.FITS","TRES-3","downloaded","",656640,1
"2026-09-06T01:11:19.267534","TRES-3260831065115","https://mo-www.cfa.harvard.edu/ImageDirectory/TRES-3260831065115.FITS","TRES-3","downloaded","",656640,1
"2026-09-06T01:11:20.985182","TRES-3260831070015","https://mo-www.cfa.harvard.edu/ImageDirectory/TRES-3260831070015.FITS","TRES-3","downloaded","",656640,1
"2026-09-06T01:11:20.993082","TRES-3260831070615","https://mo-www.cfa.harvard.edu/ImageDirectory/TRES-3260831070615.FITS","TRES-3","downloaded","",656640,1
"2026-09-06T01:11:20.994849","TRES-3260831070915","https://mo-www.cfa.harvard.edu/ImageDirectory/TRES-3260831070915.FITS","TRES-3","downloaded","",656640,1
"2026-09-06T01:11:21.191884","TRES-3260831070315","https://mo-www.cfa.harvard.edu/ImageDirectory/TRES-3260831070315.FITS","TRES-3","downloaded","",656640,1
"2026-09-06T01:11:21.228803","TRES-5260817091750","https://mo-www.cfa.harvard.edu/ImageDirectory/TRES-5260817091750.FITS","TRES-5","downloaded","",656640,1
"2026-09-06T01:11:21.339501","TRES-5260817093238","https://mo-www.cfa.harvard.edu/ImageDirectory/TRES-5260817093238.FITS","TRES-5","downloaded","",656640,1
"2026-09-06T01:11:21.340022","TRES-5260817092606","https://mo-www.cfa.harvard.edu/ImageDirectory/TRES-5260817092606.FITS","TRES-5","downloaded","",656640,1
"2026-09-06T01:11:21.345008","TRES-5260817092423","https://mo-www.cfa.harvard.edu/ImageDirectory/TRES-5260817092423.FITS","TRES-5","downloaded","",656640,1
"2026-09-06T01:11:21.415187","TRES-5260817093914","https://mo-www.cfa.harvard.edu/ImageDirectory/TRES-5260817093914.FITS","TRES-5","downloaded","",656640,1
"2026-09-06T01:11:21.432707","TRES-5260817094059","https://mo-www.cfa.harvard.edu/ImageDirectory/TRES-5260817094059.FITS","TRES-5","downloaded","",656640,1
"2026-09-06T01:11:21.525837","TRES-5260817093730","https://mo-www.cfa.harvard.edu/ImageDirectory/TRES-5260817093730.FITS","TRES-5","downloaded","",656640,1
"2026-09-06T01:11:23.308811","TRES-5260817094610","https://mo-www.cfa.harvard.edu/ImageDirectory/TRES-5260817094610.FITS","TRES-5","downloaded","",656640,1
"2026-09-06T01:11:23.321517","TRES-5260817094242","https://mo-www.cfa.harvard.edu/ImageDirectory/TRES-5260817094242.FITS","TRES-5","downloaded","",656640,1
"2026-09-06T01:11:23.321903","TRES-5260817094427","https://mo-www.cfa.harvard.edu/ImageDirectory/TRES-5260817094427.FITS","TRES-5","downloaded","",656640,1
"2026-09-06T01:11:23.370494","TRES-5260817094753","https://mo-www.cfa.harvard.edu/ImageDirectory/TRES-5260817094753.FITS","TRES-5","downloaded","",656640,1
"2026-09-06T01:11:23.500892","TRES-5260817094938","https://mo-www.cfa.harvard.edu/ImageDirectory/TRES-5260817094938.FITS","TRES-5","downloaded","",656640,1
"2026-09-06T01:11:23.570456","TRES-5260817095122","https://mo-www.cfa.harvard.edu/ImageDirectory/TRES-5260817095122.FITS","TRES-5","downloaded","",656640,1
"2026-09-06T01:11:23.615909","TRES-5260817100015","https://mo-www.cfa.harvard.edu/ImageDirectory/TRES-5260817100015.FITS","TRES-5","downloaded","",656640,1
"2026-09-06T01:11:23.624534","TRES-5260817100315","https://mo-www.cfa.harvard.edu/ImageDirectory/TRES-5260817100315.FITS","TRES-5","downloaded","",656640,1
"2026-09-06T01:11:23.641233","TRES-5260817095716","https://mo-www.cfa.harvard.edu/ImageDirectory/TRES-5260817095716.FITS","TRES-5","downloaded","",656640,1
"2026-09-06T01:11:23.643393","TRES-5260817095415","https://mo-www.cfa.harvard.edu/ImageDirectory/TRES-5260817095415.FITS","TRES-5","downloaded","",656640,1
"2026-09-06T01:11:23.694230","TRES-5260817100616","https://mo-www.cfa.harvard.edu/ImageDirectory/TRES-5260817100616.FITS","TRES-5","downloaded","",656640,1
"2026-09-06T01:11:25.163649","TRES-3260827081815","https://mo-www.cfa.harvard.edu/ImageDirectory/TRES-3260827081815.FITS","TRES-3","downloaded","",656640,1
"2026-09-06T01:11:25.168658","TRES-3260827082415","https://mo-www.cfa.harvard.edu/ImageDirectory/TRES-3260827082415.FITS","TRES-3","downloaded","",656640,1
"2026-09-06T01:11:25.651107","TRES-5260817101815","https://mo-www.cfa.harvard.edu/ImageDirectory/TRES-5260817101815.FITS","TRES-5","downloaded","",656640,1
"2026-09-06T01:11:25.714302","TRES-5260817101515","https://mo-www.cfa.harvard.edu/ImageDirectory/TRES-5260817101515.FITS","TRES-5","downloaded","",656640,1
"2026-09-06T01:11:25.730569","TRES-5260817100915","https://mo-www.cfa.harvard.edu/ImageDirectory/TRES-5260817100915.FITS","TRES-5","downloaded","",656640,1
"2026-09-06T01:11:25.795001","TRES-5260817101216","https://mo-www.cfa.harvard.edu/ImageDirectory/TRES-5260817101216.FITS","TRES-5","downloaded","",656640,1
"2026-09-06T01:11:25.865908","TRES-5260817102116","https://mo-www.cfa.harvard.edu/ImageDirectory/TRES-5260817102116.FITS","TRES-5","downloaded","",656640,1
"2026-09-06T01:11:25.877664","TRES-5260817102715","https://mo-www.cfa.harvard.edu/ImageDirectory/TRES-5260817102715.FITS","TRES-5","downloaded","",656640,1
"2026-09-06T01:11:25.878182","TRES-5260817102415","https://mo-www.cfa.harvard.edu/ImageDirectory/TRES-5260817102415.FITS","TRES-5","downloaded","",656640,1
"2026-09-06T01:11:25.889976","TRES-5260817103616","https://mo-www.cfa.harvard.edu/ImageDirectory/TRES-5260817103616.FITS","TRES-5","downloaded","",656640,1
"2026-09-06T01:11:25.895554","TRES-5260817103316","https://mo-www.cfa.harvard.edu/ImageDirectory/TRES-5260817103316.FITS","TRES-5","downloaded","",656640,1
"2026-09-06T01:11:25.914912","TRES-5260817103015","https://mo-www.cfa.harvard.edu/ImageDirectory/TRES-5260817103015.FITS","TRES-5","downloaded","",656640,1
"2026-09-06T01:11:25.934669","TRES-5260817103915","https://mo-www.cfa.harvard.edu/ImageDirectory/TRES-5260817103915.FITS","TRES-5","downloaded","",656640,1
"2026-09-06T01:11:26.194332","TRES-3260827083315","https://mo-www.cfa.harvard.edu/ImageDirectory/TRES-3260827083315.FITS","TRES-3","downloaded","",656640,1
"2026-09-06T01:11:27.114515","TRES-3260827084215","https://mo-www.cfa.harvard.edu/ImageDirectory/TRES-3260827084215.FITS","TRES-3","downloaded","",656640,1
"2026-09-06T01:11:27.409440","TRES-5260817104216","https://mo-www.cfa.harvard.edu/ImageDirectory/TRES-5260817104216.FITS","TRES-5","downloaded","",656640,1
"2026-09-06T01:11:27.671047","TRES-5260817104515","https://mo-www.cfa.harvard.edu/ImageDirectory/TRES-5260817104515.FITS","TRES-5","downloaded","",656640,1
"2026-09-06T01:11:27.673343","TRES-3260831034855","https://mo-www.cfa.harvard.edu/ImageDirectory/TRES-3260831034855.FITS","TRES-3","downloaded","",656640,1
"2026-09-06T01:11:28.007445","TRES-5260817104815","https://mo-www.cfa.harvard.edu/ImageDirectory/TRES-5260817104815.FITS","TRES-5","downloaded","",656640,1
"2026-09-06T01:11:28.178918","TRES-5260817110315","https://mo-www.cfa.harvard.edu/ImageDirectory/TRES-5260817110315.FITS","TRES-5","downloaded","",656640,1
"2026-09-06T01:11:28.279195","TRES-5260817105715","https://mo-www.cfa.harvard.edu/ImageDirectory/TRES-5260817105715.FITS","TRES-5","downloaded","",656640,1
"2026-09-06T01:11:28.357879","TRES-5260817110015","https://mo-www.cfa.harvard.edu/ImageDirectory/TRES-5260817110015.FITS","TRES-5","downloaded","",656640,1
"2026-09-06T01:11:28.373244","TRES-5260817110915","https://mo-www.cfa.harvard.edu/ImageDirectory/TRES-5260817110915.FITS","TRES-5","downloaded","",656640,1
"2026-09-06T01:11:28.382848","TRES-5260817110616","https://mo-www.cfa.harvard.edu/ImageDirectory/TRES-5260817110616.FITS","TRES-5","downloaded","",656640,1
"2026-09-06T01:11:28.393374","TRES-5260817111515","https://mo-www.cfa.harvard.edu/ImageDirectory/TRES-5260817111515.FITS","TRES-5","downloaded","",656640,1
"2026-09-06T01:11:28.404619","TRES-5260817105115","https://mo-www.cfa.harvard.edu/ImageDirectory/TRES-5260817105115.FITS","TRES-5","downloaded","",656640,1
"2026-09-06T01:11:28.404906","TRES-5260817111215","https://mo-www.cfa.harvard.edu/ImageDirectory/TRES-5260817111215.FITS","TRES-5","downloaded","",656640,1
"2026-09-06T01:11:28.596178","TRES-5260817105415","https://mo-www.cfa.harvard.edu/ImageDirectory/TRES-5260817105415.FITS","TRES-5","downloaded","",656640,1
"2026-09-06T01:11:28.601342","TRES-5260817111815","https://mo-www.cfa.harvard.edu/ImageDirectory/TRES-5260817111815.FITS","TRES-5","downloaded","",656640,1
"2026-09-06T01:11:28.607427","TRES-5260817112115","https://mo-www.cfa.harvard.edu/ImageDirectory/TRES-5260817112115.FITS","TRES-5","downloaded","",656640,1
"2026-09-06T01:11:29.669880","TRES-3260831041215","https://mo-www.cfa.harvard.edu/ImageDirectory/TRES-3260831041215.FITS","TRES-3","downloaded","",656640,1
"2026-09-06T01:11:29.744545","TRES-3260831041515","https://mo-www.cfa.harvard.edu/ImageDirectory/TRES-3260831041515.FITS","TRES-3","downloaded","",656640,1
"2026-09-06T01:11:29.745216","TRES-5260817112715","https://mo-www.cfa.harvard.edu/ImageDirectory/TRES-5260817112715.FITS","TRES-5","downloaded","",656640,1
"2026-09-06T01:11:29.812480","TRES-5260817112416","https://mo-www.cfa.harvard.edu/ImageDirectory/TRES-5260817112416.FITS","TRES-5","downloaded","",656640,1
"2026-09-06T01:11:29.927360","TRES-3260831042415","https://mo-www.cfa.harvard.edu/ImageDirectory/TRES-3260831042415.FITS","TRES-3","downloaded","",656640,1
"2026-09-06T01:11:29.929886","TRES-5260817113015","https://mo-www.cfa.harvard.edu/ImageDirectory/TRES-5260817113015.FITS","TRES-5","downloaded","",656640,1
"2026-09-06T01:11:29.967154","TRES-5260817113315","https://mo-www.cfa.harvard.edu/ImageDirectory/TRES-5260817113315.FITS","TRES-5","downloaded","",656640,1
"2026-09-06T01:11:30.352591","TRES-5260817113615","https://mo-www.cfa.harvard.edu/ImageDirectory/TRES-5260817113615.FITS","TRES-5","downloaded","",656640,1
"2026-09-06T01:11:30.645477","TRES-5260817113915","https://mo-www.cfa.harvard.edu/ImageDirectory/TRES-5260817113915.FITS","TRES-5","downloaded","",656640,1
"2026-09-06T01:11:30.806020","TRES-5260817114516","https://mo-www.cfa.harvard.edu/ImageDirectory/TRES-5260817114516.FITS","TRES-5","downloaded","",656640,1
"2026-09-06T01:11:30.838055","TRES-5260817120203","https://mo-www.cfa.harvard.edu/ImageDirectory/TRES-5260817120203.FITS","TRES-5","downloaded","",656640,1
"2026-09-06T01:11:30.914499","TRES-5260817114815","https://mo-www.cfa.harvard.edu/ImageDirectory/TRES-5260817114815.FITS","TRES-5","downloaded","",656640,1
"2026-09-06T01:11:30.941975","TRES-5260817115416","https://mo-www.cfa.harvard.edu/ImageDirectory/TRES-5260817115416.FITS","TRES-5","downloaded","",656640,1
"2026-09-06T01:11:30.949486","TRES-5260817120952","https://mo-www.cfa.harvard.edu/ImageDirectory/TRES-5260817120952.FITS","TRES-5","downloaded","",656640,1
"2026-09-06T01:11:30.965157","TRES-5260817115116","https://mo-www.cfa.harvard.edu/ImageDirectory/TRES-5260817115116.FITS","TRES-5","downloaded","",656640,1
"2026-09-06T01:11:30.976365","TRES-5260817114216","https://mo-www.cfa.harvard.edu/ImageDirectory/TRES-5260817114216.FITS","TRES-5","downloaded","",656640,1
"2026-09-06T01:11:30.978685","TRES-5260817123344","https://mo-www.cfa.harvard.edu/ImageDirectory/TRES-5260817123344.FITS","TRES-5","downloaded","",656640,1
"2026-09-06T01:11:30.982056","TRES-5260817122550","https://mo-www.cfa.harvard.edu/ImageDirectory/TRES-5260817122550.FITS","TRES-5","downloaded","",656640,1
"2026-09-06T01:11:30.985249","TRES-5260817121746","https://mo-www.cfa.harvard.edu/ImageDirectory/TRES-5260817121746.FITS","TRES-5","downloaded","",656640,1
"2026-09-06T01:11:31.991172","TRES-5260817124139","https://mo-www.cfa.harvard.edu/ImageDirectory/TRES-5260817124139.FITS","TRES-5","downloaded","",656640,1
"2026-09-06T01:11:32.068205","TRES-5260817124936","https://mo-www.cfa.harvard.edu/ImageDirectory/TRES-5260817124936.FITS","TRES-5","downloaded","",656640,1
"2026-09-06T01:11:32.226224","TRES-5260817125735","https://mo-www.cfa.harvard.edu/ImageDirectory/TRES-5260817125735.FITS","TRES-5","downloaded","",656640,1
"2026-09-06T01:11:32.232921","TRES-5260817131349","https://mo-www.cfa.harvard.edu/ImageDirectory/TRES-5260817131349.FITS","TRES-5","downloaded","",656640,1
"2026-09-06T01:11:32.253137","TRES-3260831050016","https://mo-www.cfa.harvard.edu/ImageDirectory/TRES-3260831050016.FITS","TRES-3","downloaded","",656640,1
"2026-09-06T01:11:32.268741","TRES-5260817130536","https://mo-www.cfa.harvard.edu/ImageDirectory/TRES-5260817130536.FITS","TRES-5","downloaded","",656640,1
"2026-09-06T01:11:32.283855","TRES-5260817132155","https://mo-www.cfa.harvard.edu/ImageDirectory/TRES-5260817132155.FITS","TRES-5","downloaded","",656640,1
"2026-09-06T01:11:32.347881","TRES-5260817133002","https://mo-www.cfa.harvard.edu/ImageDirectory/TRES-5260817133002.FITS","TRES-5","downloaded","",656640,1
"2026-09-06T01:11:32.614559","TRES-5260817133809","https://mo-www.cfa.harvard.edu/ImageDirectory/TRES-5260817133809.FITS","TRES-5","downloaded","",656640,1
"2026-09-06T01:11:32.968951","TRES-5260817134616","https://mo-www.cfa.harvard.edu/ImageDirectory/TRES-5260817134616.FITS","TRES-5","downloaded","",656640,1
"2026-09-06T01:11:33.576367","TRES-5260820082716","https://mo-www.cfa.harvard.edu/ImageDirectory/TRES-5260820082716.FITS","TRES-5","downloaded","",656640,1
"2026-09-06T01:11:33.613707","TRES-5260817141952","https://mo-www.cfa.harvard.edu/ImageDirectory/TRES-5260817141952.FITS","TRES-5","downloaded","",656640,1
"2026-09-06T01:11:33.651713","TRES-5260820083016","https://mo-www.cfa.harvard.edu/ImageDirectory/TRES-5260820083016.FITS","TRES-5","downloaded","",656640,1
"2026-09-06T01:11:33.670960","TRES-5260817140233","https://mo-www.cfa.harvard.edu/ImageDirectory/TRES-5260817140233.FITS","TRES-5","downloaded","",656640,1
"2026-09-06T01:11:33.684845","TRES-5260820083615","https://mo-www.cfa.harvard.edu/ImageDirectory/TRES-5260820083615.FITS","TRES-5","downloaded","",656640,1
"2026-09-06T01:11:33.692866","TRES-5260820082456","https://mo-www.cfa.harvard.edu/ImageDirectory/TRES-5260820082456.FITS","TRES-5","downloaded","",656640,1
"2026-09-06T01:11:33.699489","TRES-5260817140932","https://mo-www.cfa.harvard.edu/ImageDirectory/TRES-5260817140932.FITS","TRES-5","downloaded","",656640,1
"2026-09-06T01:11:33.705495","TRES-5260817142801","https://mo-www.cfa.harvard.edu/ImageDirectory/TRES-5260817142801.FITS","TRES-5","downloaded","",656640,1
"2026-09-06T01:11:33.722998","TRES-5260817135425","https://mo-www.cfa.harvard.edu/ImageDirectory/TRES-5260817135425.FITS","TRES-5","downloaded","",656640,1
"2026-09-06T01:11:33.730342","TRES-5260817141136","https://mo-www.cfa.harvard.edu/ImageDirectory/TRES-5260817141136.FITS","TRES-5","downloaded","",656640,1
"2026-09-06T01:11:34.432802","TRES-5260820084216","https://mo-www.cfa.harvard.edu/ImageDirectory/TRES-5260820084216.FITS","TRES-5","downloaded","",656640,1
"2026-09-06T01:11:34.682056","TRES-5260820084815","https://mo-www.cfa.harvard.edu/ImageDirectory/TRES-5260820084815.FITS","TRES-5","downloaded","",656640,1
"2026-09-06T01:11:34.712280","TRES-5260820084515","https://mo-www.cfa.harvard.edu/ImageDirectory/TRES-5260820084515.FITS","TRES-5","downloaded","",656640,1
"2026-09-06T01:11:34.721759","TRES-5260820085416","https://mo-www.cfa.harvard.edu/ImageDirectory/TRES-5260820085416.FITS","TRES-5","downloaded","",656640,1
"2026-09-06T01:11:34.759012","TRES-5260820090015","https://mo-www.cfa.harvard.edu/ImageDirectory/TRES-5260820090015.FITS","TRES-5","downloaded","",656640,1
"2026-09-06T01:11:34.853970","TRES-5260820085115","https://mo-www.cfa.harvard.edu/ImageDirectory/TRES-5260820085115.FITS","TRES-5","downloaded","",656640,1
"2026-09-06T01:11:34.962965","TRES-5260820085716","https://mo-www.cfa.harvard.edu/ImageDirectory/TRES-5260820085716.FITS","TRES-5","downloaded","",656640,1
"2026-09-06T01:11:35.190257","TRES-5260820090315","https://mo-www.cfa.harvard.edu/ImageDirectory/TRES-5260820090315.FITS","TRES-5","downloaded","",656640,1
"2026-09-06T01:11:35.448808","TRES-5260820090617","https://mo-www.cfa.harvard.edu/ImageDirectory/TRES-5260820090617.FITS","TRES-5","downloaded","",656640,1
"2026-09-06T01:11:35.531176","TRES-5260820083915","https://mo-www.cfa.harvard.edu/ImageDirectory/TRES-5260820083915.FITS","TRES-5","downloaded","",656640,1
"2026-09-06T01:11:35.927334","TRES-5260820092716","https://mo-www.cfa.harvard.edu/ImageDirectory/TRES-5260820092716.FITS","TRES-5","downloaded","",656640,1
"2026-09-06T01:11:36.115075","TRES-5260820091215","https://mo-www.cfa.harvard.edu/ImageDirectory/TRES-5260820091215.FITS","TRES-5","downloaded","",656640,1
"2026-09-06T01:11:36.192347","TRES-5260820093615","https://mo-www.cfa.harvard.edu/ImageDirectory/TRES-5260820093615.FITS","TRES-5","downloaded","",656640,1
"2026-09-06T01:11:36.228925","TRES-5260820090915","https://mo-www.cfa.harvard.edu/ImageDirectory/TRES-5260820090915.FITS","TRES-5","downloaded","",656640,1
"2026-09-06T01:11:36.305186","TRES-5260820092415","https://mo-www.cfa.harvard.edu/ImageDirectory/TRES-5260820092415.FITS","TRES-5","downloaded","",656640,1
"2026-09-06T01:11:36.325115","TRES-5260820092116","https://mo-www.cfa.harvard.edu/ImageDirectory/TRES-5260820092116.FITS","TRES-5","downloaded","",656640,1
"2026-09-06T01:11:36.338713","TRES-5260820091815","https://mo-www.cfa.harvard.edu/ImageDirectory/TRES-5260820091815.FITS","TRES-5","downloaded","",656640,1
"2026-09-06T01:11:36.345100","TRES-5260820091515","https://mo-www.cfa.harvard.edu/ImageDirectory/TRES-5260820091515.FITS","TRES-5","downloaded","",656640,1
"2026-09-06T01:11:36.348892","TRES-5260820093315","https://mo-www.cfa.harvard.edu/ImageDirectory/TRES-5260820093315.FITS","TRES-5","downloaded","",656640,1
"2026-09-06T01:11:36.363282","TRES-5260820093016","https://mo-www.cfa.harvard.edu/ImageDirectory/TRES-5260820093016.FITS","TRES-5","downloaded","",656640,1
"2026-09-06T01:11:36.876219","TRES-5260820093915","https://mo-www.cfa.harvard.edu/ImageDirectory/TRES-5260820093915.FITS","TRES-5","downloaded","",656640,1
"2026-09-06T01:11:37.030357","TRES-5260820094815","https://mo-www.cfa.harvard.edu/ImageDirectory/TRES-5260820094815.FITS","TRES-5","downloaded","",656640,1
"2026-09-06T01:11:37.043329","TRES-5260820094215","https://mo-www.cfa.harvard.edu/ImageDirectory/TRES-5260820094215.FITS","TRES-5","downloaded","",656640,1
"2026-09-06T01:11:37.132619","TRES-5260820095115","https://mo-www.cfa.harvard.edu/ImageDirectory/TRES-5260820095115.FITS","TRES-5","downloaded","",656640,1
"2026-09-06T01:11:37.418704","TRES-5260820095415","https://mo-www.cfa.harvard.edu/ImageDirectory/TRES-5260820095415.FITS","TRES-5","downloaded","",656640,1
"2026-09-06T01:11:37.520898","TRES-5260820095715","https://mo-www.cfa.harvard.edu/ImageDirectory/TRES-5260820095715.FITS","TRES-5","downloaded","",656640,1
"2026-09-06T01:11:37.522675","TRES-5260820094516","https://mo-www.cfa.harvard.edu/ImageDirectory/TRES-5260820094516.FITS","TRES-5","downloaded","",656640,1
"2026-09-06T01:11:37.595162","TRES-5260820100015","https://mo-www.cfa.harvard.edu/ImageDirectory/TRES-5260820100015.FITS","TRES-5","downloaded","",656640,1
"2026-09-06T01:11:38.155622","TRES-5260820100315","https://mo-www.cfa.harvard.edu/ImageDirectory/TRES-5260820100315.FITS","TRES-5","downloaded","",656640,1
"2026-09-06T01:11:38.462791","TRES-5260820100616","https://mo-www.cfa.harvard.edu/ImageDirectory/TRES-5260820100616.FITS","TRES-5","downloaded","",656640,1
"2026-09-06T01:11:39.162924","TRES-5260820100915","https://mo-www.cfa.harvard.edu/ImageDirectory/TRES-5260820100915.FITS","TRES-5","downloaded","",656640,1
"2026-09-06T01:11:39.314089","TRES-5260820101215","https://mo-www.cfa.harvard.edu/ImageDirectory/TRES-5260820101215.FITS","TRES-5","downloaded","",656640,1
"2026-09-06T01:11:39.318850","TRES-5260820101515","https://mo-www.cfa.harvard.edu/ImageDirectory/TRES-5260820101515.FITS","TRES-5","downloaded","",656640,1
"2026-09-06T01:11:39.520431","TRES-5260820103315","https://mo-www.cfa.harvard.edu/ImageDirectory/TRES-5260820103315.FITS","TRES-5","downloaded","",656640,1
"2026-09-06T01:11:39.587156","TRES-5260820103616","https://mo-www.cfa.harvard.edu/ImageDirectory/TRES-5260820103616.FITS","TRES-5","downloaded","",656640,1
"2026-09-06T01:11:39.596670","TRES-5260820103015","https://mo-www.cfa.harvard.edu/ImageDirectory/TRES-5260820103015.FITS","TRES-5","downloaded","",656640,1
"2026-09-06T01:11:39.686950","TRES-5260820102115","https://mo-www.cfa.harvard.edu/ImageDirectory/TRES-5260820102115.FITS","TRES-5","downloaded","",656640,1
"2026-09-06T01:11:39.751363","TRES-5260820101816","https://mo-www.cfa.harvard.edu/ImageDirectory/TRES-5260820101816.FITS","TRES-5","downloaded","",656640,1
"2026-09-06T01:11:39.752752","TRES-5260820102415","https://mo-www.cfa.harvard.edu/ImageDirectory/TRES-5260820102415.FITS","TRES-5","downloaded","",656640,1
"2026-09-06T01:11:39.787790","TRES-5260820102715","https://mo-www.cfa.harvard.edu/ImageDirectory/TRES-5260820102715.FITS","TRES-5","downloaded","",656640,1
"2026-09-06T01:11:40.134047","TRES-5260820103915","https://mo-www.cfa.harvard.edu/ImageDirectory/TRES-5260820103915.FITS","TRES-5","downloaded","",656640,1
"2026-09-06T01:11:40.912697","TRES-5260820104815","https://mo-www.cfa.harvard.edu/ImageDirectory/TRES-5260820104815.FITS","TRES-5","downloaded","",656640,1
"2026-09-06T01:11:41.061993","TRES-5260820104215","https://mo-www.cfa.harvard.edu/ImageDirectory/TRES-5260820104215.FITS","TRES-5","downloaded","",656640,1
"2026-09-06T01:11:41.094090","TRES-5260820104516","https://mo-www.cfa.harvard.edu/ImageDirectory/TRES-5260820104516.FITS","TRES-5","downloaded","",656640,1
"2026-09-06T01:11:41.518372","TRES-5260820105115","https://mo-www.cfa.harvard.edu/ImageDirectory/TRES-5260820105115.FITS","TRES-5","downloaded","",656640,1
"2026-09-06T01:11:41.921473","TRES-5260820105415","https://mo-www.cfa.harvard.edu/ImageDirectory/TRES-5260820105415.FITS","TRES-5","downloaded","",656640,1
"2026-09-06T01:11:42.110361","TRES-5260820110016","https://mo-www.cfa.harvard.edu/ImageDirectory/TRES-5260820110016.FITS","TRES-5","downloaded","",656640,1
"2026-09-06T01:11:42.144113","TRES-5260820105715","https://mo-www.cfa.harvard.edu/ImageDirectory/TRES-5260820105715.FITS","TRES-5","downloaded","",656640,1
"2026-09-06T01:11:42.641584","TRES-5260820110315","https://mo-www.cfa.harvard.edu/ImageDirectory/TRES-5260820110315.FITS","TRES-5","downloaded","",656640,1
"2026-09-06T01:11:42.777515","TRES-5260820110615","https://mo-www.cfa.harvard.edu/ImageDirectory/TRES-5260820110615.FITS","TRES-5","downloaded","",656640,1
"2026-09-06T01:11:43.179557","TRES-5260820110916","https://mo-www.cfa.harvard.edu/ImageDirectory/TRES-5260820110916.FITS","TRES-5","downloaded","",656640,1
"2026-09-06T01:11:43.397025","TRES-5260820111516","https://mo-www.cfa.harvard.edu/ImageDirectory/TRES-5260820111516.FITS","TRES-5","downloaded","",656640,1
"2026-09-06T01:11:43.489579","TRES-5260820111216","https://mo-www.cfa.harvard.edu/ImageDirectory/TRES-5260820111216.FITS","TRES-5","downloaded","",656640,1
"2026-09-06T01:11:43.534164","TRES-5260820111815","https://mo-www.cfa.harvard.edu/ImageDirectory/TRES-5260820111815.FITS","TRES-5","downloaded","",656640,1
"2026-09-06T01:11:43.847430","TRES-5260820112716","https://mo-www.cfa.harvard.edu/ImageDirectory/TRES-5260820112716.FITS","TRES-5","downloaded","",656640,1
"2026-09-06T01:11:43.999948","TRES-5260820112115","https://mo-www.cfa.harvard.edu/ImageDirectory/TRES-5260820112115.FITS","TRES-5","downloaded","",656640,1
"2026-09-06T01:11:44.012634","TRES-5260820113015","https://mo-www.cfa.harvard.edu/ImageDirectory/TRES-5260820113015.FITS","TRES-5","downloaded","",656640,1
"2026-09-06T01:11:44.431169","TRES-5260820113316","https://mo-www.cfa.harvard.edu/ImageDirectory/TRES-5260820113316.FITS","TRES-5","downloaded","",656640,1
"2026-09-06T01:11:44.630791","TRES-5260820112416","https://mo-www.cfa.harvard.edu/ImageDirectory/TRES-5260820112416.FITS","TRES-5","downloaded","",656640,1
"2026-09-06T01:11:44.635898","TRES-5260820113615","https://mo-www.cfa.harvard.edu/ImageDirectory/TRES-5260820113615.FITS","TRES-5","downloaded","",656640,1
"2026-09-06T01:11:45.077800","TRES-5260820113915","https://mo-www.cfa.harvard.edu/ImageDirectory/TRES-5260820113915.FITS","TRES-5","downloaded","",656640,1
"2026-09-06T01:11:45.725162","TRES-5260820114515","https://mo-www.cfa.harvard.edu/ImageDirectory/TRES-5260820114515.FITS","TRES-5","downloaded","",656640,1
"2026-09-06T01:11:45.744383","TRES-5260820114216","https://mo-www.cfa.harvard.edu/ImageDirectory/TRES-5260820114216.FITS","TRES-5","downloaded","",656640,1
"2026-09-06T01:11:45.812935","TRES-5260820114817","https://mo-www.cfa.harvard.edu/ImageDirectory/TRES-5260820114817.FITS","TRES-5","downloaded","",656640,1
"2026-09-06T01:11:46.147488","TRES-5260820115115","https://mo-www.cfa.harvard.edu/ImageDirectory/TRES-5260820115115.FITS","TRES-5","downloaded","",656640,1
"2026-09-06T01:11:46.325691","TRES-5260820115415","https://mo-www.cfa.harvard.edu/ImageDirectory/TRES-5260820115415.FITS","TRES-5","downloaded","",656640,1
"2026-09-06T01:11:46.529736","TRES-5260820115716","https://mo-www.cfa.harvard.edu/ImageDirectory/TRES-5260820115716.FITS","TRES-5","downloaded","",656640,1
"2026-09-06T01:11:46.598522","TRES-5260820120508","https://mo-www.cfa.harvard.edu/ImageDirectory/TRES-5260820120508.FITS","TRES-5","downloaded","",656640,1
"2026-09-06T01:11:47.140449","TRES-5260820122059","https://mo-www.cfa.harvard.edu/ImageDirectory/TRES-5260820122059.FITS","TRES-5","downloaded","",656640,1
"2026-09-06T01:11:47.194339","TRES-5260820121301","https://mo-www.cfa.harvard.edu/ImageDirectory/TRES-5260820121301.FITS","TRES-5","downloaded","",656640,1
"2026-09-06T01:11:47.267003","TRES-5260826064446","https://mo-www.cfa.harvard.edu/ImageDirectory/TRES-5260826064446.FITS","TRES-5","downloaded","",656640,1
"2026-09-06T01:11:47.514116","TRES-5260826064630","https://mo-www.cfa.harvard.edu/ImageDirectory/TRES-5260826064630.FITS","TRES-5","downloaded","",656640,1
"2026-09-06T01:11:47.623722","TRES-5260826065116","https://mo-www.cfa.harvard.edu/ImageDirectory/TRES-5260826065116.FITS","TRES-5","downloaded","",656640,1
"2026-09-06T01:11:47.663218","TRES-5260826064815","https://mo-www.cfa.harvard.edu/ImageDirectory/TRES-5260826064815.FITS","TRES-5","downloaded","",656640,1
"2026-09-06T01:11:47.740570","TRES-5260826065416","https://mo-www.cfa.harvard.edu/ImageDirectory/TRES-5260826065416.FITS","TRES-5","downloaded","",656640,1
"2026-09-06T01:11:47.836403","TRES-5260826065715","https://mo-www.cfa.harvard.edu/ImageDirectory/TRES-5260826065715.FITS","TRES-5","downloaded","",656640,1
"2026-09-06T01:11:47.924857","TRES-5260826070615","https://mo-www.cfa.harvard.edu/ImageDirectory/TRES-5260826070615.FITS","TRES-5","downloaded","",656640,1
"2026-09-06T01:11:47.964028","TRES-5260826070015","https://mo-www.cfa.harvard.edu/ImageDirectory/TRES-5260826070015.FITS","TRES-5","downloaded","",656640,1
"2026-09-06T01:11:48.226205","TRES-5260826070315","https://mo-www.cfa.harvard.edu/ImageDirectory/TRES-5260826070315.FITS","TRES-5","downloaded","",656640,1
"2026-09-06T01:11:48.411906","TRES-5260826070915","https://mo-www.cfa.harvard.edu/ImageDirectory/TRES-5260826070915.FITS","TRES-5","downloaded","",656640,1
"2026-09-06T01:11:48.477227","TRES-5260826071215","https://mo-www.cfa.harvard.edu/ImageDirectory/TRES-5260826071215.FITS","TRES-5","downloaded","",656640,1
"2026-09-06T01:11:48.631650","TRES-5260826071816","https://mo-www.cfa.harvard.edu/ImageDirectory/TRES-5260826071816.FITS","TRES-5","downloaded","",656640,1
"2026-09-06T01:11:48.753887","TRES-5260826071516","https://mo-www.cfa.harvard.edu/ImageDirectory/TRES-5260826071516.FITS","TRES-5","downloaded","",656640,1
"2026-09-06T01:11:49.107027","TRES-5260826072415","https://mo-www.cfa.harvard.edu/ImageDirectory/TRES-5260826072415.FITS","TRES-5","downloaded","",656640,1
"2026-09-06T01:11:49.253790","TRES-5260826072115","https://mo-www.cfa.harvard.edu/ImageDirectory/TRES-5260826072115.FITS","TRES-5","downloaded","",656640,1
"2026-09-06T01:11:49.433118","TRES-5260826073315","https://mo-www.cfa.harvard.edu/ImageDirectory/TRES-5260826073315.FITS","TRES-5","downloaded","",656640,1
"2026-09-06T01:11:49.741835","TRES-5260826074215","https://mo-www.cfa.harvard.edu/ImageDirectory/TRES-5260826074215.FITS","TRES-5","downloaded","",656640,1
"2026-09-06T01:11:49.813204","TRES-5260826073915","https://mo-www.cfa.harvard.edu/ImageDirectory/TRES-5260826073915.FITS","TRES-5","downloaded","",656640,1
"2026-09-06T01:11:50.084072","TRES-5260826074516","https://mo-www.cfa.harvard.edu/ImageDirectory/TRES-5260826074516.FITS","TRES-5","downloaded","",656640,1
"2026-09-06T01:11:50.323709","TRES-5260826074815","https://mo-www.cfa.harvard.edu/ImageDirectory/TRES-5260826074815.FITS","TRES-5","downloaded","",656640,1
"2026-09-06T01:11:50.496331","TRES-5260826080015","https://mo-www.cfa.harvard.edu/ImageDirectory/TRES-5260826080015.FITS","TRES-5","downloaded","",656640,1
"2026-09-06T01:11:50.592557","TRES-5260826080315","https://mo-www.cfa.harvard.edu/ImageDirectory/TRES-5260826080315.FITS","TRES-5","downloaded","",656640,1
"2026-09-06T01:11:50.610952","TRES-5260826075716","https://mo-www.cfa.harvard.edu/ImageDirectory/TRES-5260826075716.FITS","TRES-5","downloaded","",656640,1
"2026-09-06T01:11:50.755820","TRES-5260826080615","https://mo-www.cfa.harvard.edu/ImageDirectory/TRES-5260826080615.FITS","TRES-5","downloaded","",656640,1
"2026-09-06T01:11:50.886588","TRES-5260826080916","https://mo-www.cfa.harvard.edu/ImageDirectory/TRES-5260826080916.FITS","TRES-5","downloaded","",656640,1
"2026-09-06T01:11:51.069328","TRES-5260826081516","https://mo-www.cfa.harvard.edu/ImageDirectory/TRES-5260826081516.FITS","TRES-5","downloaded","",656640,1
"2026-09-06T01:11:51.700487","TRES-5260826081815","https://mo-www.cfa.harvard.edu/ImageDirectory/TRES-5260826081815.FITS","TRES-5","downloaded","",656640,1
"2026-09-06T01:11:51.785202","TRES-5260826082415","https://mo-www.cfa.harvard.edu/ImageDirectory/TRES-5260826082415.FITS","TRES-5","downloaded","",656640,1
"2026-09-06T01:11:51.895803","TRES-5260826082715","https://mo-www.cfa.harvard.edu/ImageDirectory/TRES-5260826082715.FITS","TRES-5","downloaded","",656640,1
"2026-09-06T01:11:52.196573","TRES-5260826083015","https://mo-www.cfa.harvard.edu/ImageDirectory/TRES-5260826083015.FITS","TRES-5","downloaded","",656640,1
"2026-09-06T01:11:52.223044","TRES-5260826083316","https://mo-www.cfa.harvard.edu/ImageDirectory/TRES-5260826083316.FITS","TRES-5","downloaded","",656640,1
"2026-09-06T01:11:52.693700","TRES-5260826083915","https://mo-www.cfa.harvard.edu/ImageDirectory/TRES-5260826083915.FITS","TRES-5","downloaded","",656640,1
"2026-09-06T01:11:53.024135","TRES-5260826083616","https://mo-www.cfa.harvard.edu/ImageDirectory/TRES-5260826083616.FITS","TRES-5","downloaded","",656640,1
"2026-09-06T01:11:53.126560","TRES-5260826084215","https://mo-www.cfa.harvard.edu/ImageDirectory/TRES-5260826084215.FITS","TRES-5","downloaded","",656640,1
"2026-09-06T01:11:53.359861","TRES-5260826085417","https://mo-www.cfa.harvard.edu/ImageDirectory/TRES-5260826085417.FITS","TRES-5","downloaded","",656640,1
"2026-09-06T01:11:53.406441","TRES-5260826084515","https://mo-www.cfa.harvard.edu/ImageDirectory/TRES-5260826084515.FITS","TRES-5","downloaded","",656640,1
"2026-09-06T01:11:53.408637","TRES-5260826084816","https://mo-www.cfa.harvard.edu/ImageDirectory/TRES-5260826084816.FITS","TRES-5","downloaded","",656640,1
"2026-09-06T01:11:53.452437","TRES-5260826085116","https://mo-www.cfa.harvard.edu/ImageDirectory/TRES-5260826085116.FITS","TRES-5","downloaded","",656640,1
"2026-09-06T01:11:53.457851","TRES-5260826085715","https://mo-www.cfa.harvard.edu/ImageDirectory/TRES-5260826085715.FITS","TRES-5","downloaded","",656640,1
"2026-09-06T01:11:54.213348","TRES-5260826090015","https://mo-www.cfa.harvard.edu/ImageDirectory/TRES-5260826090015.FITS","TRES-5","downloaded","",656640,1
"2026-09-06T01:11:54.215109","TRES-5260826090315","https://mo-www.cfa.harvard.edu/ImageDirectory/TRES-5260826090315.FITS","TRES-5","downloaded","",656640,1
"2026-09-06T01:11:54.605021","TRES-5260826090615","https://mo-www.cfa.harvard.edu/ImageDirectory/TRES-5260826090615.FITS","TRES-5","downloaded","",656640,1
"2026-09-06T01:11:54.610796","TRES-5260826090916","https://mo-www.cfa.harvard.edu/ImageDirectory/TRES-5260826090916.FITS","TRES-5","downloaded","",656640,1
"2026-09-06T01:11:54.684061","TRES-5260826091215","https://mo-www.cfa.harvard.edu/ImageDirectory/TRES-5260826091215.FITS","TRES-5","downloaded","",656640,1
"2026-09-06T01:11:55.278085","TRES-5260826091515","https://mo-www.cfa.harvard.edu/ImageDirectory/TRES-5260826091515.FITS","TRES-5","downloaded","",656640,1
"2026-09-06T01:11:55.984611","TRES-5260826092115","https://mo-www.cfa.harvard.edu/ImageDirectory/TRES-5260826092115.FITS","TRES-5","downloaded","",656640,1
"2026-09-06T01:11:56.352828","TRES-5260826092715","https://mo-www.cfa.harvard.edu/ImageDirectory/TRES-5260826092715.FITS","TRES-5","downloaded","",656640,1
"2026-09-06T01:11:56.411864","TRES-5260826093315","https://mo-www.cfa.harvard.edu/ImageDirectory/TRES-5260826093315.FITS","TRES-5","downloaded","",656640,1
"2026-09-06T01:11:56.428464","TRES-5260826093016","https://mo-www.cfa.harvard.edu/ImageDirectory/TRES-5260826093016.FITS","TRES-5","downloaded","",656640,1
"2026-09-06T01:11:56.432086","TRES-5260826092415","https://mo-www.cfa.harvard.edu/ImageDirectory/TRES-5260826092415.FITS","TRES-5","downloaded","",656640,1
"2026-09-06T01:11:56.569453","TRES-5260826093615","https://mo-www.cfa.harvard.edu/ImageDirectory/TRES-5260826093615.FITS","TRES-5","downloaded","",656640,1
"2026-09-06T01:11:57.127589","TRES-5260826093916","https://mo-www.cfa.harvard.edu/ImageDirectory/TRES-5260826093916.FITS","TRES-5","downloaded","",656640,1
"2026-09-06T01:11:57.253667","TRES-5260826094816","https://mo-www.cfa.harvard.edu/ImageDirectory/TRES-5260826094816.FITS","TRES-5","downloaded","",656640,1
"2026-09-06T01:11:57.283971","TRES-5260826094215","https://mo-www.cfa.harvard.edu/ImageDirectory/TRES-5260826094215.FITS","TRES-5","downloaded","",656640,1
"2026-09-06T01:11:57.304984","TRES-5260826094515","https://mo-www.cfa.harvard.edu/ImageDirectory/TRES-5260826094515.FITS","TRES-5","downloaded","",656640,1
"2026-09-06T01:11:58.056860","TRES-5260826095415","https://mo-www.cfa.harvard.edu/ImageDirectory/TRES-5260826095415.FITS","TRES-5","downloaded","",656640,1
"2026-09-06T01:11:58.390417","TRES-5260826095715","https://mo-www.cfa.harvard.edu/ImageDirectory/TRES-5260826095715.FITS","TRES-5","downloaded","",656640,1
"2026-09-06T01:11:58.530606","TRES-5260826095115","https://mo-www.cfa.harvard.edu/ImageDirectory/TRES-5260826095115.FITS","TRES-5","downloaded","",656640,1
"2026-09-06T01:11:58.797026","TRES-5260826100015","https://mo-www.cfa.harvard.edu/ImageDirectory/TRES-5260826100015.FITS","TRES-5","downloaded","",656640,1
"2026-09-06T01:11:58.876746","TRES-5260826100315","https://mo-www.cfa.harvard.edu/ImageDirectory/TRES-5260826100315.FITS","TRES-5","downloaded","",656640,1
"2026-09-06T01:11:59.254814","TRES-5260826101215","https://mo-www.cfa.harvard.edu/ImageDirectory/TRES-5260826101215.FITS","TRES-5","downloaded","",656640,1
"2026-09-06T01:11:59.355600","TRES-5260826100915","https://mo-www.cfa.harvard.edu/ImageDirectory/TRES-5260826100915.FITS","TRES-5","downloaded","",656640,1
"2026-09-06T01:11:59.370847","TRES-5260826100615","https://mo-www.cfa.harvard.edu/ImageDirectory/TRES-5260826100615.FITS","TRES-5","downloaded","",656640,1
"2026-09-06T01:11:59.736937","TRES-5260826101516","https://mo-www.cfa.harvard.edu/ImageDirectory/TRES-5260826101516.FITS","TRES-5","downloaded","",656640,1
"2026-09-06T01:11:59.745615","TRES-5260826102115","https://mo-www.cfa.harvard.edu/ImageDirectory/TRES-5260826102115.FITS","TRES-5","downloaded","",656640,1
"2026-09-06T01:11:59.746303","TRES-5260826101817","https://mo-www.cfa.harvard.edu/ImageDirectory/TRES-5260826101817.FITS","TRES-5","downloaded","",656640,1
"2026-09-06T01:11:59.944688","TRES-5260829055250","https://mo-www.cfa.harvard.edu/ImageDirectory/TRES-5260829055250.FITS","TRES-5","downloaded","",656640,1
"2026-09-06T01:12:00.479268","TRES-5260829055721","https://mo-www.cfa.harvard.edu/ImageDirectory/TRES-5260829055721.FITS","TRES-5","downloaded","",656640,1
"2026-09-06T01:12:00.920367","TRES-5260829060706","https://mo-www.cfa.harvard.edu/ImageDirectory/TRES-5260829060706.FITS","TRES-5","downloaded","",656640,1
"2026-09-06T01:12:01.242447","TRES-5260829061035","https://mo-www.cfa.harvard.edu/ImageDirectory/TRES-5260829061035.FITS","TRES-5","downloaded","",656640,1
"2026-09-06T01:12:01.290408","TRES-5260829060207","https://mo-www.cfa.harvard.edu/ImageDirectory/TRES-5260829060207.FITS","TRES-5","downloaded","",656640,1
"2026-09-06T01:12:01.438046","TRES-5260829060851","https://mo-www.cfa.harvard.edu/ImageDirectory/TRES-5260829060851.FITS","TRES-5","downloaded","",656640,1
"2026-09-06T01:12:01.906509","TRES-5260829061219","https://mo-www.cfa.harvard.edu/ImageDirectory/TRES-5260829061219.FITS","TRES-5","downloaded","",656640,1
"2026-09-06T01:12:02.276997","TRES-5260829061402","https://mo-www.cfa.harvard.edu/ImageDirectory/TRES-5260829061402.FITS","TRES-5","downloaded","",656640,1
"2026-09-06T01:12:02.484158","TRES-5260829061546","https://mo-www.cfa.harvard.edu/ImageDirectory/TRES-5260829061546.FITS","TRES-5","downloaded","",656640,1
"2026-09-06T01:12:02.852665","TRES-5260829061815","https://mo-www.cfa.harvard.edu/ImageDirectory/TRES-5260829061815.FITS","TRES-5","downloaded","",656640,1
"2026-09-06T01:12:02.870852","TRES-5260829062415","https://mo-www.cfa.harvard.edu/ImageDirectory/TRES-5260829062415.FITS","TRES-5","downloaded","",656640,1
"2026-09-06T01:12:02.917590","TRES-5260829062115","https://mo-www.cfa.harvard.edu/ImageDirectory/TRES-5260829062115.FITS","TRES-5","downloaded","",656640,1
"2026-09-06T01:12:02.982815","TRES-5260829062715","https://mo-www.cfa.harvard.edu/ImageDirectory/TRES-5260829062715.FITS","TRES-5","downloaded","",656640,1
"2026-09-06T01:12:02.988837","TRES-5260829063015","https://mo-www.cfa.harvard.edu/ImageDirectory/TRES-5260829063015.FITS","TRES-5","downloaded","",656640,1
"2026-09-06T01:12:03.475544","TRES-5260829063315","https://mo-www.cfa.harvard.edu/ImageDirectory/TRES-5260829063315.FITS","TRES-5","downloaded","",656640,1
"2026-09-06T01:12:03.910263","TRES-5260829063915","https://mo-www.cfa.harvard.edu/ImageDirectory/TRES-5260829063915.FITS","TRES-5","downloaded","",656640,1
"2026-09-06T01:12:03.912768","TRES-5260829063616","https://mo-www.cfa.harvard.edu/ImageDirectory/TRES-5260829063616.FITS","TRES-5","downloaded","",656640,1
"2026-09-06T01:12:03.979902","TRES-5260829064216","https://mo-www.cfa.harvard.edu/ImageDirectory/TRES-5260829064216.FITS","TRES-5","downloaded","",656640,1
"2026-09-06T01:12:04.722254","TRES-5260829064515","https://mo-www.cfa.harvard.edu/ImageDirectory/TRES-5260829064515.FITS","TRES-5","downloaded","",656640,1
"2026-09-06T01:12:05.322747","TRES-5260829064815","https://mo-www.cfa.harvard.edu/ImageDirectory/TRES-5260829064815.FITS","TRES-5","downloaded","",656640,1
"2026-09-06T01:12:05.568246","TRES-5260829065115","https://mo-www.cfa.harvard.edu/ImageDirectory/TRES-5260829065115.FITS","TRES-5","downloaded","",656640,1
"2026-09-06T01:12:05.916548","TRES-5260829065715","https://mo-www.cfa.harvard.edu/ImageDirectory/TRES-5260829065715.FITS","TRES-5","downloaded","",656640,1
"2026-09-06T01:12:05.931756","TRES-5260829065415","https://mo-www.cfa.harvard.edu/ImageDirectory/TRES-5260829065415.FITS","TRES-5","downloaded","",656640,1
"2026-09-06T01:12:05.959192","TRES-5260829070615","https://mo-www.cfa.harvard.edu/ImageDirectory/TRES-5260829070615.FITS","TRES-5","downloaded","",656640,1
"2026-09-06T01:12:05.976707","TRES-5260829070015","https://mo-www.cfa.harvard.edu/ImageDirectory/TRES-5260829070015.FITS","TRES-5","downloaded","",656640,1
"2026-09-06T01:12:05.980119","TRES-5260829070315","https://mo-www.cfa.harvard.edu/ImageDirectory/TRES-5260829070315.FITS","TRES-5","downloaded","",656640,1
"2026-09-06T01:12:06.013387","TRES-5260829070915","https://mo-www.cfa.harvard.edu/ImageDirectory/TRES-5260829070915.FITS","TRES-5","downloaded","",656640,1
"2026-09-06T01:12:06.451086","TRES-5260829071215","https://mo-www.cfa.harvard.edu/ImageDirectory/TRES-5260829071215.FITS","TRES-5","downloaded","",656640,1
"2026-09-06T01:12:06.518347","TRES-5260829071516","https://mo-www.cfa.harvard.edu/ImageDirectory/TRES-5260829071516.FITS","TRES-5","downloaded","",656640,1
"2026-09-06T01:12:06.679367","TRES-5260829071815","https://mo-www.cfa.harvard.edu/ImageDirectory/TRES-5260829071815.FITS","TRES-5","downloaded","",656640,1
"2026-09-06T01:12:07.503873","TRES-5260829072115","https://mo-www.cfa.harvard.edu/ImageDirectory/TRES-5260829072115.FITS","TRES-5","downloaded","",656640,1
"2026-09-06T01:12:07.971165","TRES-5260829072415","https://mo-www.cfa.harvard.edu/ImageDirectory/TRES-5260829072415.FITS","TRES-5","downloaded","",656640,1
"2026-09-06T01:12:08.683707","TRES-5260829072716","https://mo-www.cfa.harvard.edu/ImageDirectory/TRES-5260829072716.FITS","TRES-5","downloaded","",656640,1
"2026-09-06T01:12:09.481345","TRES-5260829073615","https://mo-www.cfa.harvard.edu/ImageDirectory/TRES-5260829073615.FITS","TRES-5","downloaded","",656640,1
"2026-09-06T01:12:09.655272","TRES-5260829074217","https://mo-www.cfa.harvard.edu/ImageDirectory/TRES-5260829074217.FITS","TRES-5","downloaded","",656640,1
"2026-09-06T01:12:09.827072","TRES-5260829074515","https://mo-www.cfa.harvard.edu/ImageDirectory/TRES-5260829074515.FITS","TRES-5","downloaded","",656640,1
"2026-09-06T01:12:09.982666","TRES-5260829073315","https://mo-www.cfa.harvard.edu/ImageDirectory/TRES-5260829073315.FITS","TRES-5","downloaded","",656640,1
"2026-09-06T01:12:10.063650","TRES-5260829073016","https://mo-www.cfa.harvard.edu/ImageDirectory/TRES-5260829073016.FITS","TRES-5","downloaded","",656640,1
"2026-09-06T01:12:10.099671","TRES-5260829073915","https://mo-www.cfa.harvard.edu/ImageDirectory/TRES-5260829073915.FITS","TRES-5","downloaded","",656640,1
"2026-09-06T01:12:10.192548","TRES-5260829075115","https://mo-www.cfa.harvard.edu/ImageDirectory/TRES-5260829075115.FITS","TRES-5","downloaded","",656640,1
"2026-09-06T01:12:10.295815","TRES-5260829074815","https://mo-www.cfa.harvard.edu/ImageDirectory/TRES-5260829074815.FITS","TRES-5","downloaded","",656640,1
"2026-09-06T01:12:10.360909","TRES-5260826072716","https://mo-www.cfa.harvard.edu/ImageDirectory/TRES-5260826072716.FITS","TRES-5","downloaded","",656640,1
"2026-09-06T01:12:10.563030","TRES-5260829075415","https://mo-www.cfa.harvard.edu/ImageDirectory/TRES-5260829075415.FITS","TRES-5","downloaded","",656640,1
"2026-09-06T01:12:10.656453","TRES-5260826073016","https://mo-www.cfa.harvard.edu/ImageDirectory/TRES-5260826073016.FITS","TRES-5","downloaded","",656640,1
"2026-09-06T01:12:10.933431","TRES-5260826073615","https://mo-www.cfa.harvard.edu/ImageDirectory/TRES-5260826073615.FITS","TRES-5","downloaded","",656640,1
"2026-09-06T01:12:10.958502","TRES-5260829075716","https://mo-www.cfa.harvard.edu/ImageDirectory/TRES-5260829075716.FITS","TRES-5","downloaded","",656640,1
"2026-09-06T01:12:11.069061","TRES-5260826075115","https://mo-www.cfa.harvard.edu/ImageDirectory/TRES-5260826075115.FITS","TRES-5","downloaded","",656640,1
"2026-09-06T01:12:11.208383","TRES-5260829080015","https://mo-www.cfa.harvard.edu/ImageDirectory/TRES-5260829080015.FITS","TRES-5","downloaded","",656640,1
"2026-09-06T01:12:11.243300","TRES-5260826075416","https://mo-www.cfa.harvard.edu/ImageDirectory/TRES-5260826075416.FITS","TRES-5","downloaded","",656640,1
"2026-09-06T01:12:11.340880","TRES-5260829080315","https://mo-www.cfa.harvard.edu/ImageDirectory/TRES-5260829080315.FITS","TRES-5","downloaded","",656640,1
"2026-09-06T01:12:11.711675","TRES-5260826081215","https://mo-www.cfa.harvard.edu/ImageDirectory/TRES-5260826081215.FITS","TRES-5","downloaded","",656640,1
"2026-09-06T01:12:12.171320","TRES-5260829080615","https://mo-www.cfa.harvard.edu/ImageDirectory/TRES-5260829080615.FITS","TRES-5","downloaded","",656640,1
"2026-09-06T01:12:12.373315","TRES-5260826082115","https://mo-www.cfa.harvard.edu/ImageDirectory/TRES-5260826082115.FITS","TRES-5","downloaded","",656640,1
"2026-09-06T01:12:12.812795","TRES-5260829081216","https://mo-www.cfa.harvard.edu/ImageDirectory/TRES-5260829081216.FITS","TRES-5","downloaded","",656640,1
"2026-09-06T01:12:13.023414","TRES-5260829080915","https://mo-www.cfa.harvard.edu/ImageDirectory/TRES-5260829080915.FITS","TRES-5","downloaded","",656640,1
"2026-09-06T01:12:13.184901","TRES-5260829081515","https://mo-www.cfa.harvard.edu/ImageDirectory/TRES-5260829081515.FITS","TRES-5","downloaded","",656640,1
"2026-09-06T01:12:13.247385","TRES-5260829082115","https://mo-www.cfa.harvard.edu/ImageDirectory/TRES-5260829082115.FITS","TRES-5","downloaded","",656640,1
"2026-09-06T01:12:13.392742","TRES-5260829081815","https://mo-www.cfa.harvard.edu/ImageDirectory/TRES-5260829081815.FITS","TRES-5","downloaded","",656640,1
"2026-09-06T01:12:13.554670","TRES-5260829083016","https://mo-www.cfa.harvard.edu/ImageDirectory/TRES-5260829083016.FITS","TRES-5","downloaded","",656640,1
"2026-09-06T01:12:13.577564","TRES-5260829082415","https://mo-www.cfa.harvard.edu/ImageDirectory/TRES-5260829082415.FITS","TRES-5","downloaded","",656640,1
"2026-09-06T01:12:13.608522","TRES-5260829082715","https://mo-www.cfa.harvard.edu/ImageDirectory/TRES-5260829082715.FITS","TRES-5","downloaded","",656640,1
"2026-09-06T01:12:13.742084","TRES-5260829083315","https://mo-www.cfa.harvard.edu/ImageDirectory/TRES-5260829083315.FITS","TRES-5","downloaded","",656640,1
"2026-09-06T01:12:13.765889","TRES-5260829083615","https://mo-www.cfa.harvard.edu/ImageDirectory/TRES-5260829083615.FITS","TRES-5","downloaded","",656640,1
"2026-09-06T01:12:13.946332","TRES-5260826091815","https://mo-www.cfa.harvard.edu/ImageDirectory/TRES-5260826091815.FITS","TRES-5","downloaded","",656640,1
"2026-09-06T01:12:14.330184","TRES-5260829084215","https://mo-www.cfa.harvard.edu/ImageDirectory/TRES-5260829084215.FITS","TRES-5","downloaded","",656640,1
"2026-09-06T01:12:14.371883","TRES-5260829083915","https://mo-www.cfa.harvard.edu/ImageDirectory/TRES-5260829083915.FITS","TRES-5","downloaded","",656640,1
"2026-09-06T01:12:14.424231","TRES-5260829085115","https://mo-www.cfa.harvard.edu/ImageDirectory/TRES-5260829085115.FITS","TRES-5","downloaded","",656640,1
"2026-09-06T01:12:14.647975","TRES-5260829084815","https://mo-www.cfa.harvard.edu/ImageDirectory/TRES-5260829084815.FITS","TRES-5","downloaded","",656640,1
"2026-09-06T01:12:14.765950","TRES-5260829085415","https://mo-www.cfa.harvard.edu/ImageDirectory/TRES-5260829085415.FITS","TRES-5","downloaded","",656640,1
"2026-09-06T01:12:14.788496","TRES-5260829084516","https://mo-www.cfa.harvard.edu/ImageDirectory/TRES-5260829084516.FITS","TRES-5","downloaded","",656640,1
"2026-09-06T01:12:14.886189","TRES-5260829085715","https://mo-www.cfa.harvard.edu/ImageDirectory/TRES-5260829085715.FITS","TRES-5","downloaded","",656640,1
"2026-09-06T01:12:15.406620","TRES-5260829090015","https://mo-www.cfa.harvard.edu/ImageDirectory/TRES-5260829090015.FITS","TRES-5","downloaded","",656640,1
"2026-09-06T01:12:15.542441","TRES-5260829090315","https://mo-www.cfa.harvard.edu/ImageDirectory/TRES-5260829090315.FITS","TRES-5","downloaded","",656640,1
"2026-09-06T01:12:15.689528","TRES-5260829090617","https://mo-www.cfa.harvard.edu/ImageDirectory/TRES-5260829090617.FITS","TRES-5","downloaded","",656640,1
"2026-09-06T01:12:15.710551","TRES-5260829090915","https://mo-www.cfa.harvard.edu/ImageDirectory/TRES-5260829090915.FITS","TRES-5","downloaded","",656640,1
"2026-09-06T01:12:15.910184","TRES-5260829091216","https://mo-www.cfa.harvard.edu/ImageDirectory/TRES-5260829091216.FITS","TRES-5","downloaded","",656640,1
"2026-09-06T01:12:16.060615","TRES-5260829091516","https://mo-www.cfa.harvard.edu/ImageDirectory/TRES-5260829091516.FITS","TRES-5","downloaded","",656640,1
"2026-09-06T01:12:16.250838","TRES-5260829091817","https://mo-www.cfa.harvard.edu/ImageDirectory/TRES-5260829091817.FITS","TRES-5","downloaded","",656640,1
"2026-09-06T01:12:16.420308","TRES-5260829092716","https://mo-www.cfa.harvard.edu/ImageDirectory/TRES-5260829092716.FITS","TRES-5","downloaded","",656640,1
"2026-09-06T01:12:16.425075","TRES-5260829092415","https://mo-www.cfa.harvard.edu/ImageDirectory/TRES-5260829092415.FITS","TRES-5","downloaded","",656640,1
"2026-09-06T01:12:16.574450","TRES-5260829093015","https://mo-www.cfa.harvard.edu/ImageDirectory/TRES-5260829093015.FITS","TRES-5","downloaded","",656640,1
"2026-09-06T01:12:16.688183","TRES-5260901050038","https://mo-www.cfa.harvard.edu/ImageDirectory/TRES-5260901050038.FITS","TRES-5","downloaded","",656640,1
"2026-09-06T01:12:16.925362","TRES-5260829092115","https://mo-www.cfa.harvard.edu/ImageDirectory/TRES-5260829092115.FITS","TRES-5","downloaded","",656640,1
"2026-09-06T01:12:16.928426","TRES-5260901050316","https://mo-www.cfa.harvard.edu/ImageDirectory/TRES-5260901050316.FITS","TRES-5","downloaded","",656640,1
"2026-09-06T01:12:17.013701","TRES-5260901050915","https://mo-www.cfa.harvard.edu/ImageDirectory/TRES-5260901050915.FITS","TRES-5","downloaded","",656640,1
"2026-09-06T01:12:17.048069","TRES-5260901050615","https://mo-www.cfa.harvard.edu/ImageDirectory/TRES-5260901050615.FITS","TRES-5","downloaded","",656640,1
"2026-09-06T01:12:17.133018","TRES-5260901051515","https://mo-www.cfa.harvard.edu/ImageDirectory/TRES-5260901051515.FITS","TRES-5","downloaded","",656640,1
"2026-09-06T01:12:17.342425","TRES-5260901051215","https://mo-www.cfa.harvard.edu/ImageDirectory/TRES-5260901051215.FITS","TRES-5","downloaded","",656640,1
"2026-09-06T01:12:17.720804","TRES-5260901051816","https://mo-www.cfa.harvard.edu/ImageDirectory/TRES-5260901051816.FITS","TRES-5","downloaded","",656640,1
"2026-09-06T01:12:17.742297","TRES-5260901052115","https://mo-www.cfa.harvard.edu/ImageDirectory/TRES-5260901052115.FITS","TRES-5","downloaded","",656640,1
"2026-09-06T01:12:17.830773","TRES-5260901052415","https://mo-www.cfa.harvard.edu/ImageDirectory/TRES-5260901052415.FITS","TRES-5","downloaded","",656640,1
"2026-09-06T01:12:18.081412","TRES-5260901052716","https://mo-www.cfa.harvard.edu/ImageDirectory/TRES-5260901052716.FITS","TRES-5","downloaded","",656640,1
"2026-09-06T01:12:18.191093","TRES-5260901053015","https://mo-www.cfa.harvard.edu/ImageDirectory/TRES-5260901053015.FITS","TRES-5","downloaded","",656640,1
"2026-09-06T01:12:18.473114","TRES-5260901053916","https://mo-www.cfa.harvard.edu/ImageDirectory/TRES-5260901053916.FITS","TRES-5","downloaded","",656640,1
"2026-09-06T01:12:18.480818","TRES-5260901053615","https://mo-www.cfa.harvard.edu/ImageDirectory/TRES-5260901053615.FITS","TRES-5","downloaded","",656640,1
"2026-09-06T01:12:18.481362","TRES-5260901053316","https://mo-www.cfa.harvard.edu/ImageDirectory/TRES-5260901053316.FITS","TRES-5","downloaded","",656640,1
"2026-09-06T01:12:18.794160","TRES-5260901054516","https://mo-www.cfa.harvard.edu/ImageDirectory/TRES-5260901054516.FITS","TRES-5","downloaded","",656640,1
"2026-09-06T01:12:18.869580","TRES-5260901054215","https://mo-www.cfa.harvard.edu/ImageDirectory/TRES-5260901054215.FITS","TRES-5","downloaded","",656640,1
"2026-09-06T01:12:19.091203","TRES-5260901054817","https://mo-www.cfa.harvard.edu/ImageDirectory/TRES-5260901054817.FITS","TRES-5","downloaded","",656640,1
"2026-09-06T01:12:19.264347","TRES-5260901055115","https://mo-www.cfa.harvard.edu/ImageDirectory/TRES-5260901055115.FITS","TRES-5","downloaded","",656640,1
"2026-09-06T01:12:19.555229","TRES-5260901055716","https://mo-www.cfa.harvard.edu/ImageDirectory/TRES-5260901055716.FITS","TRES-5","downloaded","",656640,1
"2026-09-06T01:12:19.606174","TRES-5260901055415","https://mo-www.cfa.harvard.edu/ImageDirectory/TRES-5260901055415.FITS","TRES-5","downloaded","",656640,1
"2026-09-06T01:12:19.784724","TRES-5260901060315","https://mo-www.cfa.harvard.edu/ImageDirectory/TRES-5260901060315.FITS","TRES-5","downloaded","",656640,1
"2026-09-06T01:12:19.835996","TRES-5260901060015","https://mo-www.cfa.harvard.edu/ImageDirectory/TRES-5260901060015.FITS","TRES-5","downloaded","",656640,1
"2026-09-06T01:12:19.878869","TRES-5260901060615","https://mo-www.cfa.harvard.edu/ImageDirectory/TRES-5260901060615.FITS","TRES-5","downloaded","",656640,1
"2026-09-06T01:12:19.944390","TRES-5260901061215","https://mo-www.cfa.harvard.edu/ImageDirectory/TRES-5260901061215.FITS","TRES-5","downloaded","",656640,1
"2026-09-06T01:12:20.053535","TRES-5260901060916","https://mo-www.cfa.harvard.edu/ImageDirectory/TRES-5260901060916.FITS","TRES-5","downloaded","",656640,1
"2026-09-06T01:12:20.559720","TRES-5260901061515","https://mo-www.cfa.harvard.edu/ImageDirectory/TRES-5260901061515.FITS","TRES-5","downloaded","",656640,1
"2026-09-06T01:12:20.861225","TRES-5260901062115","https://mo-www.cfa.harvard.edu/ImageDirectory/TRES-5260901062115.FITS","TRES-5","downloaded","",656640,1
"2026-09-06T01:12:20.902813","TRES-5260901061815","https://mo-www.cfa.harvard.edu/ImageDirectory/TRES-5260901061815.FITS","TRES-5","downloaded","",656640,1
"2026-09-06T01:12:21.057849","TRES-5260901062416","https://mo-www.cfa.harvard.edu/ImageDirectory/TRES-5260901062416.FITS","TRES-5","downloaded","",656640,1
"2026-09-06T01:12:21.155266","TRES-5260901062715","https://mo-www.cfa.harvard.edu/ImageDirectory/TRES-5260901062715.FITS","TRES-5","downloaded","",656640,1
"2026-09-06T01:12:21.290980","TRES-5260901063015","https://mo-www.cfa.harvard.edu/ImageDirectory/TRES-5260901063015.FITS","TRES-5","downloaded","",656640,1
"2026-09-06T01:12:21.481822","TRES-5260901063615","https://mo-www.cfa.harvard.edu/ImageDirectory/TRES-5260901063615.FITS","TRES-5","downloaded","",656640,1
"2026-09-06T01:12:21.509927","TRES-5260901063315","https://mo-www.cfa.harvard.edu/ImageDirectory/TRES-5260901063315.FITS","TRES-5","downloaded","",656640,1
"2026-09-06T01:12:21.617729","TRES-5260901063916","https://mo-www.cfa.harvard.edu/ImageDirectory/TRES-5260901063916.FITS","TRES-5","downloaded","",656640,1
"2026-09-06T01:12:22.055060","TRES-5260901064516","https://mo-www.cfa.harvard.edu/ImageDirectory/TRES-5260901064516.FITS","TRES-5","downloaded","",656640,1
"2026-09-06T01:12:22.075664","TRES-5260901064215","https://mo-www.cfa.harvard.edu/ImageDirectory/TRES-5260901064215.FITS","TRES-5","downloaded","",656640,1
"2026-09-06T01:12:22.226628","TRES-5260901064815","https://mo-www.cfa.harvard.edu/ImageDirectory/TRES-5260901064815.FITS","TRES-5","downloaded","",656640,1
"2026-09-06T01:12:22.240132","TRES-5260901065116","https://mo-www.cfa.harvard.edu/ImageDirectory/TRES-5260901065116.FITS","TRES-5","downloaded","",656640,1
"2026-09-06T01:12:22.310980","TRES-5260901065716","https://mo-www.cfa.harvard.edu/ImageDirectory/TRES-5260901065716.FITS","TRES-5","downloaded","",656640,1
"2026-09-06T01:12:22.412423","TRES-5260901065416","https://mo-www.cfa.harvard.edu/ImageDirectory/TRES-5260901065416.FITS","TRES-5","downloaded","",656640,1
"2026-09-06T01:12:23.147975","TRES-5260901070315","https://mo-www.cfa.harvard.edu/ImageDirectory/TRES-5260901070315.FITS","TRES-5","downloaded","",656640,1
"2026-09-06T01:12:23.217252","TRES-5260901070016","https://mo-www.cfa.harvard.edu/ImageDirectory/TRES-5260901070016.FITS","TRES-5","downloaded","",656640,1
"2026-09-06T01:12:23.474152","TRES-5260901070615","https://mo-www.cfa.harvard.edu/ImageDirectory/TRES-5260901070615.FITS","TRES-5","downloaded","",656640,1
"2026-09-06T01:12:23.505499","TRES-5260901071215","https://mo-www.cfa.harvard.edu/ImageDirectory/TRES-5260901071215.FITS","TRES-5","downloaded","",656640,1
"2026-09-06T01:12:23.591836","TRES-5260901070915","https://mo-www.cfa.harvard.edu/ImageDirectory/TRES-5260901070915.FITS","TRES-5","downloaded","",656640,1
"2026-09-06T01:12:23.728240","TRES-5260901071515","https://mo-www.cfa.harvard.edu/ImageDirectory/TRES-5260901071515.FITS","TRES-5","downloaded","",656640,1
"2026-09-06T01:12:23.786149","TRES-5260901072115","https://mo-www.cfa.harvard.edu/ImageDirectory/TRES-5260901072115.FITS","TRES-5","downloaded","",656640,1
"2026-09-06T01:12:23.892167","TRES-5260901071817","https://mo-www.cfa.harvard.edu/ImageDirectory/TRES-5260901071817.FITS","TRES-5","downloaded","",656640,1
"2026-09-06T01:12:24.240185","TRES-5260901072416","https://mo-www.cfa.harvard.edu/ImageDirectory/TRES-5260901072416.FITS","TRES-5","downloaded","",656640,1
"2026-09-06T01:12:24.574530","TRES-5260901072715","https://mo-www.cfa.harvard.edu/ImageDirectory/TRES-5260901072715.FITS","TRES-5","downloaded","",656640,1
"2026-09-06T01:12:24.667649","TRES-5260901073015","https://mo-www.cfa.harvard.edu/ImageDirectory/TRES-5260901073015.FITS","TRES-5","downloaded","",656640,1
"2026-09-06T01:12:24.784487","TRES-5260901073315","https://mo-www.cfa.harvard.edu/ImageDirectory/TRES-5260901073315.FITS","TRES-5","downloaded","",656640,1
"2026-09-06T01:12:24.853429","TRES-5260901073616","https://mo-www.cfa.harvard.edu/ImageDirectory/TRES-5260901073616.FITS","TRES-5","downloaded","",656640,1
"2026-09-06T01:12:25.047361","TRES-5260901073915","https://mo-www.cfa.harvard.edu/ImageDirectory/TRES-5260901073915.FITS","TRES-5","downloaded","",656640,1
"2026-09-06T01:12:25.244375","TRES-5260901075115","https://mo-www.cfa.harvard.edu/ImageDirectory/TRES-5260901075115.FITS","TRES-5","downloaded","",656640,1
"2026-09-06T01:12:25.393306","TRES-5260901074215","https://mo-www.cfa.harvard.edu/ImageDirectory/TRES-5260901074215.FITS","TRES-5","downloaded","",656640,1
"2026-09-06T01:12:25.481124","TRES-5260901074516","https://mo-www.cfa.harvard.edu/ImageDirectory/TRES-5260901074516.FITS","TRES-5","downloaded","",656640,1
"2026-09-06T01:12:25.484732","TRES-5260901074815","https://mo-www.cfa.harvard.edu/ImageDirectory/TRES-5260901074815.FITS","TRES-5","downloaded","",656640,1
"2026-09-06T01:12:25.685253","TRES-5260901075415","https://mo-www.cfa.harvard.edu/ImageDirectory/TRES-5260901075415.FITS","TRES-5","downloaded","",656640,1
"2026-09-06T01:12:25.895362","TRES-5260901075715","https://mo-www.cfa.harvard.edu/ImageDirectory/TRES-5260901075715.FITS","TRES-5","downloaded","",656640,1
"2026-09-06T01:12:26.279015","TRES-5260901080015","https://mo-www.cfa.harvard.edu/ImageDirectory/TRES-5260901080015.FITS","TRES-5","downloaded","",656640,1
"2026-09-06T01:12:26.303399","TRES-5260901080315","https://mo-www.cfa.harvard.edu/ImageDirectory/TRES-5260901080315.FITS","TRES-5","downloaded","",656640,1
"2026-09-06T01:12:26.521600","TRES-5260901080616","https://mo-www.cfa.harvard.edu/ImageDirectory/TRES-5260901080616.FITS","TRES-5","downloaded","",656640,1
"2026-09-06T01:12:26.560221","TRES-5260901081215","https://mo-www.cfa.harvard.edu/ImageDirectory/TRES-5260901081215.FITS","TRES-5","downloaded","",656640,1
"2026-09-06T01:12:26.631188","TRES-5260901080916","https://mo-www.cfa.harvard.edu/ImageDirectory/TRES-5260901080916.FITS","TRES-5","downloaded","",656640,1
"2026-09-06T01:12:26.727224","TRES-5260901081815","https://mo-www.cfa.harvard.edu/ImageDirectory/TRES-5260901081815.FITS","TRES-5","downloaded","",656640,1
"2026-09-06T01:12:26.757135","TRES-5260901082116","https://mo-www.cfa.harvard.edu/ImageDirectory/TRES-5260901082116.FITS","TRES-5","downloaded","",656640,1
"2026-09-06T01:12:26.856935","TRES-5260901081515","https://mo-www.cfa.harvard.edu/ImageDirectory/TRES-5260901081515.FITS","TRES-5","downloaded","",656640,1
"2026-09-06T01:12:27.161153","TRES-5260901082415","https://mo-www.cfa.harvard.edu/ImageDirectory/TRES-5260901082415.FITS","TRES-5","downloaded","",656640,1
"2026-09-06T01:12:27.470182","TRES-5260901083015","https://mo-www.cfa.harvard.edu/ImageDirectory/TRES-5260901083015.FITS","TRES-5","downloaded","",656640,1
"2026-09-06T01:12:27.570631","TRES-5260901082715","https://mo-www.cfa.harvard.edu/ImageDirectory/TRES-5260901082715.FITS","TRES-5","downloaded","",656640,1
"2026-09-06T01:12:27.582977","TRES-5260901083315","https://mo-www.cfa.harvard.edu/ImageDirectory/TRES-5260901083315.FITS","TRES-5","downloaded","",656640,1
"2026-09-06T01:12:27.645025","TRES-5260901083616","https://mo-www.cfa.harvard.edu/ImageDirectory/TRES-5260901083616.FITS","TRES-5","downloaded","",656640,1
"2026-09-06T01:12:27.993042","TRES-5260901083915","https://mo-www.cfa.harvard.edu/ImageDirectory/TRES-5260901083915.FITS","TRES-5","downloaded","",656640,1
"2026-09-06T01:12:28.658709","TRES-5260904041043","https://mo-www.cfa.harvard.edu/ImageDirectory/TRES-5260904041043.FITS","TRES-5","downloaded","",656640,1
"2026-09-06T01:12:28.689917","TRES-5260904041515","https://mo-www.cfa.harvard.edu/ImageDirectory/TRES-5260904041515.FITS","TRES-5","downloaded","",656640,1
"2026-09-06T01:12:28.808857","TRES-5260904041817","https://mo-www.cfa.harvard.edu/ImageDirectory/TRES-5260904041817.FITS","TRES-5","downloaded","",656640,1
"2026-09-06T01:12:28.910440","TRES-5260904042115","https://mo-www.cfa.harvard.edu/ImageDirectory/TRES-5260904042115.FITS","TRES-5","downloaded","",656640,1
"2026-09-06T01:12:28.970824","TRES-5260904041229","https://mo-www.cfa.harvard.edu/ImageDirectory/TRES-5260904041229.FITS","TRES-5","downloaded","",656640,1
"2026-09-06T01:12:29.065580","TRES-5260904042415","https://mo-www.cfa.harvard.edu/ImageDirectory/TRES-5260904042415.FITS","TRES-5","downloaded","",656640,1
"2026-09-06T01:12:29.377928","TRES-5260904042715","https://mo-www.cfa.harvard.edu/ImageDirectory/TRES-5260904042715.FITS","TRES-5","downloaded","",656640,1
"2026-09-06T01:12:29.379317","TRES-5260904043015","https://mo-www.cfa.harvard.edu/ImageDirectory/TRES-5260904043015.FITS","TRES-5","downloaded","",656640,1
"2026-09-06T01:12:29.596186","TRES-5260904043316","https://mo-www.cfa.harvard.edu/ImageDirectory/TRES-5260904043316.FITS","TRES-5","downloaded","",656640,1
"2026-09-06T01:12:29.780283","TRES-5260904043615","https://mo-www.cfa.harvard.edu/ImageDirectory/TRES-5260904043615.FITS","TRES-5","downloaded","",656640,1
"2026-09-06T01:12:29.906133","TRES-5260904044516","https://mo-www.cfa.harvard.edu/ImageDirectory/TRES-5260904044516.FITS","TRES-5","downloaded","",656640,1
"2026-09-06T01:12:30.225271","TRES-5260904043915","https://mo-www.cfa.harvard.edu/ImageDirectory/TRES-5260904043915.FITS","TRES-5","downloaded","",656640,1
"2026-09-06T01:12:30.238314","TRES-5260904044816","https://mo-www.cfa.harvard.edu/ImageDirectory/TRES-5260904044816.FITS","TRES-5","downloaded","",656640,1
"2026-09-06T01:12:30.323034","TRES-5260904044215","https://mo-www.cfa.harvard.edu/ImageDirectory/TRES-5260904044215.FITS","TRES-5","downloaded","",656640,1
"2026-09-06T01:12:30.692355","TRES-5260904045115","https://mo-www.cfa.harvard.edu/ImageDirectory/TRES-5260904045115.FITS","TRES-5","downloaded","",656640,1
"2026-09-06T01:12:30.854541","TRES-5260904045717","https://mo-www.cfa.harvard.edu/ImageDirectory/TRES-5260904045717.FITS","TRES-5","downloaded","",656640,1
"2026-09-06T01:12:30.923892","TRES-5260904045415","https://mo-www.cfa.harvard.edu/ImageDirectory/TRES-5260904045415.FITS","TRES-5","downloaded","",656640,1
"2026-09-06T01:12:31.127251","TRES-5260904050315","https://mo-www.cfa.harvard.edu/ImageDirectory/TRES-5260904050315.FITS","TRES-5","downloaded","",656640,1
"2026-09-06T01:12:31.243892","TRES-5260904050015","https://mo-www.cfa.harvard.edu/ImageDirectory/TRES-5260904050015.FITS","TRES-5","downloaded","",656640,1
"2026-09-06T01:12:31.449388","TRES-5260904050616","https://mo-www.cfa.harvard.edu/ImageDirectory/TRES-5260904050616.FITS","TRES-5","downloaded","",656640,1
"2026-09-06T01:12:32.387417","TRES-5260904051516","https://mo-www.cfa.harvard.edu/ImageDirectory/TRES-5260904051516.FITS","TRES-5","downloaded","",656640,1
"2026-09-06T01:12:32.475425","TRES-5260904051216","https://mo-www.cfa.harvard.edu/ImageDirectory/TRES-5260904051216.FITS","TRES-5","downloaded","",656640,1
"2026-09-06T01:12:32.500719","TRES-5260904050915","https://mo-www.cfa.harvard.edu/ImageDirectory/TRES-5260904050915.FITS","TRES-5","downloaded","",656640,1
"2026-09-06T01:12:32.652978","TRES-5260904052415","https://mo-www.cfa.harvard.edu/ImageDirectory/TRES-5260904052415.FITS","TRES-5","downloaded","",656640,1
"2026-09-06T01:12:32.714711","TRES-5260904051816","https://mo-www.cfa.harvard.edu/ImageDirectory/TRES-5260904051816.FITS","TRES-5","downloaded","",656640,1
"2026-09-06T01:12:32.830797","TRES-5260904052115","https://mo-www.cfa.harvard.edu/ImageDirectory/TRES-5260904052115.FITS","TRES-5","downloaded","",656640,1
"2026-09-06T01:12:32.873219","TRES-5260904053315","https://mo-www.cfa.harvard.edu/ImageDirectory/TRES-5260904053315.FITS","TRES-5","downloaded","",656640,1
"2026-09-06T01:12:33.053422","TRES-5260904052715","https://mo-www.cfa.harvard.edu/ImageDirectory/TRES-5260904052715.FITS","TRES-5","downloaded","",656640,1
"2026-09-06T01:12:33.076603","TRES-5260904053016","https://mo-www.cfa.harvard.edu/ImageDirectory/TRES-5260904053016.FITS","TRES-5","downloaded","",656640,1
"2026-09-06T01:12:33.333283","TRES-5260904053615","https://mo-www.cfa.harvard.edu/ImageDirectory/TRES-5260904053615.FITS","TRES-5","downloaded","",656640,1
"2026-09-06T01:12:33.538023","TRES-5260904053916","https://mo-www.cfa.harvard.edu/ImageDirectory/TRES-5260904053916.FITS","TRES-5","downloaded","",656640,1
"2026-09-06T01:12:33.834776","TRES-5260904054215","https://mo-www.cfa.harvard.edu/ImageDirectory/TRES-5260904054215.FITS","TRES-5","downloaded","",656640,1
"2026-09-06T01:12:33.980315","TRES-5260904054515","https://mo-www.cfa.harvard.edu/ImageDirectory/TRES-5260904054515.FITS","TRES-5","downloaded","",656640,1
"2026-09-06T01:12:34.247747","TRES-5260904055715","https://mo-www.cfa.harvard.edu/ImageDirectory/TRES-5260904055715.FITS","TRES-5","downloaded","",656640,1
"2026-09-06T01:12:34.321282","TRES-5260904055415","https://mo-www.cfa.harvard.edu/ImageDirectory/TRES-5260904055415.FITS","TRES-5","downloaded","",656640,1
"2026-09-06T01:12:34.482598","TRES-5260904055116","https://mo-www.cfa.harvard.edu/ImageDirectory/TRES-5260904055116.FITS","TRES-5","downloaded","",656640,1
"2026-09-06T01:12:34.542101","TRES-5260904060015","https://mo-www.cfa.harvard.edu/ImageDirectory/TRES-5260904060015.FITS","TRES-5","downloaded","",656640,1
"2026-09-06T01:12:34.587164","TRES-5260904060317","https://mo-www.cfa.harvard.edu/ImageDirectory/TRES-5260904060317.FITS","TRES-5","downloaded","",656640,1
"2026-09-06T01:12:34.620637","TRES-5260904060615","https://mo-www.cfa.harvard.edu/ImageDirectory/TRES-5260904060615.FITS","TRES-5","downloaded","",656640,1
"2026-09-06T01:12:35.296677","TRES-5260904061215","https://mo-www.cfa.harvard.edu/ImageDirectory/TRES-5260904061215.FITS","TRES-5","downloaded","",656640,1
"2026-09-06T01:12:35.410175","TRES-5260904060916","https://mo-www.cfa.harvard.edu/ImageDirectory/TRES-5260904060916.FITS","TRES-5","downloaded","",656640,1
"2026-09-06T01:12:35.441282","TRES-5260904061515","https://mo-www.cfa.harvard.edu/ImageDirectory/TRES-5260904061515.FITS","TRES-5","downloaded","",656640,1
"2026-09-06T01:12:35.501374","TRES-5260904061816","https://mo-www.cfa.harvard.edu/ImageDirectory/TRES-5260904061816.FITS","TRES-5","downloaded","",656640,1
"2026-09-06T01:12:35.792813","TRES-5260904062115","https://mo-www.cfa.harvard.edu/ImageDirectory/TRES-5260904062115.FITS","TRES-5","downloaded","",656640,1
"2026-09-06T01:12:35.926295","TRES-5260904062415","https://mo-www.cfa.harvard.edu/ImageDirectory/TRES-5260904062415.FITS","TRES-5","downloaded","",656640,1
"2026-09-06T01:12:36.207601","TRES-5260904062715","https://mo-www.cfa.harvard.edu/ImageDirectory/TRES-5260904062715.FITS","TRES-5","downloaded","",656640,1
"2026-09-06T01:12:36.725242","TRES-5260904063015","https://mo-www.cfa.harvard.edu/ImageDirectory/TRES-5260904063015.FITS","TRES-5","downloaded","",656640,1
"2026-09-06T01:12:36.846095","TRES-5260904063315","https://mo-www.cfa.harvard.edu/ImageDirectory/TRES-5260904063315.FITS","TRES-5","downloaded","",656640,1
"2026-09-06T01:12:36.924039","TRES-5260904063615","https://mo-www.cfa.harvard.edu/ImageDirectory/TRES-5260904063615.FITS","TRES-5","downloaded","",656640,1
"2026-09-06T01:12:37.106281","TRES-5260904063917","https://mo-www.cfa.harvard.edu/ImageDirectory/TRES-5260904063917.FITS","TRES-5","downloaded","",656640,1
"2026-09-06T01:12:37.218219","TRES-5260904064515","https://mo-www.cfa.harvard.edu/ImageDirectory/TRES-5260904064515.FITS","TRES-5","downloaded","",656640,1
"2026-09-06T01:12:37.222850","TRES-5260904064215","https://mo-www.cfa.harvard.edu/ImageDirectory/TRES-5260904064215.FITS","TRES-5","downloaded","",656640,1
"2026-09-06T01:12:37.413555","TRES-5260904064816","https://mo-www.cfa.harvard.edu/ImageDirectory/TRES-5260904064816.FITS","TRES-5","downloaded","",656640,1
"2026-09-06T01:12:37.630987","TRES-5260904065116","https://mo-www.cfa.harvard.edu/ImageDirectory/TRES-5260904065116.FITS","TRES-5","downloaded","",656640,1
"2026-09-06T01:12:38.006191","TRES-5260904065416","https://mo-www.cfa.harvard.edu/ImageDirectory/TRES-5260904065416.FITS","TRES-5","downloaded","",656640,1
"2026-09-06T01:12:38.153443","WASP-10260808054215","https://mo-www.cfa.harvard.edu/ImageDirectory/WASP-10260808054215.FITS","WASP-10","downloaded","",656640,1
"2026-09-06T01:12:38.173263","WASP-10260808054017","https://mo-www.cfa.harvard.edu/ImageDirectory/WASP-10260808054017.FITS","WASP-10","downloaded","",656640,1
"2026-09-06T01:12:38.224805","TRES-5260904065715","https://mo-www.cfa.harvard.edu/ImageDirectory/TRES-5260904065715.FITS","TRES-5","downloaded","",656640,1
"2026-09-06T01:12:38.952574","WASP-10260808054815","https://mo-www.cfa.harvard.edu/ImageDirectory/WASP-10260808054815.FITS","WASP-10","downloaded","",656640,1
"2026-09-06T01:12:39.019704","WASP-10260808055116","https://mo-www.cfa.harvard.edu/ImageDirectory/WASP-10260808055116.FITS","WASP-10","downloaded","",656640,1
"2026-09-06T01:12:39.034217","WASP-10260808054517","https://mo-www.cfa.harvard.edu/ImageDirectory/WASP-10260808054517.FITS","WASP-10","downloaded","",656640,1
"2026-09-06T01:12:39.059494","WASP-10260808055415","https://mo-www.cfa.harvard.edu/ImageDirectory/WASP-10260808055415.FITS","WASP-10","downloaded","",656640,1
"2026-09-06T01:12:39.374684","WASP-10260808060016","https://mo-www.cfa.harvard.edu/ImageDirectory/WASP-10260808060016.FITS","WASP-10","downloaded","",656640,1
"2026-09-06T01:12:39.498402","WASP-10260808060316","https://mo-www.cfa.harvard.edu/ImageDirectory/WASP-10260808060316.FITS","WASP-10","downloaded","",656640,1
"2026-09-06T01:12:39.508508","WASP-10260808055715","https://mo-www.cfa.harvard.edu/ImageDirectory/WASP-10260808055715.FITS","WASP-10","downloaded","",656640,1
"2026-09-06T01:12:39.629730","WASP-10260808060616","https://mo-www.cfa.harvard.edu/ImageDirectory/WASP-10260808060616.FITS","WASP-10","downloaded","",656640,1
"2026-09-06T01:12:39.631711","WASP-10260808060915","https://mo-www.cfa.harvard.edu/ImageDirectory/WASP-10260808060915.FITS","WASP-10","downloaded","",656640,1
"2026-09-06T01:12:39.847734","WASP-10260808061216","https://mo-www.cfa.harvard.edu/ImageDirectory/WASP-10260808061216.FITS","WASP-10","downloaded","",656640,1
"2026-09-06T01:12:40.240087","WASP-10260808061816","https://mo-www.cfa.harvard.edu/ImageDirectory/WASP-10260808061816.FITS","WASP-10","downloaded","",656640,1
"2026-09-06T01:12:40.264870","WASP-10260808061516","https://mo-www.cfa.harvard.edu/ImageDirectory/WASP-10260808061516.FITS","WASP-10","downloaded","",656640,1
"2026-09-06T01:12:40.342711","WASP-10260808062115","https://mo-www.cfa.harvard.edu/ImageDirectory/WASP-10260808062115.FITS","WASP-10","downloaded","",656640,1
"2026-09-06T01:12:40.352462","WASP-10260808062415","https://mo-www.cfa.harvard.edu/ImageDirectory/WASP-10260808062415.FITS","WASP-10","downloaded","",656640,1
"2026-09-06T01:12:40.670264","WASP-10260808062715","https://mo-www.cfa.harvard.edu/ImageDirectory/WASP-10260808062715.FITS","WASP-10","downloaded","",656640,1
"2026-09-06T01:12:40.724646","WASP-10260808063015","https://mo-www.cfa.harvard.edu/ImageDirectory/WASP-10260808063015.FITS","WASP-10","downloaded","",656640,1
"2026-09-06T01:12:41.051646","WASP-10260808063315","https://mo-www.cfa.harvard.edu/ImageDirectory/WASP-10260808063315.FITS","WASP-10","downloaded","",656640,1
"2026-09-06T01:12:41.283308","WASP-10260808063615","https://mo-www.cfa.harvard.edu/ImageDirectory/WASP-10260808063615.FITS","WASP-10","downloaded","",656640,1
"2026-09-06T01:12:41.352535","WASP-10260808063915","https://mo-www.cfa.harvard.edu/ImageDirectory/WASP-10260808063915.FITS","WASP-10","downloaded","",656640,1
"2026-09-06T01:12:41.826250","WASP-10260808064216","https://mo-www.cfa.harvard.edu/ImageDirectory/WASP-10260808064216.FITS","WASP-10","downloaded","",656640,1
"2026-09-06T01:12:41.988987","WASP-10260808065115","https://mo-www.cfa.harvard.edu/ImageDirectory/WASP-10260808065115.FITS","WASP-10","downloaded","",656640,1
"2026-09-06T01:12:42.064826","WASP-10260808064516","https://mo-www.cfa.harvard.edu/ImageDirectory/WASP-10260808064516.FITS","WASP-10","downloaded","",656640,1
"2026-09-06T01:12:42.097358","WASP-10260808064816","https://mo-www.cfa.harvard.edu/ImageDirectory/WASP-10260808064816.FITS","WASP-10","downloaded","",656640,1
"2026-09-06T01:12:42.233954","WASP-10260808065415","https://mo-www.cfa.harvard.edu/ImageDirectory/WASP-10260808065415.FITS","WASP-10","downloaded","",656640,1
"2026-09-06T01:12:42.553162","WASP-10260808070615","https://mo-www.cfa.harvard.edu/ImageDirectory/WASP-10260808070615.FITS","WASP-10","downloaded","",656640,1
"2026-09-06T01:12:42.644316","WASP-10260808070016","https://mo-www.cfa.harvard.edu/ImageDirectory/WASP-10260808070016.FITS","WASP-10","downloaded","",656640,1
"2026-09-06T01:12:42.696234","WASP-10260808065715","https://mo-www.cfa.harvard.edu/ImageDirectory/WASP-10260808065715.FITS","WASP-10","downloaded","",656640,1
"2026-09-06T01:12:42.775793","WASP-10260808070315","https://mo-www.cfa.harvard.edu/ImageDirectory/WASP-10260808070315.FITS","WASP-10","downloaded","",656640,1
"2026-09-06T01:12:42.933905","WASP-10260808070915","https://mo-www.cfa.harvard.edu/ImageDirectory/WASP-10260808070915.FITS","WASP-10","downloaded","",656640,1
"2026-09-06T01:12:43.122159","WASP-10260808071216","https://mo-www.cfa.harvard.edu/ImageDirectory/WASP-10260808071216.FITS","WASP-10","downloaded","",656640,1
"2026-09-06T01:12:43.127301","WASP-10260808072116","https://mo-www.cfa.harvard.edu/ImageDirectory/WASP-10260808072116.FITS","WASP-10","downloaded","",656640,1
"2026-09-06T01:12:43.403413","WASP-10260808072715","https://mo-www.cfa.harvard.edu/ImageDirectory/WASP-10260808072715.FITS","WASP-10","downloaded","",656640,1
"2026-09-06T01:12:43.476331","WASP-10260808072416","https://mo-www.cfa.harvard.edu/ImageDirectory/WASP-10260808072416.FITS","WASP-10","downloaded","",656640,1
"2026-09-06T01:12:44.049938","WASP-10260808073317","https://mo-www.cfa.harvard.edu/ImageDirectory/WASP-10260808073317.FITS","WASP-10","downloaded","",656640,1
"2026-09-06T01:12:44.066898","WASP-10260808073615","https://mo-www.cfa.harvard.edu/ImageDirectory/WASP-10260808073615.FITS","WASP-10","downloaded","",656640,1
"2026-09-06T01:12:44.419374","WASP-10260808074215","https://mo-www.cfa.harvard.edu/ImageDirectory/WASP-10260808074215.FITS","WASP-10","downloaded","",656640,1
"2026-09-06T01:12:44.704498","WASP-10260808074516","https://mo-www.cfa.harvard.edu/ImageDirectory/WASP-10260808074516.FITS","WASP-10","downloaded","",656640,1
"2026-09-06T01:12:44.816130","WASP-10260808074815","https://mo-www.cfa.harvard.edu/ImageDirectory/WASP-10260808074815.FITS","WASP-10","downloaded","",656640,1
"2026-09-06T01:12:44.879830","WASP-10260808075115","https://mo-www.cfa.harvard.edu/ImageDirectory/WASP-10260808075115.FITS","WASP-10","downloaded","",656640,1
"2026-09-06T01:12:45.351804","WASP-10260808075416","https://mo-www.cfa.harvard.edu/ImageDirectory/WASP-10260808075416.FITS","WASP-10","downloaded","",656640,1
"2026-09-06T01:12:45.486270","WASP-10260808075716","https://mo-www.cfa.harvard.edu/ImageDirectory/WASP-10260808075716.FITS","WASP-10","downloaded","",656640,1
"2026-09-06T01:12:45.511920","WASP-10260808080015","https://mo-www.cfa.harvard.edu/ImageDirectory/WASP-10260808080015.FITS","WASP-10","downloaded","",656640,1
"2026-09-06T01:12:45.586969","WASP-10260808080315","https://mo-www.cfa.harvard.edu/ImageDirectory/WASP-10260808080315.FITS","WASP-10","downloaded","",656640,1
"2026-09-06T01:12:45.642053","WASP-10260808081215","https://mo-www.cfa.harvard.edu/ImageDirectory/WASP-10260808081215.FITS","WASP-10","downloaded","",656640,1
"2026-09-06T01:12:45.847106","WASP-10260808081516","https://mo-www.cfa.harvard.edu/ImageDirectory/WASP-10260808081516.FITS","WASP-10","downloaded","",656640,1
"2026-09-06T01:12:46.123104","WASP-10260808081816","https://mo-www.cfa.harvard.edu/ImageDirectory/WASP-10260808081816.FITS","WASP-10","downloaded","",656640,1
"2026-09-06T01:12:46.694681","WASP-10260808082115","https://mo-www.cfa.harvard.edu/ImageDirectory/WASP-10260808082115.FITS","WASP-10","downloaded","",656640,1
"2026-09-06T01:12:46.983919","WASP-10260808082415","https://mo-www.cfa.harvard.edu/ImageDirectory/WASP-10260808082415.FITS","WASP-10","downloaded","",656640,1
"2026-09-06T01:12:47.342365","WASP-10260808083015","https://mo-www.cfa.harvard.edu/ImageDirectory/WASP-10260808083015.FITS","WASP-10","downloaded","",656640,1
"2026-09-06T01:12:47.541304","WASP-10260808083316","https://mo-www.cfa.harvard.edu/ImageDirectory/WASP-10260808083316.FITS","WASP-10","downloaded","",656640,1
"2026-09-06T01:12:47.551037","WASP-10260808083615","https://mo-www.cfa.harvard.edu/ImageDirectory/WASP-10260808083615.FITS","WASP-10","downloaded","",656640,1
"2026-09-06T01:12:47.793389","WASP-10260808083916","https://mo-www.cfa.harvard.edu/ImageDirectory/WASP-10260808083916.FITS","WASP-10","downloaded","",656640,1
"2026-09-06T01:12:47.951363","WASP-10260808084215","https://mo-www.cfa.harvard.edu/ImageDirectory/WASP-10260808084215.FITS","WASP-10","downloaded","",656640,1
"2026-09-06T01:12:48.067132","WASP-10260808085115","https://mo-www.cfa.harvard.edu/ImageDirectory/WASP-10260808085115.FITS","WASP-10","downloaded","",656640,1
"2026-09-06T01:12:48.113975","WASP-10260808084516","https://mo-www.cfa.harvard.edu/ImageDirectory/WASP-10260808084516.FITS","WASP-10","downloaded","",656640,1
"2026-09-06T01:12:48.184677","WASP-10260808084815","https://mo-www.cfa.harvard.edu/ImageDirectory/WASP-10260808084815.FITS","WASP-10","downloaded","",656640,1
"2026-09-06T01:12:48.290854","WASP-10260808085415","https://mo-www.cfa.harvard.edu/ImageDirectory/WASP-10260808085415.FITS","WASP-10","downloaded","",656640,1
"2026-09-06T01:12:48.541729","WASP-10260808085715","https://mo-www.cfa.harvard.edu/ImageDirectory/WASP-10260808085715.FITS","WASP-10","downloaded","",656640,1
"2026-09-06T01:12:49.215022","WASP-10260808090016","https://mo-www.cfa.harvard.edu/ImageDirectory/WASP-10260808090016.FITS","WASP-10","downloaded","",656640,1
"2026-09-06T01:12:49.496563","WASP-10260808090316","https://mo-www.cfa.harvard.edu/ImageDirectory/WASP-10260808090316.FITS","WASP-10","downloaded","",656640,1
"2026-09-06T01:12:49.651102","WASP-10260808090615","https://mo-www.cfa.harvard.edu/ImageDirectory/WASP-10260808090615.FITS","WASP-10","downloaded","",656640,1
"2026-09-06T01:12:49.890558","WASP-10260808090917","https://mo-www.cfa.harvard.edu/ImageDirectory/WASP-10260808090917.FITS","WASP-10","downloaded","",656640,1
"2026-09-06T01:12:49.895424","WASP-10260808091215","https://mo-www.cfa.harvard.edu/ImageDirectory/WASP-10260808091215.FITS","WASP-10","downloaded","",656640,1
"2026-09-06T01:12:50.760235","WASP-10260808092116","https://mo-www.cfa.harvard.edu/ImageDirectory/WASP-10260808092116.FITS","WASP-10","downloaded","",656640,1
"2026-09-06T01:12:50.770936","WASP-10260808092415","https://mo-www.cfa.harvard.edu/ImageDirectory/WASP-10260808092415.FITS","WASP-10","downloaded","",656640,1
"2026-09-06T01:12:50.899364","WASP-10260808091816","https://mo-www.cfa.harvard.edu/ImageDirectory/WASP-10260808091816.FITS","WASP-10","downloaded","",656640,1
"2026-09-06T01:12:50.919528","WASP-10260808093315","https://mo-www.cfa.harvard.edu/ImageDirectory/WASP-10260808093315.FITS","WASP-10","downloaded","",656640,1
"2026-09-06T01:12:50.943512","WASP-10260808093016","https://mo-www.cfa.harvard.edu/ImageDirectory/WASP-10260808093016.FITS","WASP-10","downloaded","",656640,1
"2026-09-06T01:12:52.044606","WASP-10260808093916","https://mo-www.cfa.harvard.edu/ImageDirectory/WASP-10260808093916.FITS","WASP-10","downloaded","",656640,1
"2026-09-06T01:12:52.335449","WASP-10260808094215","https://mo-www.cfa.harvard.edu/ImageDirectory/WASP-10260808094215.FITS","WASP-10","downloaded","",656640,1
"2026-09-06T01:12:52.501236","WASP-10260808094816","https://mo-www.cfa.harvard.edu/ImageDirectory/WASP-10260808094816.FITS","WASP-10","downloaded","",656640,1
"2026-09-06T01:12:52.523913","WASP-10260808094517","https://mo-www.cfa.harvard.edu/ImageDirectory/WASP-10260808094517.FITS","WASP-10","downloaded","",656640,1
"2026-09-06T01:12:53.111197","WASP-10260808095415","https://mo-www.cfa.harvard.edu/ImageDirectory/WASP-10260808095415.FITS","WASP-10","downloaded","",656640,1
"2026-09-06T01:12:53.254288","WASP-10260808095117","https://mo-www.cfa.harvard.edu/ImageDirectory/WASP-10260808095117.FITS","WASP-10","downloaded","",656640,1
"2026-09-06T01:12:53.373404","WASP-2260811065433","https://mo-www.cfa.harvard.edu/ImageDirectory/WASP-2260811065433.FITS","WASP-2","downloaded","",656640,1
"2026-09-06T01:12:53.422349","TRES-5260904054815","https://mo-www.cfa.harvard.edu/ImageDirectory/TRES-5260904054815.FITS","TRES-5","downloaded","",656640,1
"2026-09-06T01:12:53.452666","WASP-2260811065834","https://mo-www.cfa.harvard.edu/ImageDirectory/WASP-2260811065834.FITS","WASP-2","downloaded","",656640,1
"2026-09-06T01:12:54.484461","WASP-2260811070422","https://mo-www.cfa.harvard.edu/ImageDirectory/WASP-2260811070422.FITS","WASP-2","downloaded","",656640,1
"2026-09-06T01:12:54.877523","WASP-2260811071216","https://mo-www.cfa.harvard.edu/ImageDirectory/WASP-2260811071216.FITS","WASP-2","downloaded","",656640,1
"2026-09-06T01:12:55.141524","WASP-2260811070915","https://mo-www.cfa.harvard.edu/ImageDirectory/WASP-2260811070915.FITS","WASP-2","downloaded","",656640,1
"2026-09-06T01:12:55.658523","WASP-2260811071516","https://mo-www.cfa.harvard.edu/ImageDirectory/WASP-2260811071516.FITS","WASP-2","downloaded","",656640,1
"2026-09-06T01:12:55.798834","WASP-2260811072116","https://mo-www.cfa.harvard.edu/ImageDirectory/WASP-2260811072116.FITS","WASP-2","downloaded","",656640,1
"2026-09-06T01:12:55.832228","WASP-2260811072417","https://mo-www.cfa.harvard.edu/ImageDirectory/WASP-2260811072417.FITS","WASP-2","downloaded","",656640,1
"2026-09-06T01:12:55.836376","WASP-2260811072716","https://mo-www.cfa.harvard.edu/ImageDirectory/WASP-2260811072716.FITS","WASP-2","downloaded","",656640,1
"2026-09-06T01:12:55.941210","WASP-2260811071817","https://mo-www.cfa.harvard.edu/ImageDirectory/WASP-2260811071817.FITS","WASP-2","downloaded","",656640,1
"2026-09-06T01:12:57.141168","WASP-2260811073315","https://mo-www.cfa.harvard.edu/ImageDirectory/WASP-2260811073315.FITS","WASP-2","downloaded","",656640,1
"2026-09-06T01:12:57.410748","WASP-2260811073615","https://mo-www.cfa.harvard.edu/ImageDirectory/WASP-2260811073615.FITS","WASP-2","downloaded","",656640,1
"2026-09-06T01:12:58.055431","WASP-2260811073917","https://mo-www.cfa.harvard.edu/ImageDirectory/WASP-2260811073917.FITS","WASP-2","downloaded","",656640,1
"2026-09-06T01:12:58.265874","WASP-2260811074216","https://mo-www.cfa.harvard.edu/ImageDirectory/WASP-2260811074216.FITS","WASP-2","downloaded","",656640,1
"2026-09-06T01:12:58.317998","WASP-2260811074816","https://mo-www.cfa.harvard.edu/ImageDirectory/WASP-2260811074816.FITS","WASP-2","downloaded","",656640,1
"2026-09-06T01:12:58.380321","WASP-2260811075115","https://mo-www.cfa.harvard.edu/ImageDirectory/WASP-2260811075115.FITS","WASP-2","downloaded","",656640,1
"2026-09-06T01:12:58.434638","WASP-2260811074516","https://mo-www.cfa.harvard.edu/ImageDirectory/WASP-2260811074516.FITS","WASP-2","downloaded","",656640,1
"2026-09-06T01:12:59.552135","WASP-2260811075416","https://mo-www.cfa.harvard.edu/ImageDirectory/WASP-2260811075416.FITS","WASP-2","downloaded","",656640,1
"2026-09-06T01:12:59.875539","WASP-2260811075716","https://mo-www.cfa.harvard.edu/ImageDirectory/WASP-2260811075716.FITS","WASP-2","downloaded","",656640,1
"2026-09-06T01:13:00.547403","WASP-2260811080016","https://mo-www.cfa.harvard.edu/ImageDirectory/WASP-2260811080016.FITS","WASP-2","downloaded","",656640,1
"2026-09-06T01:13:00.625089","WASP-2260811080315","https://mo-www.cfa.harvard.edu/ImageDirectory/WASP-2260811080315.FITS","WASP-2","downloaded","",656640,1
"2026-09-06T01:13:00.673109","WASP-2260811080616","https://mo-www.cfa.harvard.edu/ImageDirectory/WASP-2260811080616.FITS","WASP-2","downloaded","",656640,1
"2026-09-06T01:13:00.755534","WASP-2260811081216","https://mo-www.cfa.harvard.edu/ImageDirectory/WASP-2260811081216.FITS","WASP-2","downloaded","",656640,1
"2026-09-06T01:13:00.879102","WASP-2260811080915","https://mo-www.cfa.harvard.edu/ImageDirectory/WASP-2260811080915.FITS","WASP-2","downloaded","",656640,1
"2026-09-06T01:13:01.876320","WASP-2260811081516","https://mo-www.cfa.harvard.edu/ImageDirectory/WASP-2260811081516.FITS","WASP-2","downloaded","",656640,1
"2026-09-06T01:13:02.224768","WASP-2260811081816","https://mo-www.cfa.harvard.edu/ImageDirectory/WASP-2260811081816.FITS","WASP-2","downloaded","",656640,1
"2026-09-06T01:13:02.881631","WASP-10260808071516","https://mo-www.cfa.harvard.edu/ImageDirectory/WASP-10260808071516.FITS","WASP-10","downloaded","",656640,1
"2026-09-06T01:13:02.977395","WASP-10260808071815","https://mo-www.cfa.harvard.edu/ImageDirectory/WASP-10260808071815.FITS","WASP-10","downloaded","",656640,1
"2026-09-06T01:13:03.101636","WASP-2260811082117","https://mo-www.cfa.harvard.edu/ImageDirectory/WASP-2260811082117.FITS","WASP-2","downloaded","",656640,1
"2026-09-06T01:13:03.117024","WASP-2260811082716","https://mo-www.cfa.harvard.edu/ImageDirectory/WASP-2260811082716.FITS","WASP-2","downloaded","",656640,1
"2026-09-06T01:13:03.221544","WASP-2260811082415","https://mo-www.cfa.harvard.edu/ImageDirectory/WASP-2260811082415.FITS","WASP-2","downloaded","",656640,1
"2026-09-06T01:13:03.291786","WASP-2260811083315","https://mo-www.cfa.harvard.edu/ImageDirectory/WASP-2260811083315.FITS","WASP-2","downloaded","",656640,1
"2026-09-06T01:13:03.333150","WASP-2260811083015","https://mo-www.cfa.harvard.edu/ImageDirectory/WASP-2260811083015.FITS","WASP-2","downloaded","",656640,1
"2026-09-06T01:13:03.873240","WASP-10260808073016","https://mo-www.cfa.harvard.edu/ImageDirectory/WASP-10260808073016.FITS","WASP-10","downloaded","",656640,1
"2026-09-06T01:13:04.626698","WASP-2260811083616","https://mo-www.cfa.harvard.edu/ImageDirectory/WASP-2260811083616.FITS","WASP-2","downloaded","",656640,1
"2026-09-06T01:13:04.721456","WASP-10260808073915","https://mo-www.cfa.harvard.edu/ImageDirectory/WASP-10260808073915.FITS","WASP-10","downloaded","",656640,1
"2026-09-06T01:13:04.754388","WASP-2260811083917","https://mo-www.cfa.harvard.edu/ImageDirectory/WASP-2260811083917.FITS","WASP-2","downloaded","",656640,1
"2026-09-06T01:13:05.437808","WASP-2260811084215","https://mo-www.cfa.harvard.edu/ImageDirectory/WASP-2260811084215.FITS","WASP-2","downloaded","",656640,1
"2026-09-06T01:13:05.604020","WASP-2260811084515","https://mo-www.cfa.harvard.edu/ImageDirectory/WASP-2260811084515.FITS","WASP-2","downloaded","",656640,1
"2026-09-06T01:13:05.802677","WASP-2260811085115","https://mo-www.cfa.harvard.edu/ImageDirectory/WASP-2260811085115.FITS","WASP-2","downloaded","",656640,1
"2026-09-06T01:13:05.860633","WASP-2260811084815","https://mo-www.cfa.harvard.edu/ImageDirectory/WASP-2260811084815.FITS","WASP-2","downloaded","",656640,1
"2026-09-06T01:13:05.943996","WASP-10260808080616","https://mo-www.cfa.harvard.edu/ImageDirectory/WASP-10260808080616.FITS","WASP-10","downloaded","",656640,1
"2026-09-06T01:13:06.205317","WASP-2260811090015","https://mo-www.cfa.harvard.edu/ImageDirectory/WASP-2260811090015.FITS","WASP-2","downloaded","",656640,1
"2026-09-06T01:13:06.206403","WASP-2260811085716","https://mo-www.cfa.harvard.edu/ImageDirectory/WASP-2260811085716.FITS","WASP-2","downloaded","",656640,1
"2026-09-06T01:13:06.270138","WASP-2260811085416","https://mo-www.cfa.harvard.edu/ImageDirectory/WASP-2260811085416.FITS","WASP-2","downloaded","",656640,1
"2026-09-06T01:13:06.319745","WASP-10260808080916","https://mo-www.cfa.harvard.edu/ImageDirectory/WASP-10260808080916.FITS","WASP-10","downloaded","",656640,1
"2026-09-06T01:13:06.349711","WASP-2260811090317","https://mo-www.cfa.harvard.edu/ImageDirectory/WASP-2260811090317.FITS","WASP-2","downloaded","",656640,1
"2026-09-06T01:13:06.982555","WASP-10260808082715","https://mo-www.cfa.harvard.edu/ImageDirectory/WASP-10260808082715.FITS","WASP-10","downloaded","",656640,1
"2026-09-06T01:13:07.334967","WASP-2260811090618","https://mo-www.cfa.harvard.edu/ImageDirectory/WASP-2260811090618.FITS","WASP-2","downloaded","",656640,1
"2026-09-06T01:13:07.353246","WASP-2260811090916","https://mo-www.cfa.harvard.edu/ImageDirectory/WASP-2260811090916.FITS","WASP-2","downloaded","",656640,1
"2026-09-06T01:13:07.392287","WASP-2260811091215","https://mo-www.cfa.harvard.edu/ImageDirectory/WASP-2260811091215.FITS","WASP-2","downloaded","",656640,1
"2026-09-06T01:13:07.931819","WASP-2260811091816","https://mo-www.cfa.harvard.edu/ImageDirectory/WASP-2260811091816.FITS","WASP-2","downloaded","",656640,1
"2026-09-06T01:13:08.007339","WASP-2260811091516","https://mo-www.cfa.harvard.edu/ImageDirectory/WASP-2260811091516.FITS","WASP-2","downloaded","",656640,1
"2026-09-06T01:13:08.353884","WASP-2260811092416","https://mo-www.cfa.harvard.edu/ImageDirectory/WASP-2260811092416.FITS","WASP-2","downloaded","",656640,1
"2026-09-06T01:13:08.438277","WASP-2260811092117","https://mo-www.cfa.harvard.edu/ImageDirectory/WASP-2260811092117.FITS","WASP-2","downloaded","",656640,1
"2026-09-06T01:13:08.502094","WASP-2260811092716","https://mo-www.cfa.harvard.edu/ImageDirectory/WASP-2260811092716.FITS","WASP-2","downloaded","",656640,1
"2026-09-06T01:13:08.820096","WASP-2260811093916","https://mo-www.cfa.harvard.edu/ImageDirectory/WASP-2260811093916.FITS","WASP-2","downloaded","",656640,1
"2026-09-06T01:13:08.854917","WASP-2260811093015","https://mo-www.cfa.harvard.edu/ImageDirectory/WASP-2260811093015.FITS","WASP-2","downloaded","",656640,1
"2026-09-06T01:13:08.899482","WASP-2260811093315","https://mo-www.cfa.harvard.edu/ImageDirectory/WASP-2260811093315.FITS","WASP-2","downloaded","",656640,1
"2026-09-06T01:13:08.921020","WASP-2260811093617","https://mo-www.cfa.harvard.edu/ImageDirectory/WASP-2260811093617.FITS","WASP-2","downloaded","",656640,1
"2026-09-06T01:13:09.070827","WASP-2260811094217","https://mo-www.cfa.harvard.edu/ImageDirectory/WASP-2260811094217.FITS","WASP-2","downloaded","",656640,1
"2026-09-06T01:13:09.354566","WASP-2260811094515","https://mo-www.cfa.harvard.edu/ImageDirectory/WASP-2260811094515.FITS","WASP-2","downloaded","",656640,1
"2026-09-06T01:13:10.002843","WASP-2260811095415","https://mo-www.cfa.harvard.edu/ImageDirectory/WASP-2260811095415.FITS","WASP-2","downloaded","",656640,1
"2026-09-06T01:13:10.022587","WASP-2260811095117","https://mo-www.cfa.harvard.edu/ImageDirectory/WASP-2260811095117.FITS","WASP-2","downloaded","",656640,1
"2026-09-06T01:13:10.023865","WASP-2260811094815","https://mo-www.cfa.harvard.edu/ImageDirectory/WASP-2260811094815.FITS","WASP-2","downloaded","",656640,1
"2026-09-06T01:13:10.439912","WASP-2260811095716","https://mo-www.cfa.harvard.edu/ImageDirectory/WASP-2260811095716.FITS","WASP-2","downloaded","",656640,1
"2026-09-06T01:13:10.708182","WASP-10260808091516","https://mo-www.cfa.harvard.edu/ImageDirectory/WASP-10260808091516.FITS","WASP-10","downloaded","",656640,1
"2026-09-06T01:13:10.718968","WASP-10260808092716","https://mo-www.cfa.harvard.edu/ImageDirectory/WASP-10260808092716.FITS","WASP-10","downloaded","",656640,1
"2026-09-06T01:13:10.883104","WASP-2260811100316","https://mo-www.cfa.harvard.edu/ImageDirectory/WASP-2260811100316.FITS","WASP-2","downloaded","",656640,1
"2026-09-06T01:13:11.008643","WASP-2260811100916","https://mo-www.cfa.harvard.edu/ImageDirectory/WASP-2260811100916.FITS","WASP-2","downloaded","",656640,1
"2026-09-06T01:13:11.040839","WASP-2260811100616","https://mo-www.cfa.harvard.edu/ImageDirectory/WASP-2260811100616.FITS","WASP-2","downloaded","",656640,1
"2026-09-06T01:13:11.423298","WASP-2260811101516","https://mo-www.cfa.harvard.edu/ImageDirectory/WASP-2260811101516.FITS","WASP-2","downloaded","",656640,1
"2026-09-06T01:13:11.637948","WASP-2260811101815","https://mo-www.cfa.harvard.edu/ImageDirectory/WASP-2260811101815.FITS","WASP-2","downloaded","",656640,1
"2026-09-06T01:13:11.675447","WASP-2260811102117","https://mo-www.cfa.harvard.edu/ImageDirectory/WASP-2260811102117.FITS","WASP-2","downloaded","",656640,1
"2026-09-06T01:13:11.711693","WASP-2260811102716","https://mo-www.cfa.harvard.edu/ImageDirectory/WASP-2260811102716.FITS","WASP-2","downloaded","",656640,1
"2026-09-06T01:13:12.075017","WASP-10260808093615","https://mo-www.cfa.harvard.edu/ImageDirectory/WASP-10260808093615.FITS","WASP-10","downloaded","",656640,1
"2026-09-06T01:13:13.330353","WASP-2260811103315","https://mo-www.cfa.harvard.edu/ImageDirectory/WASP-2260811103315.FITS","WASP-2","downloaded","",656640,1
"2026-09-06T01:13:13.364135","WASP-2260811103015","https://mo-www.cfa.harvard.edu/ImageDirectory/WASP-2260811103015.FITS","WASP-2","downloaded","",656640,1
"2026-09-06T01:13:13.386798","WASP-2260811103617","https://mo-www.cfa.harvard.edu/ImageDirectory/WASP-2260811103617.FITS","WASP-2","downloaded","",656640,1
"2026-09-06T01:13:13.760208","WASP-2260811103915","https://mo-www.cfa.harvard.edu/ImageDirectory/WASP-2260811103915.FITS","WASP-2","downloaded","",656640,1
"2026-09-06T01:13:14.116918","WASP-2260811104216","https://mo-www.cfa.harvard.edu/ImageDirectory/WASP-2260811104216.FITS","WASP-2","downloaded","",656640,1
"2026-09-06T01:13:14.203886","WASP-2260811070235","https://mo-www.cfa.harvard.edu/ImageDirectory/WASP-2260811070235.FITS","WASP-2","downloaded","",656640,1
"2026-09-06T01:13:14.204370","WASP-2260824045415","https://mo-www.cfa.harvard.edu/ImageDirectory/WASP-2260824045415.FITS","WASP-2","downloaded","",656640,1
"2026-09-06T01:13:14.288676","WASP-2260824045231","https://mo-www.cfa.harvard.edu/ImageDirectory/WASP-2260824045231.FITS","WASP-2","downloaded","",656640,1
"2026-09-06T01:13:14.334964","WASP-2260824045715","https://mo-www.cfa.harvard.edu/ImageDirectory/WASP-2260824045715.FITS","WASP-2","downloaded","",656640,1
"2026-09-06T01:13:14.363954","WASP-2260811104516","https://mo-www.cfa.harvard.edu/ImageDirectory/WASP-2260811104516.FITS","WASP-2","downloaded","",656640,1
"2026-09-06T01:13:15.106202","WASP-2260824050015","https://mo-www.cfa.harvard.edu/ImageDirectory/WASP-2260824050015.FITS","WASP-2","downloaded","",656640,1
"2026-09-06T01:13:15.557702","WASP-2260824050616","https://mo-www.cfa.harvard.edu/ImageDirectory/WASP-2260824050616.FITS","WASP-2","downloaded","",656640,1
"2026-09-06T01:13:15.606383","WASP-2260824050915","https://mo-www.cfa.harvard.edu/ImageDirectory/WASP-2260824050915.FITS","WASP-2","downloaded","",656640,1
"2026-09-06T01:13:15.638030","WASP-2260824050316","https://mo-www.cfa.harvard.edu/ImageDirectory/WASP-2260824050316.FITS","WASP-2","downloaded","",656640,1
"2026-09-06T01:13:15.759124","WASP-2260824051215","https://mo-www.cfa.harvard.edu/ImageDirectory/WASP-2260824051215.FITS","WASP-2","downloaded","",656640,1
"2026-09-06T01:13:15.790833","WASP-2260811070615","https://mo-www.cfa.harvard.edu/ImageDirectory/WASP-2260811070615.FITS","WASP-2","downloaded","",656640,1
"2026-09-06T01:13:16.138970","WASP-2260824052115","https://mo-www.cfa.harvard.edu/ImageDirectory/WASP-2260824052115.FITS","WASP-2","downloaded","",656640,1
"2026-09-06T01:13:16.186836","WASP-2260824051815","https://mo-www.cfa.harvard.edu/ImageDirectory/WASP-2260824051815.FITS","WASP-2","downloaded","",656640,1
"2026-09-06T01:13:16.538215","WASP-2260824051516","https://mo-www.cfa.harvard.edu/ImageDirectory/WASP-2260824051516.FITS","WASP-2","downloaded","",656640,1
"2026-09-06T01:13:16.631014","WASP-2260824052415","https://mo-www.cfa.harvard.edu/ImageDirectory/WASP-2260824052415.FITS","WASP-2","downloaded","",656640,1
"2026-09-06T01:13:16.885273","WASP-2260824053017","https://mo-www.cfa.harvard.edu/ImageDirectory/WASP-2260824053017.FITS","WASP-2","downloaded","",656640,1
"2026-09-06T01:13:16.942895","WASP-2260824052715","https://mo-www.cfa.harvard.edu/ImageDirectory/WASP-2260824052715.FITS","WASP-2","downloaded","",656640,1
"2026-09-06T01:13:17.108605","WASP-2260824053616","https://mo-www.cfa.harvard.edu/ImageDirectory/WASP-2260824053616.FITS","WASP-2","downloaded","",656640,1
"2026-09-06T01:13:17.237196","WASP-2260824054216","https://mo-www.cfa.harvard.edu/ImageDirectory/WASP-2260824054216.FITS","WASP-2","downloaded","",656640,1
"2026-09-06T01:13:17.460855","WASP-2260824053915","https://mo-www.cfa.harvard.edu/ImageDirectory/WASP-2260824053915.FITS","WASP-2","downloaded","",656640,1
"2026-09-06T01:13:17.530007","WASP-2260824053316","https://mo-www.cfa.harvard.edu/ImageDirectory/WASP-2260824053316.FITS","WASP-2","downloaded","",656640,1
"2026-09-06T01:13:18.000466","WASP-2260811073015","https://mo-www.cfa.harvard.edu/ImageDirectory/WASP-2260811073015.FITS","WASP-2","downloaded","",656640,1
"2026-09-06T01:13:18.039959","WASP-2260824054516","https://mo-www.cfa.harvard.edu/ImageDirectory/WASP-2260824054516.FITS","WASP-2","downloaded","",656640,1
"2026-09-06T01:13:18.385851","WASP-2260824055415","https://mo-www.cfa.harvard.edu/ImageDirectory/WASP-2260824055415.FITS","WASP-2","downloaded","",656640,1
"2026-09-06T01:13:18.457290","WASP-2260824054815","https://mo-www.cfa.harvard.edu/ImageDirectory/WASP-2260824054815.FITS","WASP-2","downloaded","",656640,1
"2026-09-06T01:13:18.475976","WASP-2260824055715","https://mo-www.cfa.harvard.edu/ImageDirectory/WASP-2260824055715.FITS","WASP-2","downloaded","",656640,1
"2026-09-06T01:13:18.468295","WASP-2260824055115","https://mo-www.cfa.harvard.edu/ImageDirectory/WASP-2260824055115.FITS","WASP-2","downloaded","",656640,1
"2026-09-06T01:13:18.869099","WASP-2260824060015","https://mo-www.cfa.harvard.edu/ImageDirectory/WASP-2260824060015.FITS","WASP-2","downloaded","",656640,1
"2026-09-06T01:13:18.923449","WASP-2260824060615","https://mo-www.cfa.harvard.edu/ImageDirectory/WASP-2260824060615.FITS","WASP-2","downloaded","",656640,1
"2026-09-06T01:13:18.935670","WASP-2260824060315","https://mo-www.cfa.harvard.edu/ImageDirectory/WASP-2260824060315.FITS","WASP-2","downloaded","",656640,1
"2026-09-06T01:13:19.280842","WASP-2260824061215","https://mo-www.cfa.harvard.edu/ImageDirectory/WASP-2260824061215.FITS","WASP-2","downloaded","",656640,1
"2026-09-06T01:13:19.379777","WASP-2260824060915","https://mo-www.cfa.harvard.edu/ImageDirectory/WASP-2260824060915.FITS","WASP-2","downloaded","",656640,1
"2026-09-06T01:13:19.466590","WASP-2260824061516","https://mo-www.cfa.harvard.edu/ImageDirectory/WASP-2260824061516.FITS","WASP-2","downloaded","",656640,1
"2026-09-06T01:13:19.617717","WASP-2260824061815","https://mo-www.cfa.harvard.edu/ImageDirectory/WASP-2260824061815.FITS","WASP-2","downloaded","",656640,1
"2026-09-06T01:13:19.764059","WASP-2260824062415","https://mo-www.cfa.harvard.edu/ImageDirectory/WASP-2260824062415.FITS","WASP-2","downloaded","",656640,1
"2026-09-06T01:13:19.958248","WASP-2260824062115","https://mo-www.cfa.harvard.edu/ImageDirectory/WASP-2260824062115.FITS","WASP-2","downloaded","",656640,1
"2026-09-06T01:13:20.302901","WASP-2260824062715","https://mo-www.cfa.harvard.edu/ImageDirectory/WASP-2260824062715.FITS","WASP-2","downloaded","",656640,1
"2026-09-06T01:13:20.624863","WASP-2260824063016","https://mo-www.cfa.harvard.edu/ImageDirectory/WASP-2260824063016.FITS","WASP-2","downloaded","",656640,1
"2026-09-06T01:13:20.804086","WASP-2260824063615","https://mo-www.cfa.harvard.edu/ImageDirectory/WASP-2260824063615.FITS","WASP-2","downloaded","",656640,1
"2026-09-06T01:13:20.959287","WASP-2260824063315","https://mo-www.cfa.harvard.edu/ImageDirectory/WASP-2260824063315.FITS","WASP-2","downloaded","",656640,1
"2026-09-06T01:13:21.520529","WASP-2260824063916","https://mo-www.cfa.harvard.edu/ImageDirectory/WASP-2260824063916.FITS","WASP-2","downloaded","",656640,1
"2026-09-06T01:13:21.575361","WASP-2260824064215","https://mo-www.cfa.harvard.edu/ImageDirectory/WASP-2260824064215.FITS","WASP-2","downloaded","",656640,1
"2026-09-06T01:13:21.858009","WASP-2260824064516","https://mo-www.cfa.harvard.edu/ImageDirectory/WASP-2260824064516.FITS","WASP-2","downloaded","",656640,1
"2026-09-06T01:13:22.038969","WASP-2260824064815","https://mo-www.cfa.harvard.edu/ImageDirectory/WASP-2260824064815.FITS","WASP-2","downloaded","",656640,1
"2026-09-06T01:13:22.924712","WASP-2260824065115","https://mo-www.cfa.harvard.edu/ImageDirectory/WASP-2260824065115.FITS","WASP-2","downloaded","",656640,1
"2026-09-06T01:13:23.027603","WASP-2260824065715","https://mo-www.cfa.harvard.edu/ImageDirectory/WASP-2260824065715.FITS","WASP-2","downloaded","",656640,1
"2026-09-06T01:13:23.154316","WASP-2260824065416","https://mo-www.cfa.harvard.edu/ImageDirectory/WASP-2260824065416.FITS","WASP-2","downloaded","",656640,1
"2026-09-06T01:13:23.397641","WASP-2260824070615","https://mo-www.cfa.harvard.edu/ImageDirectory/WASP-2260824070615.FITS","WASP-2","downloaded","",656640,1
"2026-09-06T01:13:23.398162","WASP-2260824070315","https://mo-www.cfa.harvard.edu/ImageDirectory/WASP-2260824070315.FITS","WASP-2","downloaded","",656640,1
"2026-09-06T01:13:23.438062","WASP-2260824070015","https://mo-www.cfa.harvard.edu/ImageDirectory/WASP-2260824070015.FITS","WASP-2","downloaded","",656640,1
"2026-09-06T01:13:23.522546","WASP-2260824070916","https://mo-www.cfa.harvard.edu/ImageDirectory/WASP-2260824070916.FITS","WASP-2","downloaded","",656640,1
"2026-09-06T01:13:23.785870","WASP-2260824071215","https://mo-www.cfa.harvard.edu/ImageDirectory/WASP-2260824071215.FITS","WASP-2","downloaded","",656640,1
"2026-09-06T01:13:24.017579","WASP-2260824071815","https://mo-www.cfa.harvard.edu/ImageDirectory/WASP-2260824071815.FITS","WASP-2","downloaded","",656640,1
"2026-09-06T01:13:24.075071","WASP-2260824072115","https://mo-www.cfa.harvard.edu/ImageDirectory/WASP-2260824072115.FITS","WASP-2","downloaded","",656640,1
"2026-09-06T01:13:24.085533","WASP-2260824071515","https://mo-www.cfa.harvard.edu/ImageDirectory/WASP-2260824071515.FITS","WASP-2","downloaded","",656640,1
"2026-09-06T01:13:24.142497","WASP-2260824072416","https://mo-www.cfa.harvard.edu/ImageDirectory/WASP-2260824072416.FITS","WASP-2","downloaded","",656640,1
"2026-09-06T01:13:24.432588","WASP-2260824072716","https://mo-www.cfa.harvard.edu/ImageDirectory/WASP-2260824072716.FITS","WASP-2","downloaded","",656640,1
"2026-09-06T01:13:24.533616","WASP-2260824073015","https://mo-www.cfa.harvard.edu/ImageDirectory/WASP-2260824073015.FITS","WASP-2","downloaded","",656640,1
"2026-09-06T01:13:24.569899","WASP-2260824073315","https://mo-www.cfa.harvard.edu/ImageDirectory/WASP-2260824073315.FITS","WASP-2","downloaded","",656640,1
"2026-09-06T01:13:24.796807","WASP-2260824073915","https://mo-www.cfa.harvard.edu/ImageDirectory/WASP-2260824073915.FITS","WASP-2","downloaded","",656640,1
"2026-09-06T01:13:24.846100","WASP-2260824073615","https://mo-www.cfa.harvard.edu/ImageDirectory/WASP-2260824073615.FITS","WASP-2","downloaded","",656640,1
"2026-09-06T01:13:24.974192","WASP-2260811100016","https://mo-www.cfa.harvard.edu/ImageDirectory/WASP-2260811100016.FITS","WASP-2","downloaded","",656640,1
"2026-09-06T01:13:26.068824","WASP-2260824074215","https://mo-www.cfa.harvard.edu/ImageDirectory/WASP-2260824074215.FITS","WASP-2","downloaded","",656640,1
"2026-09-06T01:13:26.276740","WASP-2260824074515","https://mo-www.cfa.harvard.edu/ImageDirectory/WASP-2260824074515.FITS","WASP-2","downloaded","",656640,1
"2026-09-06T01:13:26.280108","WASP-2260811101216","https://mo-www.cfa.harvard.edu/ImageDirectory/WASP-2260811101216.FITS","WASP-2","downloaded","",656640,1
"2026-09-06T01:13:26.387331","WASP-2260824075416","https://mo-www.cfa.harvard.edu/ImageDirectory/WASP-2260824075416.FITS","WASP-2","downloaded","",656640,1
"2026-09-06T01:13:26.466202","WASP-2260824075115","https://mo-www.cfa.harvard.edu/ImageDirectory/WASP-2260824075115.FITS","WASP-2","downloaded","",656640,1
"2026-09-06T01:13:26.509506","WASP-2260811102416","https://mo-www.cfa.harvard.edu/ImageDirectory/WASP-2260811102416.FITS","WASP-2","downloaded","",656640,1
"2026-09-06T01:13:26.541412","WASP-2260824080015","https://mo-www.cfa.harvard.edu/ImageDirectory/WASP-2260824080015.FITS","WASP-2","downloaded","",656640,1
"2026-09-06T01:13:26.571310","WASP-2260824075715","https://mo-www.cfa.harvard.edu/ImageDirectory/WASP-2260824075715.FITS","WASP-2","downloaded","",656640,1
"2026-09-06T01:13:27.053897","WASP-2260824080316","https://mo-www.cfa.harvard.edu/ImageDirectory/WASP-2260824080316.FITS","WASP-2","downloaded","",656640,1
"2026-09-06T01:13:27.202614","WASP-2260824074815","https://mo-www.cfa.harvard.edu/ImageDirectory/WASP-2260824074815.FITS","WASP-2","downloaded","",656640,1
"2026-09-06T01:13:27.301287","WASP-2260824080615","https://mo-www.cfa.harvard.edu/ImageDirectory/WASP-2260824080615.FITS","WASP-2","downloaded","",656640,1
"2026-09-06T01:13:27.420253","WASP-2260824081215","https://mo-www.cfa.harvard.edu/ImageDirectory/WASP-2260824081215.FITS","WASP-2","downloaded","",656640,1
"2026-09-06T01:13:27.429723","WASP-2260824080915","https://mo-www.cfa.harvard.edu/ImageDirectory/WASP-2260824080915.FITS","WASP-2","downloaded","",656640,1
"2026-09-06T01:13:27.637080","WASP-2260824082415","https://mo-www.cfa.harvard.edu/ImageDirectory/WASP-2260824082415.FITS","WASP-2","downloaded","",656640,1
"2026-09-06T01:13:27.673355","WASP-2260824081816","https://mo-www.cfa.harvard.edu/ImageDirectory/WASP-2260824081816.FITS","WASP-2","downloaded","",656640,1
"2026-09-06T01:13:27.673989","WASP-2260824081515","https://mo-www.cfa.harvard.edu/ImageDirectory/WASP-2260824081515.FITS","WASP-2","downloaded","",656640,1
"2026-09-06T01:13:27.736330","WASP-2260824082115","https://mo-www.cfa.harvard.edu/ImageDirectory/WASP-2260824082115.FITS","WASP-2","downloaded","",656640,1
"2026-09-06T01:13:27.831871","WASP-2260824082715","https://mo-www.cfa.harvard.edu/ImageDirectory/WASP-2260824082715.FITS","WASP-2","downloaded","",656640,1
"2026-09-06T01:13:27.959357","WASP-2260824083316","https://mo-www.cfa.harvard.edu/ImageDirectory/WASP-2260824083316.FITS","WASP-2","downloaded","",656640,1
"2026-09-06T01:13:27.975429","WASP-2260824083015","https://mo-www.cfa.harvard.edu/ImageDirectory/WASP-2260824083015.FITS","WASP-2","downloaded","",656640,1
"2026-09-06T01:13:28.590375","WASP-2260824083615","https://mo-www.cfa.harvard.edu/ImageDirectory/WASP-2260824083615.FITS","WASP-2","downloaded","",656640,1
"2026-09-06T01:13:28.759418","WASP-2260824083916","https://mo-www.cfa.harvard.edu/ImageDirectory/WASP-2260824083916.FITS","WASP-2","downloaded","",656640,1
