filename,datetime,fits_url,fov,exposure,filter,target,telescope,site,user,is_calibration,session_id,filepath,download_status,file_size
Dark-C-260806124514,2026-08-06 12:45:14,https://mo-www.cfa.harvard.edu/ImageDirectory/Dark-C-260806124514.FITS,Main,60.00,Opaque,Calibration,Cecilia,AZ,moguest,True,,calibration\2026-08-06\Dark-C-260806124514.fits,already_exists,656640
Dark-C-260806125119,2026-08-06 12:51:19,https://mo-www.cfa.harvard.edu/ImageDirectory/Dark-C-260806125119.FITS,Main,60.00,Opaque,Calibration,Cecilia,AZ,moguest,True,,calibration\2026-08-06\Dark-C-260806125119.fits,already_exists,656640
Dark-C-260807123949,2026-08-07 12:39:49,https://mo-www.cfa.harvard.edu/ImageDirectory/Dark-C-260807123949.FITS,Main,60.00,Opaque,Calibration,Cecilia,AZ,moguest,True,,calibration\2026-08-07\Dark-C-260807123949.fits,already_exists,656640
Dark-C-260807124553,2026-08-07 12:45:53,https://mo-www.cfa.harvard.edu/ImageDirectory/Dark-C-260807124553.FITS,Main,60.00,Opaque,Calibration,Cecilia,AZ,moguest,True,,calibration\2026-08-07\Dark-C-260807124553.fits,already_exists,656640
Dark-C-260808123758,2026-08-08 12:37:58,https://mo-www.cfa.harvard.edu/ImageDirectory/Dark-C-260808123758.FITS,Main,60.00,Opaque,Calibration,Cecilia,AZ,moguest,True,,calibration\2026-08-08\Dark-C-260808123758.fits,already_exists,656640
Dark-C-260808124401,2026-08-08 12:44:01,https://mo-www.cfa.harvard.edu/ImageDirectory/Dark-C-260808124401.FITS,Main,60.00,Opaque,Calibration,Cecilia,AZ,moguest,True,,calibration\2026-08-08\Dark-C-260808124401.fits,already_exists,656640
Dark-C-260809052054,2026-08-09 05:20:54,https://mo-www.cfa.harvard.edu/ImageDirectory/Dark-C-260809052054.FITS,Main,60.00,Opaque,Calibration,Cecilia,AZ,moguest,True,,calibration\2026-08-09\Dark-C-260809052054.fits,already_exists,656640
Dark-C-260809052457,2026-08-09 05:24:57,https://mo-www.cfa.harvard.edu/ImageDirectory/Dark-C-260809052457.FITS,Main,60.00,Opaque,Calibration,Cecilia,AZ,moguest,True,,calibration\2026-08-09\Dark-C-260809052457.fits,already_exists,656640
Dark-C-260810123529,2026-08-10 12:35:29,https://mo-www.cfa.harvard.edu/ImageDirectory/Dark-C-260810123529.FITS,Main,60.00,Opaque,Calibration,Cecilia,AZ,moguest,True,,calibration\2026-08-10\Dark-C-260810123529.fits,already_exists,656640
Dark-C-260810124133,2026-08-10 12:41:33,https://mo-www.cfa.harvard.edu/ImageDirectory/Dark-C-260810124133.FITS,Main,60.00,Opaque,Calibration,Cecilia,AZ,moguest,True,,calibration\2026-08-10\Dark-C-260810124133.fits,downloaded,656640
Dark-C-260811065634,2026-08-11 06:56:34,https://mo-www.cfa.harvard.edu/ImageDirectory/Dark-C-260811065634.FITS,Main,60.00,Opaque,Calibration,Cecilia,AZ,moguest,True,,calibration\2026-08-11\Dark-C-260811065634.fits,downloaded,656640
Dark-C-260811070036,2026-08-11 07:00:36,https://mo-www.cfa.harvard.edu/ImageDirectory/Dark-C-260811070036.FITS,Main,60.00,Opaque,Calibration,Cecilia,AZ,moguest,True,,calibration\2026-08-11\Dark-C-260811070036.fits,downloaded,656640
Dark-C-260812132017,2026-08-12 13:20:17,https://mo-www.cfa.harvard.edu/ImageDirectory/Dark-C-260812132017.FITS,Main,60.00,Opaque,Calibration,Cecilia,AZ,moguest,True,,calibration\2026-08-12\Dark-C-260812132017.fits,downloaded,656640
Dark-C-260812132634,2026-08-12 13:26:34,https://mo-www.cfa.harvard.edu/ImageDirectory/Dark-C-260812132634.FITS,Main,60.00,Opaque,Calibration,Cecilia,AZ,moguest,True,,calibration\2026-08-12\Dark-C-260812132634.fits,downloaded,656640
Dark-C-260813131225,2026-08-13 13:12:25,https://mo-www.cfa.harvard.edu/ImageDirectory/Dark-C-260813131225.FITS,Main,60.00,Opaque,Calibration,Cecilia,AZ,moguest,True,,calibration\2026-08-13\Dark-C-260813131225.fits,downloaded,656640
Dark-C-260813131845,2026-08-13 13:18:45,https://mo-www.cfa.harvard.edu/ImageDirectory/Dark-C-260813131845.FITS,Main,60.00,Opaque,Calibration,Cecilia,AZ,moguest,True,,calibration\2026-08-13\Dark-C-260813131845.fits,downloaded,656640
Dark-C-260814041126,2026-08-14 04:11:26,https://mo-www.cfa.harvard.edu/ImageDirectory/Dark-C-260814041126.FITS,Main,60.00,Opaque,Calibration,Cecilia,AZ,moguest,True,,calibration\2026-08-14\Dark-C-260814041126.fits,downloaded,656640
Dark-C-260814041518,2026-08-14 04:15:18,https://mo-www.cfa.harvard.edu/ImageDirectory/Dark-C-260814041518.FITS,Main,60.00,Opaque,Calibration,Cecilia,AZ,moguest,True,,calibration\2026-08-14\Dark-C-260814041518.fits,downloaded,656640
Dark-C-260815125751,2026-08-15 12:57:51,https://mo-www.cfa.harvard.edu/ImageDirectory/Dark-C-260815125751.FITS,Main,60.00,Opaque,Calibration,Cecilia,AZ,moguest,True,,calibration\2026-08-15\Dark-C-260815125751.fits,downloaded,656640
Dark-C-260815130350,2026-08-15 13:03:50,https://mo-www.cfa.harvard.edu/ImageDirectory/Dark-C-260815130350.FITS,Main,60.00,Opaque,Calibration,Cecilia,AZ,moguest,True,,calibration\2026-08-15\Dark-C-260815130350.fits,downloaded,656640
Dark-C-260816105136,2026-08-16 10:51:36,https://mo-www.cfa.harvard.edu/ImageDirectory/Dark-C-260816105136.FITS,Main,60.00,Opaque,Calibration,Cecilia,AZ,moguest,True,,calibration\2026-08-16\Dark-C-260816105136.fits,downloaded,656640
Dark-C-260816105416,2026-08-16 10:54:16,https://mo-www.cfa.harvard.edu/ImageDirectory/Dark-C-260816105416.FITS,Main,60.00,Opaque,Calibration,Cecilia,AZ,moguest,True,,calibration\2026-08-16\Dark-C-260816105416.fits,downloaded,656640
Dark-C-260817143529,2026-08-17 14:35:29,https://mo-www.cfa.harvard.edu/ImageDirectory/Dark-C-260817143529.FITS,Main,60.00,Opaque,Calibration,Cecilia,AZ,moguest,True,,calibration\2026-08-17\Dark-C-260817143529.fits,downloaded,656640
Dark-C-260817144151,2026-08-17 14:41:51,https://mo-www.cfa.harvard.edu/ImageDirectory/Dark-C-260817144151.FITS,Main,60.00,Opaque,Calibration,Cecilia,AZ,moguest,True,,calibration\2026-08-17\Dark-C-260817144151.fits,downloaded,656640
Dark-C-260818123305,2026-08-18 12:33:05,https://mo-www.cfa.harvard.edu/ImageDirectory/Dark-C-260818123305.FITS,Main,60.00,Opaque,Calibration,Cecilia,AZ,moguest,True,,calibration\2026-08-18\Dark-C-260818123305.fits,downloaded,656640
Dark-C-260818123900,2026-08-18 12:39:00,https://mo-www.cfa.harvard.edu/ImageDirectory/Dark-C-260818123900.FITS,Main,60.00,Opaque,Calibration,Cecilia,AZ,moguest,True,,calibration\2026-08-18\Dark-C-260818123900.fits,downloaded,656640
Dark-C-260819131908,2026-08-19 13:19:08,https://mo-www.cfa.harvard.edu/ImageDirectory/Dark-C-260819131908.FITS,Main,60.00,Opaque,Calibration,Cecilia,AZ,moguest,True,,calibration\2026-08-19\Dark-C-260819131908.fits,downloaded,656640
Dark-C-260819132516,2026-08-19 13:25:17,https://mo-www.cfa.harvard.edu/ImageDirectory/Dark-C-260819132516.FITS,Main,60.00,Opaque,Calibration,Cecilia,AZ,moguest,True,,calibration\2026-08-19\Dark-C-260819132516.fits,downloaded,656640
Dark-C-260820122815,2026-08-20 12:28:15,https://mo-www.cfa.harvard.edu/ImageDirectory/Dark-C-260820122815.FITS,Main,60.00,Opaque,Calibration,Cecilia,AZ,moguest,True,,calibration\2026-08-20\Dark-C-260820122815.fits,downloaded,656640
Dark-C-260820123412,2026-08-20 12:34:12,https://mo-www.cfa.harvard.edu/ImageDirectory/Dark-C-260820123412.FITS,Main,60.00,Opaque,Calibration,Cecilia,AZ,moguest,True,,calibration\2026-08-20\Dark-C-260820123412.fits,downloaded,656640
Dark-C-260821102439,2026-08-21 10:24:39,https://mo-www.cfa.harvard.edu/ImageDirectory/Dark-C-260821102439.FITS,Main,60.00,Opaque,Calibration,Cecilia,AZ,moguest,True,,calibration\2026-08-21\Dark-C-260821102439.fits,downloaded,656640
Dark-C-260821102716,2026-08-21 10:27:16,https://mo-www.cfa.harvard.edu/ImageDirectory/Dark-C-260821102716.FITS,Main,60.00,Opaque,Calibration,Cecilia,AZ,moguest,True,,calibration\2026-08-21\Dark-C-260821102716.fits,downloaded,656640
Dark-C-260822130005,2026-08-22 13:00:05,https://mo-www.cfa.harvard.edu/ImageDirectory/Dark-C-260822130005.FITS,Main,60.00,Opaque,Calibration,Cecilia,AZ,moguest,True,,calibration\2026-08-22\Dark-C-260822130005.fits,downloaded,656640
Dark-C-260822130612,2026-08-22 13:06:12,https://mo-www.cfa.harvard.edu/ImageDirectory/Dark-C-260822130612.FITS,Main,60.00,Opaque,Calibration,Cecilia,AZ,moguest,True,,calibration\2026-08-22\Dark-C-260822130612.fits,downloaded,656640
Dark-C-260823133356,2026-08-23 13:33:56,https://mo-www.cfa.harvard.edu/ImageDirectory/Dark-C-260823133356.FITS,Main,60.00,Opaque,Calibration,Cecilia,AZ,moguest,True,,calibration\2026-08-23\Dark-C-260823133356.fits,downloaded,656640
Dark-C-260823134010,2026-08-23 13:40:10,https://mo-www.cfa.harvard.edu/ImageDirectory/Dark-C-260823134010.FITS,Main,60.00,Opaque,Calibration,Cecilia,AZ,moguest,True,,calibration\2026-08-23\Dark-C-260823134010.fits,downloaded,656640
Dark-C-260824084249,2026-08-24 08:42:49,https://mo-www.cfa.harvard.edu/ImageDirectory/Dark-C-260824084249.FITS,Main,60.00,Opaque,Calibration,Cecilia,AZ,moguest,True,,calibration\2026-08-24\Dark-C-260824084249.fits,downloaded,656640
Dark-C-260824084515,2026-08-24 08:45:15,https://mo-www.cfa.harvard.edu/ImageDirectory/Dark-C-260824084515.FITS,Main,60.00,Opaque,Calibration,Cecilia,AZ,moguest,True,,calibration\2026-08-24\Dark-C-260824084515.fits,downloaded,656640
Dark-C-260825120049,2026-08-25 12:00:49,https://mo-www.cfa.harvard.edu/ImageDirectory/Dark-C-260825120049.FITS,Main,60.00,Opaque,Calibration,Cecilia,AZ,moguest,True,,calibration\2026-08-25\Dark-C-260825120049.fits,downloaded,656640
Dark-C-260825120641,2026-08-25 12:06:41,https://mo-www.cfa.harvard.edu/ImageDirectory/Dark-C-260825120641.FITS,Main,60.00,Opaque,Calibration,Cecilia,AZ,moguest,True,,calibration\2026-08-25\Dark-C-260825120641.fits,downloaded,656640
Dark-C-260826130241,2026-08-26 13:02:41,https://mo-www.cfa.harvard.edu/ImageDirectory/Dark-C-260826130241.FITS,Main,60.00,Opaque,Calibration,Cecilia,AZ,moguest,True,,calibration\2026-08-26\Dark-C-260826130241.fits,downloaded,656640
Dark-C-260826130852,2026-08-26 13:08:52,https://mo-www.cfa.harvard.edu/ImageDirectory/Dark-C-260826130852.FITS,Main,60.00,Opaque,Calibration,Cecilia,AZ,moguest,True,,calibration\2026-08-26\Dark-C-260826130852.fits,downloaded,656640
Dark-C-260827114853,2026-08-27 11:48:53,https://mo-www.cfa.harvard.edu/ImageDirectory/Dark-C-260827114853.FITS,Main,60.00,Opaque,Calibration,Cecilia,AZ,moguest,True,,calibration\2026-08-27\Dark-C-260827114853.fits,downloaded,656640
Dark-C-260827115115,2026-08-27 11:51:15,https://mo-www.cfa.harvard.edu/ImageDirectory/Dark-C-260827115115.FITS,Main,60.00,Opaque,Calibration,Cecilia,AZ,moguest,True,,calibration\2026-08-27\Dark-C-260827115115.fits,downloaded,656640
Dark-C-260828122643,2026-08-28 12:26:43,https://mo-www.cfa.harvard.edu/ImageDirectory/Dark-C-260828122643.FITS,Main,60.00,Opaque,Calibration,Cecilia,AZ,moguest,True,,calibration\2026-08-28\Dark-C-260828122643.fits,downloaded,656640
Dark-C-260828123245,2026-08-28 12:32:45,https://mo-www.cfa.harvard.edu/ImageDirectory/Dark-C-260828123245.FITS,Main,60.00,Opaque,Calibration,Cecilia,AZ,moguest,True,,calibration\2026-08-28\Dark-C-260828123245.fits,downloaded,656640
Dark-C-260829130648,2026-08-29 13:06:48,https://mo-www.cfa.harvard.edu/ImageDirectory/Dark-C-260829130648.FITS,Main,60.00,Opaque,Calibration,Cecilia,AZ,moguest,True,,calibration\2026-08-29\Dark-C-260829130648.fits,downloaded,656640
Dark-C-260829131251,2026-08-29 13:12:51,https://mo-www.cfa.harvard.edu/ImageDirectory/Dark-C-260829131251.FITS,Main,60.00,Opaque,Calibration,Cecilia,AZ,moguest,True,,calibration\2026-08-29\Dark-C-260829131251.fits,downloaded,656640
Dark-C-260830105947,2026-08-30 10:59:47,https://mo-www.cfa.harvard.edu/ImageDirectory/Dark-C-260830105947.FITS,Main,60.00,Opaque,Calibration,Cecilia,AZ,moguest,True,,calibration\2026-08-30\Dark-C-260830105947.fits,downloaded,656640
Dark-C-260830110132,2026-08-30 11:01:32,https://mo-www.cfa.harvard.edu/ImageDirectory/Dark-C-260830110132.FITS,Main,60.00,Opaque,Calibration,Cecilia,AZ,moguest,True,,calibration\2026-08-30\Dark-C-260830110132.fits,downloaded,656640
Dark-C-260831071252,2026-08-31 07:12:52,https://mo-www.cfa.harvard.edu/ImageDirectory/Dark-C-260831071252.FITS,Main,60.00,Opaque,Calibration,Cecilia,AZ,moguest,True,,calibration\2026-08-31\Dark-C-260831071252.fits,downloaded,656640
Dark-C-260831071515,2026-08-31 07:15:15,https://mo-www.cfa.harvard.edu/ImageDirectory/Dark-C-260831071515.FITS,Main,60.00,Opaque,Calibration,Cecilia,AZ,moguest,True,,calibration\2026-08-31\Dark-C-260831071515.fits,downloaded,656640
Dark-C-260901125558,2026-09-01 12:55:58,https://mo-www.cfa.harvard.edu/ImageDirectory/Dark-C-260901125558.FITS,Main,60.00,Opaque,Calibration,Cecilia,AZ,moguest,True,,calibration\2026-09-01\Dark-C-260901125558.fits,downloaded,656640
Dark-C-260901130158,2026-09-01 13:01:58,https://mo-www.cfa.harvard.edu/ImageDirectory/Dark-C-260901130158.FITS,Main,60.00,Opaque,Calibration,Cecilia,AZ,moguest,True,,calibration\2026-09-01\Dark-C-260901130158.fits,downloaded,656640
Dark-C-260902122959,2026-09-02 12:29:59,https://mo-www.cfa.harvard.edu/ImageDirectory/Dark-C-260902122959.FITS,Main,60.00,Opaque,Calibration,Cecilia,AZ,moguest,True,,calibration\2026-09-02\Dark-C-260902122959.fits,downloaded,656640
Dark-C-260902123555,2026-09-02 12:35:55,https://mo-www.cfa.harvard.edu/ImageDirectory/Dark-C-260902123555.FITS,Main,60.00,Opaque,Calibration,Cecilia,AZ,moguest,True,,calibration\2026-09-02\Dark-C-260902123555.fits,downloaded,656640
Dark-C-260903101018,2026-09-03 10:10:18,https://mo-www.cfa.harvard.edu/ImageDirectory/Dark-C-260903101018.FITS,Main,60.00,Opaque,Calibration,Cecilia,AZ,moguest,True,,calibration\2026-09-03\Dark-C-260903101018.fits,downloaded,656640
Dark-C-260903101215,2026-09-03 10:12:15,https://mo-www.cfa.harvard.edu/ImageDirectory/Dark-C-260903101215.FITS,Main,60.00,Opaque,Calibration,Cecilia,AZ,moguest,True,,calibration\2026-09-03\Dark-C-260903101215.fits,downloaded,656640
Dark-C-260905122732,2026-09-05 12:27:32,https://mo-www.cfa.harvard.edu/ImageDirectory/Dark-C-260905122732.FITS,Main,60.00,Opaque,Calibration,Cecilia,AZ,moguest,True,,calibration\2026-09-05\Dark-C-260905122732.fits,downloaded,656640
Dark-C-260905123330,2026-09-05 12:33:30,https://mo-www.cfa.harvard.edu/ImageDirectory/Dark-C-260905123330.FITS,Main,60.00,Opaque,Calibration,Cecilia,AZ,moguest,True,,calibration\2026-09-05\Dark-C-260905123330.fits,downloaded,656640
CoRoT-2260809051853,2026-08-09 05:18:53,https://mo-www.cfa.harvard.edu/ImageDirectory/CoRoT-2260809051853.FITS,Main,60.00,Clear,CoRoT-2,Cecilia,AZ,moguest,False,session_01,observations\2026-08-09\CoRoT-2\session_01\CoRoT-2260809051853.fits,downloaded,656640
CoRoT-2260809052256,2026-08-09 05:22:56,https://mo-www.cfa.harvard.edu/ImageDirectory/CoRoT-2260809052256.FITS,Main,60.00,Clear,CoRoT-2,Cecilia,AZ,moguest,False,session_01,observations\2026-08-09\CoRoT-2\session_01\CoRoT-2260809052256.fits,downloaded,656640
CoRoT-2260809052658,2026-08-09 05:26:58,https://mo-www.cfa.harvard.edu/ImageDirectory/CoRoT-2260809052658.FITS,Main,60.00,Clear,CoRoT-2,Cecilia,AZ,moguest,False,session_01,observations\2026-08-09\CoRoT-2\session_01\CoRoT-2260809052658.fits,downloaded,656640
CoRoT-2260809052844,2026-08-09 05:28:44,https://mo-www.cfa.harvard.edu/ImageDirectory/CoRoT-2260809052844.FITS,Main,60.00,Clear,CoRoT-2,Cecilia,AZ,moguest,False,session_01,observations\2026-08-09\CoRoT-2\session_01\CoRoT-2260809052844.fits,downloaded,656640
CoRoT-2260809053031,2026-08-09 05:30:31,https://mo-www.cfa.harvard.edu/ImageDirectory/CoRoT-2260809053031.FITS,Main,60.00,Clear,CoRoT-2,Cecilia,AZ,moguest,False,session_01,observations\2026-08-09\CoRoT-2\session_01\CoRoT-2260809053031.fits,downloaded,656640
CoRoT-2260809053315,2026-08-09 05:33:15,https://mo-www.cfa.harvard.edu/ImageDirectory/CoRoT-2260809053315.FITS,Main,60.00,Clear,CoRoT-2,Cecilia,AZ,moguest,False,session_01,observations\2026-08-09\CoRoT-2\session_01\CoRoT-2260809053315.fits,downloaded,656640
CoRoT-2260809053616,2026-08-09 05:36:16,https://mo-www.cfa.harvard.edu/ImageDirectory/CoRoT-2260809053616.FITS,Main,60.00,Clear,CoRoT-2,Cecilia,AZ,moguest,False,session_01,observations\2026-08-09\CoRoT-2\session_01\CoRoT-2260809053616.fits,downloaded,656640
CoRoT-2260809053915,2026-08-09 05:39:15,https://mo-www.cfa.harvard.edu/ImageDirectory/CoRoT-2260809053915.FITS,Main,60.00,Clear,CoRoT-2,Cecilia,AZ,moguest,False,session_01,observations\2026-08-09\CoRoT-2\session_01\CoRoT-2260809053915.fits,downloaded,656640
CoRoT-2260809054215,2026-08-09 05:42:15,https://mo-www.cfa.harvard.edu/ImageDirectory/CoRoT-2260809054215.FITS,Main,60.00,Clear,CoRoT-2,Cecilia,AZ,moguest,False,session_01,observations\2026-08-09\CoRoT-2\session_01\CoRoT-2260809054215.fits,downloaded,656640
CoRoT-2260809054516,2026-08-09 05:45:16,https://mo-www.cfa.harvard.edu/ImageDirectory/CoRoT-2260809054516.FITS,Main,60.00,Clear,CoRoT-2,Cecilia,AZ,moguest,False,session_01,observations\2026-08-09\CoRoT-2\session_01\CoRoT-2260809054516.fits,downloaded,656640
CoRoT-2260809054815,2026-08-09 05:48:15,https://mo-www.cfa.harvard.edu/ImageDirectory/CoRoT-2260809054815.FITS,Main,60.00,Clear,CoRoT-2,Cecilia,AZ,moguest,False,session_01,observations\2026-08-09\CoRoT-2\session_01\CoRoT-2260809054815.fits,downloaded,656640
CoRoT-2260809055115,2026-08-09 05:51:15,https://mo-www.cfa.harvard.edu/ImageDirectory/CoRoT-2260809055115.FITS,Main,60.00,Clear,CoRoT-2,Cecilia,AZ,moguest,False,session_01,observations\2026-08-09\CoRoT-2\session_01\CoRoT-2260809055115.fits,downloaded,656640
CoRoT-2260809055417,2026-08-09 05:54:17,https://mo-www.cfa.harvard.edu/ImageDirectory/CoRoT-2260809055417.FITS,Main,60.00,Clear,CoRoT-2,Cecilia,AZ,moguest,False,session_01,observations\2026-08-09\CoRoT-2\session_01\CoRoT-2260809055417.fits,downloaded,656640
CoRoT-2260809055716,2026-08-09 05:57:16,https://mo-www.cfa.harvard.edu/ImageDirectory/CoRoT-2260809055716.FITS,Main,60.00,Clear,CoRoT-2,Cecilia,AZ,moguest,False,session_01,observations\2026-08-09\CoRoT-2\session_01\CoRoT-2260809055716.fits,downloaded,656640
CoRoT-2260809060015,2026-08-09 06:00:15,https://mo-www.cfa.harvard.edu/ImageDirectory/CoRoT-2260809060015.FITS,Main,60.00,Clear,CoRoT-2,Cecilia,AZ,moguest,False,session_01,observations\2026-08-09\CoRoT-2\session_01\CoRoT-2260809060015.fits,downloaded,656640
CoRoT-2260809060316,2026-08-09 06:03:16,https://mo-www.cfa.harvard.edu/ImageDirectory/CoRoT-2260809060316.FITS,Main,60.00,Clear,CoRoT-2,Cecilia,AZ,moguest,False,session_01,observations\2026-08-09\CoRoT-2\session_01\CoRoT-2260809060316.fits,downloaded,656640
CoRoT-2260809060615,2026-08-09 06:06:15,https://mo-www.cfa.harvard.edu/ImageDirectory/CoRoT-2260809060615.FITS,Main,60.00,Clear,CoRoT-2,Cecilia,AZ,moguest,False,session_01,observations\2026-08-09\CoRoT-2\session_01\CoRoT-2260809060615.fits,downloaded,656640
CoRoT-2260809060916,2026-08-09 06:09:16,https://mo-www.cfa.harvard.edu/ImageDirectory/CoRoT-2260809060916.FITS,Main,60.00,Clear,CoRoT-2,Cecilia,AZ,moguest,False,session_01,observations\2026-08-09\CoRoT-2\session_01\CoRoT-2260809060916.fits,downloaded,656640
CoRoT-2260809061215,2026-08-09 06:12:15,https://mo-www.cfa.harvard.edu/ImageDirectory/CoRoT-2260809061215.FITS,Main,60.00,Clear,CoRoT-2,Cecilia,AZ,moguest,False,session_01,observations\2026-08-09\CoRoT-2\session_01\CoRoT-2260809061215.fits,downloaded,656640
CoRoT-2260809061515,2026-08-09 06:15:15,https://mo-www.cfa.harvard.edu/ImageDirectory/CoRoT-2260809061515.FITS,Main,60.00,Clear,CoRoT-2,Cecilia,AZ,moguest,False,session_01,observations\2026-08-09\CoRoT-2\session_01\CoRoT-2260809061515.fits,downloaded,656640
CoRoT-2260809061815,2026-08-09 06:18:15,https://mo-www.cfa.harvard.edu/ImageDirectory/CoRoT-2260809061815.FITS,Main,60.00,Clear,CoRoT-2,Cecilia,AZ,moguest,False,session_01,observations\2026-08-09\CoRoT-2\session_01\CoRoT-2260809061815.fits,downloaded,656640
CoRoT-2260809062115,2026-08-09 06:21:15,https://mo-www.cfa.harvard.edu/ImageDirectory/CoRoT-2260809062115.FITS,Main,60.00,Clear,CoRoT-2,Cecilia,AZ,moguest,False,session_01,observations\2026-08-09\CoRoT-2\session_01\CoRoT-2260809062115.fits,downloaded,656640
CoRoT-2260809062415,2026-08-09 06:24:15,https://mo-www.cfa.harvard.edu/ImageDirectory/CoRoT-2260809062415.FITS,Main,60.00,Clear,CoRoT-2,Cecilia,AZ,moguest,False,session_01,observations\2026-08-09\CoRoT-2\session_01\CoRoT-2260809062415.fits,downloaded,656640
CoRoT-2260809062715,2026-08-09 06:27:15,https://mo-www.cfa.harvard.edu/ImageDirectory/CoRoT-2260809062715.FITS,Main,60.00,Clear,CoRoT-2,Cecilia,AZ,moguest,False,session_01,observations\2026-08-09\CoRoT-2\session_01\CoRoT-2260809062715.fits,downloaded,656640
CoRoT-2260809063016,2026-08-09 06:30:16,https://mo-www.cfa.harvard.edu/ImageDirectory/CoRoT-2260809063016.FITS,Main,60.00,Clear,CoRoT-2,Cecilia,AZ,moguest,False,session_01,observations\2026-08-09\CoRoT-2\session_01\CoRoT-2260809063016.fits,downloaded,656640
CoRoT-2260809063316,2026-08-09 06:33:16,https://mo-www.cfa.harvard.edu/ImageDirectory/CoRoT-2260809063316.FITS,Main,60.00,Clear,CoRoT-2,Cecilia,AZ,moguest,False,session_01,observations\2026-08-09\CoRoT-2\session_01\CoRoT-2260809063316.fits,downloaded,656640
CoRoT-2260809063615,2026-08-09 06:36:15,https://mo-www.cfa.harvard.edu/ImageDirectory/CoRoT-2260809063615.FITS,Main,60.00,Clear,CoRoT-2,Cecilia,AZ,moguest,False,session_01,observations\2026-08-09\CoRoT-2\session_01\CoRoT-2260809063615.fits,downloaded,656640
CoRoT-2260809063915,2026-08-09 06:39:15,https://mo-www.cfa.harvard.edu/ImageDirectory/CoRoT-2260809063915.FITS,Main,60.00,Clear,CoRoT-2,Cecilia,AZ,moguest,False,session_01,observations\2026-08-09\CoRoT-2\session_01\CoRoT-2260809063915.fits,downloaded,656640
CoRoT-2260809064216,2026-08-09 06:42:16,https://mo-www.cfa.harvard.edu/ImageDirectory/CoRoT-2260809064216.FITS,Main,60.00,Clear,CoRoT-2,Cecilia,AZ,moguest,False,session_01,observations\2026-08-09\CoRoT-2\session_01\CoRoT-2260809064216.fits,downloaded,656640
CoRoT-2260809064515,2026-08-09 06:45:15,https://mo-www.cfa.harvard.edu/ImageDirectory/CoRoT-2260809064515.FITS,Main,60.00,Clear,CoRoT-2,Cecilia,AZ,moguest,False,session_01,observations\2026-08-09\CoRoT-2\session_01\CoRoT-2260809064515.fits,downloaded,656640
CoRoT-2260809064815,2026-08-09 06:48:15,https://mo-www.cfa.harvard.edu/ImageDirectory/CoRoT-2260809064815.FITS,Main,60.00,Clear,CoRoT-2,Cecilia,AZ,moguest,False,session_01,observations\2026-08-09\CoRoT-2\session_01\CoRoT-2260809064815.fits,downloaded,656640
CoRoT-2260809065116,2026-08-09 06:51:16,https://mo-www.cfa.harvard.edu/ImageDirectory/CoRoT-2260809065116.FITS,Main,60.00,Clear,CoRoT-2,Cecilia,AZ,moguest,False,session_01,observations\2026-08-09\CoRoT-2\session_01\CoRoT-2260809065116.fits,downloaded,656640
CoRoT-2260809065416,2026-08-09 06:54:16,https://mo-www.cfa.harvard.edu/ImageDirectory/CoRoT-2260809065416.FITS,Main,60.00,Clear,CoRoT-2,Cecilia,AZ,moguest,False,session_01,observations\2026-08-09\CoRoT-2\session_01\CoRoT-2260809065416.fits,downloaded,656640
CoRoT-2260809065716,2026-08-09 06:57:16,https://mo-www.cfa.harvard.edu/ImageDirectory/CoRoT-2260809065716.FITS,Main,60.00,Clear,CoRoT-2,Cecilia,AZ,moguest,False,session_01,observations\2026-08-09\CoRoT-2\session_01\CoRoT-2260809065716.fits,downloaded,656640
CoRoT-2260809070015,2026-08-09 07:00:15,https://mo-www.cfa.harvard.edu/ImageDirectory/CoRoT-2260809070015.FITS,Main,60.00,Clear,CoRoT-2,Cecilia,AZ,moguest,False,session_01,observations\2026-08-09\CoRoT-2\session_01\CoRoT-2260809070015.fits,downloaded,656640
CoRoT-2260809070315,2026-08-09 07:03:15,https://mo-www.cfa.harvard.edu/ImageDirectory/CoRoT-2260809070315.FITS,Main,60.00,Clear,CoRoT-2,Cecilia,AZ,moguest,False,session_01,observations\2026-08-09\CoRoT-2\session_01\CoRoT-2260809070315.fits,downloaded,656640
CoRoT-2260809070616,2026-08-09 07:06:16,https://mo-www.cfa.harvard.edu/ImageDirectory/CoRoT-2260809070616.FITS,Main,60.00,Clear,CoRoT-2,Cecilia,AZ,moguest,False,session_01,observations\2026-08-09\CoRoT-2\session_01\CoRoT-2260809070616.fits,downloaded,656640
CoRoT-2260809070916,2026-08-09 07:09:16,https://mo-www.cfa.harvard.edu/ImageDirectory/CoRoT-2260809070916.FITS,Main,60.00,Clear,CoRoT-2,Cecilia,AZ,moguest,False,session_01,observations\2026-08-09\CoRoT-2\session_01\CoRoT-2260809070916.fits,downloaded,656640
CoRoT-2260809071215,2026-08-09 07:12:15,https://mo-www.cfa.harvard.edu/ImageDirectory/CoRoT-2260809071215.FITS,Main,60.00,Clear,CoRoT-2,Cecilia,AZ,moguest,False,session_01,observations\2026-08-09\CoRoT-2\session_01\CoRoT-2260809071215.fits,downloaded,656640
CoRoT-2260809071516,2026-08-09 07:15:16,https://mo-www.cfa.harvard.edu/ImageDirectory/CoRoT-2260809071516.FITS,Main,60.00,Clear,CoRoT-2,Cecilia,AZ,moguest,False,session_01,observations\2026-08-09\CoRoT-2\session_01\CoRoT-2260809071516.fits,downloaded,656640
CoRoT-2260809071816,2026-08-09 07:18:17,https://mo-www.cfa.harvard.edu/ImageDirectory/CoRoT-2260809071816.FITS,Main,60.00,Clear,CoRoT-2,Cecilia,AZ,moguest,False,session_01,observations\2026-08-09\CoRoT-2\session_01\CoRoT-2260809071816.fits,downloaded,656640
CoRoT-2260809072115,2026-08-09 07:21:15,https://mo-www.cfa.harvard.edu/ImageDirectory/CoRoT-2260809072115.FITS,Main,60.00,Clear,CoRoT-2,Cecilia,AZ,moguest,False,session_01,observations\2026-08-09\CoRoT-2\session_01\CoRoT-2260809072115.fits,downloaded,656640
CoRoT-2260809072417,2026-08-09 07:24:17,https://mo-www.cfa.harvard.edu/ImageDirectory/CoRoT-2260809072417.FITS,Main,60.00,Clear,CoRoT-2,Cecilia,AZ,moguest,False,session_01,observations\2026-08-09\CoRoT-2\session_01\CoRoT-2260809072417.fits,downloaded,656640
CoRoT-2260809072715,2026-08-09 07:27:15,https://mo-www.cfa.harvard.edu/ImageDirectory/CoRoT-2260809072715.FITS,Main,60.00,Clear,CoRoT-2,Cecilia,AZ,moguest,False,session_01,observations\2026-08-09\CoRoT-2\session_01\CoRoT-2260809072715.fits,downloaded,656640
CoRoT-2260809073016,2026-08-09 07:30:16,https://mo-www.cfa.harvard.edu/ImageDirectory/CoRoT-2260809073016.FITS,Main,60.00,Clear,CoRoT-2,Cecilia,AZ,moguest,False,session_01,observations\2026-08-09\CoRoT-2\session_01\CoRoT-2260809073016.fits,downloaded,656640
CoRoT-2260809073316,2026-08-09 07:33:16,https://mo-www.cfa.harvard.edu/ImageDirectory/CoRoT-2260809073316.FITS,Main,60.00,Clear,CoRoT-2,Cecilia,AZ,moguest,False,session_01,observations\2026-08-09\CoRoT-2\session_01\CoRoT-2260809073316.fits,downloaded,656640
CoRoT-2260809073616,2026-08-09 07:36:16,https://mo-www.cfa.harvard.edu/ImageDirectory/CoRoT-2260809073616.FITS,Main,60.00,Clear,CoRoT-2,Cecilia,AZ,moguest,False,session_01,observations\2026-08-09\CoRoT-2\session_01\CoRoT-2260809073616.fits,downloaded,656640
CoRoT-2260809073916,2026-08-09 07:39:16,https://mo-www.cfa.harvard.edu/ImageDirectory/CoRoT-2260809073916.FITS,Main,60.00,Clear,CoRoT-2,Cecilia,AZ,moguest,False,session_01,observations\2026-08-09\CoRoT-2\session_01\CoRoT-2260809073916.fits,downloaded,656640
CoRoT-2260809074215,2026-08-09 07:42:15,https://mo-www.cfa.harvard.edu/ImageDirectory/CoRoT-2260809074215.FITS,Main,60.00,Clear,CoRoT-2,Cecilia,AZ,moguest,False,session_01,observations\2026-08-09\CoRoT-2\session_01\CoRoT-2260809074215.fits,downloaded,656640
CoRoT-2260809074515,2026-08-09 07:45:15,https://mo-www.cfa.harvard.edu/ImageDirectory/CoRoT-2260809074515.FITS,Main,60.00,Clear,CoRoT-2,Cecilia,AZ,moguest,False,session_01,observations\2026-08-09\CoRoT-2\session_01\CoRoT-2260809074515.fits,downloaded,656640
CoRoT-2260809074817,2026-08-09 07:48:17,https://mo-www.cfa.harvard.edu/ImageDirectory/CoRoT-2260809074817.FITS,Main,60.00,Clear,CoRoT-2,Cecilia,AZ,moguest,False,session_01,observations\2026-08-09\CoRoT-2\session_01\CoRoT-2260809074817.fits,downloaded,656640
CoRoT-2260809075115,2026-08-09 07:51:15,https://mo-www.cfa.harvard.edu/ImageDirectory/CoRoT-2260809075115.FITS,Main,60.00,Clear,CoRoT-2,Cecilia,AZ,moguest,False,session_01,observations\2026-08-09\CoRoT-2\session_01\CoRoT-2260809075115.fits,downloaded,656640
CoRoT-2260809075415,2026-08-09 07:54:15,https://mo-www.cfa.harvard.edu/ImageDirectory/CoRoT-2260809075415.FITS,Main,60.00,Clear,CoRoT-2,Cecilia,AZ,moguest,False,session_01,observations\2026-08-09\CoRoT-2\session_01\CoRoT-2260809075415.fits,downloaded,656640
CoRoT-2260809075716,2026-08-09 07:57:16,https://mo-www.cfa.harvard.edu/ImageDirectory/CoRoT-2260809075716.FITS,Main,60.00,Clear,CoRoT-2,Cecilia,AZ,moguest,False,session_01,observations\2026-08-09\CoRoT-2\session_01\CoRoT-2260809075716.fits,downloaded,656640
CoRoT-2260809080015,2026-08-09 08:00:15,https://mo-www.cfa.harvard.edu/ImageDirectory/CoRoT-2260809080015.FITS,Main,60.00,Clear,CoRoT-2,Cecilia,AZ,moguest,False,session_01,observations\2026-08-09\CoRoT-2\session_01\CoRoT-2260809080015.fits,downloaded,656640
CoRoT-2260809080316,2026-08-09 08:03:16,https://mo-www.cfa.harvard.edu/ImageDirectory/CoRoT-2260809080316.FITS,Main,60.00,Clear,CoRoT-2,Cecilia,AZ,moguest,False,session_01,observations\2026-08-09\CoRoT-2\session_01\CoRoT-2260809080316.fits,downloaded,656640
CoRoT-2260809080616,2026-08-09 08:06:16,https://mo-www.cfa.harvard.edu/ImageDirectory/CoRoT-2260809080616.FITS,Main,60.00,Clear,CoRoT-2,Cecilia,AZ,moguest,False,session_01,observations\2026-08-09\CoRoT-2\session_01\CoRoT-2260809080616.fits,downloaded,656640
CoRoT-2260809080916,2026-08-09 08:09:16,https://mo-www.cfa.harvard.edu/ImageDirectory/CoRoT-2260809080916.FITS,Main,60.00,Clear,CoRoT-2,Cecilia,AZ,moguest,False,session_01,observations\2026-08-09\CoRoT-2\session_01\CoRoT-2260809080916.fits,downloaded,656640
CoRoT-2260809081215,2026-08-09 08:12:15,https://mo-www.cfa.harvard.edu/ImageDirectory/CoRoT-2260809081215.FITS,Main,60.00,Clear,CoRoT-2,Cecilia,AZ,moguest,False,session_01,observations\2026-08-09\CoRoT-2\session_01\CoRoT-2260809081215.fits,downloaded,656640
CoRoT-2260809081515,2026-08-09 08:15:15,https://mo-www.cfa.harvard.edu/ImageDirectory/CoRoT-2260809081515.FITS,Main,60.00,Clear,CoRoT-2,Cecilia,AZ,moguest,False,session_01,observations\2026-08-09\CoRoT-2\session_01\CoRoT-2260809081515.fits,downloaded,656640
CoRoT-2260809081815,2026-08-09 08:18:15,https://mo-www.cfa.harvard.edu/ImageDirectory/CoRoT-2260809081815.FITS,Main,60.00,Clear,CoRoT-2,Cecilia,AZ,moguest,False,session_01,observations\2026-08-09\CoRoT-2\session_01\CoRoT-2260809081815.fits,downloaded,656640
CoRoT-2260809082115,2026-08-09 08:21:15,https://mo-www.cfa.harvard.edu/ImageDirectory/CoRoT-2260809082115.FITS,Main,60.00,Clear,CoRoT-2,Cecilia,AZ,moguest,False,session_01,observations\2026-08-09\CoRoT-2\session_01\CoRoT-2260809082115.fits,downloaded,656640
CoRoT-2260809082416,2026-08-09 08:24:16,https://mo-www.cfa.harvard.edu/ImageDirectory/CoRoT-2260809082416.FITS,Main,60.00,Clear,CoRoT-2,Cecilia,AZ,moguest,False,session_01,observations\2026-08-09\CoRoT-2\session_01\CoRoT-2260809082416.fits,downloaded,656640
CoRoT-2260809082715,2026-08-09 08:27:15,https://mo-www.cfa.harvard.edu/ImageDirectory/CoRoT-2260809082715.FITS,Main,60.00,Clear,CoRoT-2,Cecilia,AZ,moguest,False,session_01,observations\2026-08-09\CoRoT-2\session_01\CoRoT-2260809082715.fits,downloaded,656640
CoRoT-2260809083016,2026-08-09 08:30:16,https://mo-www.cfa.harvard.edu/ImageDirectory/CoRoT-2260809083016.FITS,Main,60.00,Clear,CoRoT-2,Cecilia,AZ,moguest,False,session_01,observations\2026-08-09\CoRoT-2\session_01\CoRoT-2260809083016.fits,downloaded,656640
CoRoT-2260809083315,2026-08-09 08:33:15,https://mo-www.cfa.harvard.edu/ImageDirectory/CoRoT-2260809083315.FITS,Main,60.00,Clear,CoRoT-2,Cecilia,AZ,moguest,False,session_01,observations\2026-08-09\CoRoT-2\session_01\CoRoT-2260809083315.fits,downloaded,656640
CoRoT-2260809083617,2026-08-09 08:36:17,https://mo-www.cfa.harvard.edu/ImageDirectory/CoRoT-2260809083617.FITS,Main,60.00,Clear,CoRoT-2,Cecilia,AZ,moguest,False,session_01,observations\2026-08-09\CoRoT-2\session_01\CoRoT-2260809083617.fits,downloaded,656640
CoRoT-2260809083916,2026-08-09 08:39:16,https://mo-www.cfa.harvard.edu/ImageDirectory/CoRoT-2260809083916.FITS,Main,60.00,Clear,CoRoT-2,Cecilia,AZ,moguest,False,session_01,observations\2026-08-09\CoRoT-2\session_01\CoRoT-2260809083916.fits,downloaded,656640
CoRoT-2260809084216,2026-08-09 08:42:16,https://mo-www.cfa.harvard.edu/ImageDirectory/CoRoT-2260809084216.FITS,Main,60.00,Clear,CoRoT-2,Cecilia,AZ,moguest,False,session_01,observations\2026-08-09\CoRoT-2\session_01\CoRoT-2260809084216.fits,downloaded,656640
CoRoT-2260809084516,2026-08-09 08:45:16,https://mo-www.cfa.harvard.edu/ImageDirectory/CoRoT-2260809084516.FITS,Main,60.00,Clear,CoRoT-2,Cecilia,AZ,moguest,False,session_01,observations\2026-08-09\CoRoT-2\session_01\CoRoT-2260809084516.fits,downloaded,656640
CoRoT-2260809084815,2026-08-09 08:48:15,https://mo-www.cfa.harvard.edu/ImageDirectory/CoRoT-2260809084815.FITS,Main,60.00,Clear,CoRoT-2,Cecilia,AZ,moguest,False,session_01,observations\2026-08-09\CoRoT-2\session_01\CoRoT-2260809084815.fits,downloaded,656640
CoRoT-2260809085116,2026-08-09 08:51:16,https://mo-www.cfa.harvard.edu/ImageDirectory/CoRoT-2260809085116.FITS,Main,60.00,Clear,CoRoT-2,Cecilia,AZ,moguest,False,session_01,observations\2026-08-09\CoRoT-2\session_01\CoRoT-2260809085116.fits,downloaded,656640
CoRoT-2260809085417,2026-08-09 08:54:17,https://mo-www.cfa.harvard.edu/ImageDirectory/CoRoT-2260809085417.FITS,Main,60.00,Clear,CoRoT-2,Cecilia,AZ,moguest,False,session_01,observations\2026-08-09\CoRoT-2\session_01\CoRoT-2260809085417.fits,downloaded,656640
CoRoT-2260809085715,2026-08-09 08:57:15,https://mo-www.cfa.harvard.edu/ImageDirectory/CoRoT-2260809085715.FITS,Main,60.00,Clear,CoRoT-2,Cecilia,AZ,moguest,False,session_01,observations\2026-08-09\CoRoT-2\session_01\CoRoT-2260809085715.fits,downloaded,656640
CoRoT-2260809090016,2026-08-09 09:00:16,https://mo-www.cfa.harvard.edu/ImageDirectory/CoRoT-2260809090016.FITS,Main,60.00,Clear,CoRoT-2,Cecilia,AZ,moguest,False,session_01,observations\2026-08-09\CoRoT-2\session_01\CoRoT-2260809090016.fits,downloaded,656640
CoRoT-2260809090315,2026-08-09 09:03:15,https://mo-www.cfa.harvard.edu/ImageDirectory/CoRoT-2260809090315.FITS,Main,60.00,Clear,CoRoT-2,Cecilia,AZ,moguest,False,session_01,observations\2026-08-09\CoRoT-2\session_01\CoRoT-2260809090315.fits,downloaded,656640
CoRoT-2260809090615,2026-08-09 09:06:15,https://mo-www.cfa.harvard.edu/ImageDirectory/CoRoT-2260809090615.FITS,Main,60.00,Clear,CoRoT-2,Cecilia,AZ,moguest,False,session_01,observations\2026-08-09\CoRoT-2\session_01\CoRoT-2260809090615.fits,downloaded,656640
CoRoT-2260809090915,2026-08-09 09:09:15,https://mo-www.cfa.harvard.edu/ImageDirectory/CoRoT-2260809090915.FITS,Main,60.00,Clear,CoRoT-2,Cecilia,AZ,moguest,False,session_01,observations\2026-08-09\CoRoT-2\session_01\CoRoT-2260809090915.fits,downloaded,656640
CoRoT-2260809091216,2026-08-09 09:12:16,https://mo-www.cfa.harvard.edu/ImageDirectory/CoRoT-2260809091216.FITS,Main,60.00,Clear,CoRoT-2,Cecilia,AZ,moguest,False,session_01,observations\2026-08-09\CoRoT-2\session_01\CoRoT-2260809091216.fits,downloaded,656640
CoRoT-2260809091515,2026-08-09 09:15:15,https://mo-www.cfa.harvard.edu/ImageDirectory/CoRoT-2260809091515.FITS,Main,60.00,Clear,CoRoT-2,Cecilia,AZ,moguest,False,session_01,observations\2026-08-09\CoRoT-2\session_01\CoRoT-2260809091515.fits,downloaded,656640
CoRoT-2260809091815,2026-08-09 09:18:15,https://mo-www.cfa.harvard.edu/ImageDirectory/CoRoT-2260809091815.FITS,Main,60.00,Clear,CoRoT-2,Cecilia,AZ,moguest,False,session_01,observations\2026-08-09\CoRoT-2\session_01\CoRoT-2260809091815.fits,downloaded,656640
CoRoT-2260809092116,2026-08-09 09:21:16,https://mo-www.cfa.harvard.edu/ImageDirectory/CoRoT-2260809092116.FITS,Main,60.00,Clear,CoRoT-2,Cecilia,AZ,moguest,False,session_01,observations\2026-08-09\CoRoT-2\session_01\CoRoT-2260809092116.fits,downloaded,656640
CoRoT-2260809092415,2026-08-09 09:24:15,https://mo-www.cfa.harvard.edu/ImageDirectory/CoRoT-2260809092415.FITS,Main,60.00,Clear,CoRoT-2,Cecilia,AZ,moguest,False,session_01,observations\2026-08-09\CoRoT-2\session_01\CoRoT-2260809092415.fits,downloaded,656640
CoRoT-2260809092715,2026-08-09 09:27:15,https://mo-www.cfa.harvard.edu/ImageDirectory/CoRoT-2260809092715.FITS,Main,60.00,Clear,CoRoT-2,Cecilia,AZ,moguest,False,session_01,observations\2026-08-09\CoRoT-2\session_01\CoRoT-2260809092715.fits,downloaded,656640
CoRoT-2260809093016,2026-08-09 09:30:16,https://mo-www.cfa.harvard.edu/ImageDirectory/CoRoT-2260809093016.FITS,Main,60.00,Clear,CoRoT-2,Cecilia,AZ,moguest,False,session_01,observations\2026-08-09\CoRoT-2\session_01\CoRoT-2260809093016.fits,downloaded,656640
CoRoT-2260809093315,2026-08-09 09:33:15,https://mo-www.cfa.harvard.edu/ImageDirectory/CoRoT-2260809093315.FITS,Main,60.00,Clear,CoRoT-2,Cecilia,AZ,moguest,False,session_01,observations\2026-08-09\CoRoT-2\session_01\CoRoT-2260809093315.fits,downloaded,656640
CoRoT-2260809093615,2026-08-09 09:36:15,https://mo-www.cfa.harvard.edu/ImageDirectory/CoRoT-2260809093615.FITS,Main,60.00,Clear,CoRoT-2,Cecilia,AZ,moguest,False,session_01,observations\2026-08-09\CoRoT-2\session_01\CoRoT-2260809093615.fits,downloaded,656640
CoRoT-2260816044002,2026-08-16 04:40:02,https://mo-www.cfa.harvard.edu/ImageDirectory/CoRoT-2260816044002.FITS,Main,60.00,Clear,CoRoT-2,Cecilia,AZ,moguest,False,session_01,observations\2026-08-16\CoRoT-2\session_01\CoRoT-2260816044002.fits,downloaded,656640
CoRoT-2260816044215,2026-08-16 04:42:15,https://mo-www.cfa.harvard.edu/ImageDirectory/CoRoT-2260816044215.FITS,Main,60.00,Clear,CoRoT-2,Cecilia,AZ,moguest,False,session_01,observations\2026-08-16\CoRoT-2\session_01\CoRoT-2260816044215.fits,downloaded,656640
CoRoT-2260816044515,2026-08-16 04:45:15,https://mo-www.cfa.harvard.edu/ImageDirectory/CoRoT-2260816044515.FITS,Main,60.00,Clear,CoRoT-2,Cecilia,AZ,moguest,False,session_01,observations\2026-08-16\CoRoT-2\session_01\CoRoT-2260816044515.fits,downloaded,656640
CoRoT-2260816044815,2026-08-16 04:48:15,https://mo-www.cfa.harvard.edu/ImageDirectory/CoRoT-2260816044815.FITS,Main,60.00,Clear,CoRoT-2,Cecilia,AZ,moguest,False,session_01,observations\2026-08-16\CoRoT-2\session_01\CoRoT-2260816044815.fits,downloaded,656640
CoRoT-2260816045115,2026-08-16 04:51:15,https://mo-www.cfa.harvard.edu/ImageDirectory/CoRoT-2260816045115.FITS,Main,60.00,Clear,CoRoT-2,Cecilia,AZ,moguest,False,session_01,observations\2026-08-16\CoRoT-2\session_01\CoRoT-2260816045115.fits,downloaded,656640
CoRoT-2260816045416,2026-08-16 04:54:16,https://mo-www.cfa.harvard.edu/ImageDirectory/CoRoT-2260816045416.FITS,Main,60.00,Clear,CoRoT-2,Cecilia,AZ,moguest,False,session_01,observations\2026-08-16\CoRoT-2\session_01\CoRoT-2260816045416.fits,downloaded,656640
CoRoT-2260816045716,2026-08-16 04:57:16,https://mo-www.cfa.harvard.edu/ImageDirectory/CoRoT-2260816045716.FITS,Main,60.00,Clear,CoRoT-2,Cecilia,AZ,moguest,False,session_01,observations\2026-08-16\CoRoT-2\session_01\CoRoT-2260816045716.fits,downloaded,656640
CoRoT-2260816050015,2026-08-16 05:00:15,https://mo-www.cfa.harvard.edu/ImageDirectory/CoRoT-2260816050015.FITS,Main,60.00,Clear,CoRoT-2,Cecilia,AZ,moguest,False,session_01,observations\2026-08-16\CoRoT-2\session_01\CoRoT-2260816050015.fits,downloaded,656640
CoRoT-2260816050315,2026-08-16 05:03:15,https://mo-www.cfa.harvard.edu/ImageDirectory/CoRoT-2260816050315.FITS,Main,60.00,Clear,CoRoT-2,Cecilia,AZ,moguest,False,session_01,observations\2026-08-16\CoRoT-2\session_01\CoRoT-2260816050315.fits,downloaded,656640
CoRoT-2260816050615,2026-08-16 05:06:15,https://mo-www.cfa.harvard.edu/ImageDirectory/CoRoT-2260816050615.FITS,Main,60.00,Clear,CoRoT-2,Cecilia,AZ,moguest,False,session_01,observations\2026-08-16\CoRoT-2\session_01\CoRoT-2260816050615.fits,downloaded,656640
CoRoT-2260816050915,2026-08-16 05:09:15,https://mo-www.cfa.harvard.edu/ImageDirectory/CoRoT-2260816050915.FITS,Main,60.00,Clear,CoRoT-2,Cecilia,AZ,moguest,False,session_01,observations\2026-08-16\CoRoT-2\session_01\CoRoT-2260816050915.fits,downloaded,656640
CoRoT-2260816051215,2026-08-16 05:12:15,https://mo-www.cfa.harvard.edu/ImageDirectory/CoRoT-2260816051215.FITS,Main,60.00,Clear,CoRoT-2,Cecilia,AZ,moguest,False,session_01,observations\2026-08-16\CoRoT-2\session_01\CoRoT-2260816051215.fits,downloaded,656640
CoRoT-2260816051515,2026-08-16 05:15:15,https://mo-www.cfa.harvard.edu/ImageDirectory/CoRoT-2260816051515.FITS,Main,60.00,Clear,CoRoT-2,Cecilia,AZ,moguest,False,session_01,observations\2026-08-16\CoRoT-2\session_01\CoRoT-2260816051515.fits,downloaded,656640
CoRoT-2260816051815,2026-08-16 05:18:15,https://mo-www.cfa.harvard.edu/ImageDirectory/CoRoT-2260816051815.FITS,Main,60.00,Clear,CoRoT-2,Cecilia,AZ,moguest,False,session_01,observations\2026-08-16\CoRoT-2\session_01\CoRoT-2260816051815.fits,downloaded,656640
CoRoT-2260816052115,2026-08-16 05:21:15,https://mo-www.cfa.harvard.edu/ImageDirectory/CoRoT-2260816052115.FITS,Main,60.00,Clear,CoRoT-2,Cecilia,AZ,moguest,False,session_01,observations\2026-08-16\CoRoT-2\session_01\CoRoT-2260816052115.fits,downloaded,656640
CoRoT-2260816052415,2026-08-16 05:24:15,https://mo-www.cfa.harvard.edu/ImageDirectory/CoRoT-2260816052415.FITS,Main,60.00,Clear,CoRoT-2,Cecilia,AZ,moguest,False,session_01,observations\2026-08-16\CoRoT-2\session_01\CoRoT-2260816052415.fits,downloaded,656640
CoRoT-2260816053015,2026-08-16 05:30:15,https://mo-www.cfa.harvard.edu/ImageDirectory/CoRoT-2260816053015.FITS,Main,60.00,Clear,CoRoT-2,Cecilia,AZ,moguest,False,session_01,observations\2026-08-16\CoRoT-2\session_01\CoRoT-2260816053015.fits,downloaded,656640
CoRoT-2260816053316,2026-08-16 05:33:16,https://mo-www.cfa.harvard.edu/ImageDirectory/CoRoT-2260816053316.FITS,Main,60.00,Clear,CoRoT-2,Cecilia,AZ,moguest,False,session_01,observations\2026-08-16\CoRoT-2\session_01\CoRoT-2260816053316.fits,downloaded,656640
CoRoT-2260816053616,2026-08-16 05:36:16,https://mo-www.cfa.harvard.edu/ImageDirectory/CoRoT-2260816053616.FITS,Main,60.00,Clear,CoRoT-2,Cecilia,AZ,moguest,False,session_01,observations\2026-08-16\CoRoT-2\session_01\CoRoT-2260816053616.fits,downloaded,656640
CoRoT-2260816053916,2026-08-16 05:39:16,https://mo-www.cfa.harvard.edu/ImageDirectory/CoRoT-2260816053916.FITS,Main,60.00,Clear,CoRoT-2,Cecilia,AZ,moguest,False,session_01,observations\2026-08-16\CoRoT-2\session_01\CoRoT-2260816053916.fits,downloaded,656640
CoRoT-2260816054215,2026-08-16 05:42:15,https://mo-www.cfa.harvard.edu/ImageDirectory/CoRoT-2260816054215.FITS,Main,60.00,Clear,CoRoT-2,Cecilia,AZ,moguest,False,session_01,observations\2026-08-16\CoRoT-2\session_01\CoRoT-2260816054215.fits,downloaded,656640
CoRoT-2260816054515,2026-08-16 05:45:15,https://mo-www.cfa.harvard.edu/ImageDirectory/CoRoT-2260816054515.FITS,Main,60.00,Clear,CoRoT-2,Cecilia,AZ,moguest,False,session_01,observations\2026-08-16\CoRoT-2\session_01\CoRoT-2260816054515.fits,downloaded,656640
CoRoT-2260816054815,2026-08-16 05:48:15,https://mo-www.cfa.harvard.edu/ImageDirectory/CoRoT-2260816054815.FITS,Main,60.00,Clear,CoRoT-2,Cecilia,AZ,moguest,False,session_01,observations\2026-08-16\CoRoT-2\session_01\CoRoT-2260816054815.fits,downloaded,656640
CoRoT-2260816055115,2026-08-16 05:51:15,https://mo-www.cfa.harvard.edu/ImageDirectory/CoRoT-2260816055115.FITS,Main,60.00,Clear,CoRoT-2,Cecilia,AZ,moguest,False,session_01,observations\2026-08-16\CoRoT-2\session_01\CoRoT-2260816055115.fits,downloaded,656640
CoRoT-2260816055415,2026-08-16 05:54:15,https://mo-www.cfa.harvard.edu/ImageDirectory/CoRoT-2260816055415.FITS,Main,60.00,Clear,CoRoT-2,Cecilia,AZ,moguest,False,session_01,observations\2026-08-16\CoRoT-2\session_01\CoRoT-2260816055415.fits,downloaded,656640
CoRoT-2260816055715,2026-08-16 05:57:15,https://mo-www.cfa.harvard.edu/ImageDirectory/CoRoT-2260816055715.FITS,Main,60.00,Clear,CoRoT-2,Cecilia,AZ,moguest,False,session_01,observations\2026-08-16\CoRoT-2\session_01\CoRoT-2260816055715.fits,downloaded,656640
CoRoT-2260816060015,2026-08-16 06:00:15,https://mo-www.cfa.harvard.edu/ImageDirectory/CoRoT-2260816060015.FITS,Main,60.00,Clear,CoRoT-2,Cecilia,AZ,moguest,False,session_01,observations\2026-08-16\CoRoT-2\session_01\CoRoT-2260816060015.fits,downloaded,656640
CoRoT-2260816060315,2026-08-16 06:03:15,https://mo-www.cfa.harvard.edu/ImageDirectory/CoRoT-2260816060315.FITS,Main,60.00,Clear,CoRoT-2,Cecilia,AZ,moguest,False,session_01,observations\2026-08-16\CoRoT-2\session_01\CoRoT-2260816060315.fits,downloaded,656640
CoRoT-2260816060616,2026-08-16 06:06:16,https://mo-www.cfa.harvard.edu/ImageDirectory/CoRoT-2260816060616.FITS,Main,60.00,Clear,CoRoT-2,Cecilia,AZ,moguest,False,session_01,observations\2026-08-16\CoRoT-2\session_01\CoRoT-2260816060616.fits,downloaded,656640
CoRoT-2260816060915,2026-08-16 06:09:15,https://mo-www.cfa.harvard.edu/ImageDirectory/CoRoT-2260816060915.FITS,Main,60.00,Clear,CoRoT-2,Cecilia,AZ,moguest,False,session_01,observations\2026-08-16\CoRoT-2\session_01\CoRoT-2260816060915.fits,downloaded,656640
CoRoT-2260816061215,2026-08-16 06:12:15,https://mo-www.cfa.harvard.edu/ImageDirectory/CoRoT-2260816061215.FITS,Main,60.00,Clear,CoRoT-2,Cecilia,AZ,moguest,False,session_01,observations\2026-08-16\CoRoT-2\session_01\CoRoT-2260816061215.fits,downloaded,656640
CoRoT-2260816061515,2026-08-16 06:15:15,https://mo-www.cfa.harvard.edu/ImageDirectory/CoRoT-2260816061515.FITS,Main,60.00,Clear,CoRoT-2,Cecilia,AZ,moguest,False,session_01,observations\2026-08-16\CoRoT-2\session_01\CoRoT-2260816061515.fits,downloaded,656640
CoRoT-2260816061815,2026-08-16 06:18:15,https://mo-www.cfa.harvard.edu/ImageDirectory/CoRoT-2260816061815.FITS,Main,60.00,Clear,CoRoT-2,Cecilia,AZ,moguest,False,session_01,observations\2026-08-16\CoRoT-2\session_01\CoRoT-2260816061815.fits,downloaded,656640
CoRoT-2260816062116,2026-08-16 06:21:16,https://mo-www.cfa.harvard.edu/ImageDirectory/CoRoT-2260816062116.FITS,Main,60.00,Clear,CoRoT-2,Cecilia,AZ,moguest,False,session_01,observations\2026-08-16\CoRoT-2\session_01\CoRoT-2260816062116.fits,downloaded,656640
CoRoT-2260816062415,2026-08-16 06:24:15,https://mo-www.cfa.harvard.edu/ImageDirectory/CoRoT-2260816062415.FITS,Main,60.00,Clear,CoRoT-2,Cecilia,AZ,moguest,False,session_01,observations\2026-08-16\CoRoT-2\session_01\CoRoT-2260816062415.fits,downloaded,656640
CoRoT-2260816062715,2026-08-16 06:27:15,https://mo-www.cfa.harvard.edu/ImageDirectory/CoRoT-2260816062715.FITS,Main,60.00,Clear,CoRoT-2,Cecilia,AZ,moguest,False,session_01,observations\2026-08-16\CoRoT-2\session_01\CoRoT-2260816062715.fits,downloaded,656640
CoRoT-2260816063015,2026-08-16 06:30:15,https://mo-www.cfa.harvard.edu/ImageDirectory/CoRoT-2260816063015.FITS,Main,60.00,Clear,CoRoT-2,Cecilia,AZ,moguest,False,session_01,observations\2026-08-16\CoRoT-2\session_01\CoRoT-2260816063015.fits,downloaded,656640
CoRoT-2260816063315,2026-08-16 06:33:15,https://mo-www.cfa.harvard.edu/ImageDirectory/CoRoT-2260816063315.FITS,Main,60.00,Clear,CoRoT-2,Cecilia,AZ,moguest,False,session_01,observations\2026-08-16\CoRoT-2\session_01\CoRoT-2260816063315.fits,downloaded,656640
CoRoT-2260816063616,2026-08-16 06:36:16,https://mo-www.cfa.harvard.edu/ImageDirectory/CoRoT-2260816063616.FITS,Main,60.00,Clear,CoRoT-2,Cecilia,AZ,moguest,False,session_01,observations\2026-08-16\CoRoT-2\session_01\CoRoT-2260816063616.fits,downloaded,656640
CoRoT-2260816063915,2026-08-16 06:39:15,https://mo-www.cfa.harvard.edu/ImageDirectory/CoRoT-2260816063915.FITS,Main,60.00,Clear,CoRoT-2,Cecilia,AZ,moguest,False,session_01,observations\2026-08-16\CoRoT-2\session_01\CoRoT-2260816063915.fits,downloaded,656640
CoRoT-2260816064216,2026-08-16 06:42:16,https://mo-www.cfa.harvard.edu/ImageDirectory/CoRoT-2260816064216.FITS,Main,60.00,Clear,CoRoT-2,Cecilia,AZ,moguest,False,session_01,observations\2026-08-16\CoRoT-2\session_01\CoRoT-2260816064216.fits,downloaded,656640
CoRoT-2260816064515,2026-08-16 06:45:15,https://mo-www.cfa.harvard.edu/ImageDirectory/CoRoT-2260816064515.FITS,Main,60.00,Clear,CoRoT-2,Cecilia,AZ,moguest,False,session_01,observations\2026-08-16\CoRoT-2\session_01\CoRoT-2260816064515.fits,downloaded,656640
CoRoT-2260816064815,2026-08-16 06:48:15,https://mo-www.cfa.harvard.edu/ImageDirectory/CoRoT-2260816064815.FITS,Main,60.00,Clear,CoRoT-2,Cecilia,AZ,moguest,False,session_01,observations\2026-08-16\CoRoT-2\session_01\CoRoT-2260816064815.fits,downloaded,656640
CoRoT-2260816065115,2026-08-16 06:51:15,https://mo-www.cfa.harvard.edu/ImageDirectory/CoRoT-2260816065115.FITS,Main,60.00,Clear,CoRoT-2,Cecilia,AZ,moguest,False,session_01,observations\2026-08-16\CoRoT-2\session_01\CoRoT-2260816065115.fits,downloaded,656640
CoRoT-2260816065415,2026-08-16 06:54:15,https://mo-www.cfa.harvard.edu/ImageDirectory/CoRoT-2260816065415.FITS,Main,60.00,Clear,CoRoT-2,Cecilia,AZ,moguest,False,session_01,observations\2026-08-16\CoRoT-2\session_01\CoRoT-2260816065415.fits,downloaded,656640
CoRoT-2260816065716,2026-08-16 06:57:16,https://mo-www.cfa.harvard.edu/ImageDirectory/CoRoT-2260816065716.FITS,Main,60.00,Clear,CoRoT-2,Cecilia,AZ,moguest,False,session_01,observations\2026-08-16\CoRoT-2\session_01\CoRoT-2260816065716.fits,downloaded,656640
CoRoT-2260816070015,2026-08-16 07:00:15,https://mo-www.cfa.harvard.edu/ImageDirectory/CoRoT-2260816070015.FITS,Main,60.00,Clear,CoRoT-2,Cecilia,AZ,moguest,False,session_01,observations\2026-08-16\CoRoT-2\session_01\CoRoT-2260816070015.fits,downloaded,656640
CoRoT-2260816070315,2026-08-16 07:03:15,https://mo-www.cfa.harvard.edu/ImageDirectory/CoRoT-2260816070315.FITS,Main,60.00,Clear,CoRoT-2,Cecilia,AZ,moguest,False,session_01,observations\2026-08-16\CoRoT-2\session_01\CoRoT-2260816070315.fits,downloaded,656640
CoRoT-2260816070615,2026-08-16 07:06:15,https://mo-www.cfa.harvard.edu/ImageDirectory/CoRoT-2260816070615.FITS,Main,60.00,Clear,CoRoT-2,Cecilia,AZ,moguest,False,session_01,observations\2026-08-16\CoRoT-2\session_01\CoRoT-2260816070615.fits,downloaded,656640
CoRoT-2260816070916,2026-08-16 07:09:16,https://mo-www.cfa.harvard.edu/ImageDirectory/CoRoT-2260816070916.FITS,Main,60.00,Clear,CoRoT-2,Cecilia,AZ,moguest,False,session_01,observations\2026-08-16\CoRoT-2\session_01\CoRoT-2260816070916.fits,downloaded,656640
CoRoT-2260816071216,2026-08-16 07:12:16,https://mo-www.cfa.harvard.edu/ImageDirectory/CoRoT-2260816071216.FITS,Main,60.00,Clear,CoRoT-2,Cecilia,AZ,moguest,False,session_01,observations\2026-08-16\CoRoT-2\session_01\CoRoT-2260816071216.fits,downloaded,656640
CoRoT-2260816071515,2026-08-16 07:15:15,https://mo-www.cfa.harvard.edu/ImageDirectory/CoRoT-2260816071515.FITS,Main,60.00,Clear,CoRoT-2,Cecilia,AZ,moguest,False,session_01,observations\2026-08-16\CoRoT-2\session_01\CoRoT-2260816071515.fits,downloaded,656640
CoRoT-2260816071815,2026-08-16 07:18:15,https://mo-www.cfa.harvard.edu/ImageDirectory/CoRoT-2260816071815.FITS,Main,60.00,Clear,CoRoT-2,Cecilia,AZ,moguest,False,session_01,observations\2026-08-16\CoRoT-2\session_01\CoRoT-2260816071815.fits,downloaded,656640
CoRoT-2260816072115,2026-08-16 07:21:15,https://mo-www.cfa.harvard.edu/ImageDirectory/CoRoT-2260816072115.FITS,Main,60.00,Clear,CoRoT-2,Cecilia,AZ,moguest,False,session_01,observations\2026-08-16\CoRoT-2\session_01\CoRoT-2260816072115.fits,downloaded,656640
CoRoT-2260816072416,2026-08-16 07:24:16,https://mo-www.cfa.harvard.edu/ImageDirectory/CoRoT-2260816072416.FITS,Main,60.00,Clear,CoRoT-2,Cecilia,AZ,moguest,False,session_01,observations\2026-08-16\CoRoT-2\session_01\CoRoT-2260816072416.fits,downloaded,656640
CoRoT-2260816072715,2026-08-16 07:27:15,https://mo-www.cfa.harvard.edu/ImageDirectory/CoRoT-2260816072715.FITS,Main,60.00,Clear,CoRoT-2,Cecilia,AZ,moguest,False,session_01,observations\2026-08-16\CoRoT-2\session_01\CoRoT-2260816072715.fits,downloaded,656640
CoRoT-2260816073015,2026-08-16 07:30:15,https://mo-www.cfa.harvard.edu/ImageDirectory/CoRoT-2260816073015.FITS,Main,60.00,Clear,CoRoT-2,Cecilia,AZ,moguest,False,session_01,observations\2026-08-16\CoRoT-2\session_01\CoRoT-2260816073015.fits,downloaded,656640
CoRoT-2260816073316,2026-08-16 07:33:16,https://mo-www.cfa.harvard.edu/ImageDirectory/CoRoT-2260816073316.FITS,Main,60.00,Clear,CoRoT-2,Cecilia,AZ,moguest,False,session_01,observations\2026-08-16\CoRoT-2\session_01\CoRoT-2260816073316.fits,downloaded,656640
CoRoT-2260816073615,2026-08-16 07:36:15,https://mo-www.cfa.harvard.edu/ImageDirectory/CoRoT-2260816073615.FITS,Main,60.00,Clear,CoRoT-2,Cecilia,AZ,moguest,False,session_01,observations\2026-08-16\CoRoT-2\session_01\CoRoT-2260816073615.fits,downloaded,656640
CoRoT-2260816073915,2026-08-16 07:39:15,https://mo-www.cfa.harvard.edu/ImageDirectory/CoRoT-2260816073915.FITS,Main,60.00,Clear,CoRoT-2,Cecilia,AZ,moguest,False,session_01,observations\2026-08-16\CoRoT-2\session_01\CoRoT-2260816073915.fits,downloaded,656640
CoRoT-2260816074215,2026-08-16 07:42:15,https://mo-www.cfa.harvard.edu/ImageDirectory/CoRoT-2260816074215.FITS,Main,60.00,Clear,CoRoT-2,Cecilia,AZ,moguest,False,session_01,observations\2026-08-16\CoRoT-2\session_01\CoRoT-2260816074215.fits,downloaded,656640
CoRoT-2260816074516,2026-08-16 07:45:16,https://mo-www.cfa.harvard.edu/ImageDirectory/CoRoT-2260816074516.FITS,Main,60.00,Clear,CoRoT-2,Cecilia,AZ,moguest,False,session_01,observations\2026-08-16\CoRoT-2\session_01\CoRoT-2260816074516.fits,downloaded,656640
CoRoT-2260816074816,2026-08-16 07:48:16,https://mo-www.cfa.harvard.edu/ImageDirectory/CoRoT-2260816074816.FITS,Main,60.00,Clear,CoRoT-2,Cecilia,AZ,moguest,False,session_01,observations\2026-08-16\CoRoT-2\session_01\CoRoT-2260816074816.fits,downloaded,656640
CoRoT-2260816075115,2026-08-16 07:51:15,https://mo-www.cfa.harvard.edu/ImageDirectory/CoRoT-2260816075115.FITS,Main,60.00,Clear,CoRoT-2,Cecilia,AZ,moguest,False,session_01,observations\2026-08-16\CoRoT-2\session_01\CoRoT-2260816075115.fits,downloaded,656640
CoRoT-2260816075415,2026-08-16 07:54:15,https://mo-www.cfa.harvard.edu/ImageDirectory/CoRoT-2260816075415.FITS,Main,60.00,Clear,CoRoT-2,Cecilia,AZ,moguest,False,session_01,observations\2026-08-16\CoRoT-2\session_01\CoRoT-2260816075415.fits,downloaded,656640
CoRoT-2260816075715,2026-08-16 07:57:15,https://mo-www.cfa.harvard.edu/ImageDirectory/CoRoT-2260816075715.FITS,Main,60.00,Clear,CoRoT-2,Cecilia,AZ,moguest,False,session_01,observations\2026-08-16\CoRoT-2\session_01\CoRoT-2260816075715.fits,downloaded,656640
CoRoT-2260816080015,2026-08-16 08:00:15,https://mo-www.cfa.harvard.edu/ImageDirectory/CoRoT-2260816080015.FITS,Main,60.00,Clear,CoRoT-2,Cecilia,AZ,moguest,False,session_01,observations\2026-08-16\CoRoT-2\session_01\CoRoT-2260816080015.fits,downloaded,656640
CoRoT-2260816080316,2026-08-16 08:03:16,https://mo-www.cfa.harvard.edu/ImageDirectory/CoRoT-2260816080316.FITS,Main,60.00,Clear,CoRoT-2,Cecilia,AZ,moguest,False,session_01,observations\2026-08-16\CoRoT-2\session_01\CoRoT-2260816080316.fits,downloaded,656640
CoRoT-2260816080615,2026-08-16 08:06:15,https://mo-www.cfa.harvard.edu/ImageDirectory/CoRoT-2260816080615.FITS,Main,60.00,Clear,CoRoT-2,Cecilia,AZ,moguest,False,session_01,observations\2026-08-16\CoRoT-2\session_01\CoRoT-2260816080615.fits,downloaded,656640
CoRoT-2260816080915,2026-08-16 08:09:15,https://mo-www.cfa.harvard.edu/ImageDirectory/CoRoT-2260816080915.FITS,Main,60.00,Clear,CoRoT-2,Cecilia,AZ,moguest,False,session_01,observations\2026-08-16\CoRoT-2\session_01\CoRoT-2260816080915.fits,downloaded,656640
CoRoT-2260816081216,2026-08-16 08:12:16,https://mo-www.cfa.harvard.edu/ImageDirectory/CoRoT-2260816081216.FITS,Main,60.00,Clear,CoRoT-2,Cecilia,AZ,moguest,False,session_01,observations\2026-08-16\CoRoT-2\session_01\CoRoT-2260816081216.fits,downloaded,656640
CoRoT-2260816081515,2026-08-16 08:15:15,https://mo-www.cfa.harvard.edu/ImageDirectory/CoRoT-2260816081515.FITS,Main,60.00,Clear,CoRoT-2,Cecilia,AZ,moguest,False,session_01,observations\2026-08-16\CoRoT-2\session_01\CoRoT-2260816081515.fits,downloaded,656640
CoRoT-2260816081815,2026-08-16 08:18:15,https://mo-www.cfa.harvard.edu/ImageDirectory/CoRoT-2260816081815.FITS,Main,60.00,Clear,CoRoT-2,Cecilia,AZ,moguest,False,session_01,observations\2026-08-16\CoRoT-2\session_01\CoRoT-2260816081815.fits,downloaded,656640
CoRoT-2260816082115,2026-08-16 08:21:15,https://mo-www.cfa.harvard.edu/ImageDirectory/CoRoT-2260816082115.FITS,Main,60.00,Clear,CoRoT-2,Cecilia,AZ,moguest,False,session_01,observations\2026-08-16\CoRoT-2\session_01\CoRoT-2260816082115.fits,downloaded,656640
CoRoT-2260816082415,2026-08-16 08:24:15,https://mo-www.cfa.harvard.edu/ImageDirectory/CoRoT-2260816082415.FITS,Main,60.00,Clear,CoRoT-2,Cecilia,AZ,moguest,False,session_01,observations\2026-08-16\CoRoT-2\session_01\CoRoT-2260816082415.fits,downloaded,656640
CoRoT-2260816082715,2026-08-16 08:27:15,https://mo-www.cfa.harvard.edu/ImageDirectory/CoRoT-2260816082715.FITS,Main,60.00,Clear,CoRoT-2,Cecilia,AZ,moguest,False,session_01,observations\2026-08-16\CoRoT-2\session_01\CoRoT-2260816082715.fits,downloaded,656640
CoRoT-2260816083015,2026-08-16 08:30:15,https://mo-www.cfa.harvard.edu/ImageDirectory/CoRoT-2260816083015.FITS,Main,60.00,Clear,CoRoT-2,Cecilia,AZ,moguest,False,session_01,observations\2026-08-16\CoRoT-2\session_01\CoRoT-2260816083015.fits,downloaded,656640
CoRoT-2260816083316,2026-08-16 08:33:16,https://mo-www.cfa.harvard.edu/ImageDirectory/CoRoT-2260816083316.FITS,Main,60.00,Clear,CoRoT-2,Cecilia,AZ,moguest,False,session_01,observations\2026-08-16\CoRoT-2\session_01\CoRoT-2260816083316.fits,downloaded,656640
CoRoT-2260816083615,2026-08-16 08:36:15,https://mo-www.cfa.harvard.edu/ImageDirectory/CoRoT-2260816083615.FITS,Main,60.00,Clear,CoRoT-2,Cecilia,AZ,moguest,False,session_01,observations\2026-08-16\CoRoT-2\session_01\CoRoT-2260816083615.fits,downloaded,656640
CoRoT-2260816083915,2026-08-16 08:39:15,https://mo-www.cfa.harvard.edu/ImageDirectory/CoRoT-2260816083915.FITS,Main,60.00,Clear,CoRoT-2,Cecilia,AZ,moguest,False,session_01,observations\2026-08-16\CoRoT-2\session_01\CoRoT-2260816083915.fits,downloaded,656640
CoRoT-2260816084215,2026-08-16 08:42:15,https://mo-www.cfa.harvard.edu/ImageDirectory/CoRoT-2260816084215.FITS,Main,60.00,Clear,CoRoT-2,Cecilia,AZ,moguest,False,session_01,observations\2026-08-16\CoRoT-2\session_01\CoRoT-2260816084215.fits,downloaded,656640
CoRoT-2260816084517,2026-08-16 08:45:17,https://mo-www.cfa.harvard.edu/ImageDirectory/CoRoT-2260816084517.FITS,Main,60.00,Clear,CoRoT-2,Cecilia,AZ,moguest,False,session_01,observations\2026-08-16\CoRoT-2\session_01\CoRoT-2260816084517.fits,downloaded,656640
CoRoT-2260816084816,2026-08-16 08:48:16,https://mo-www.cfa.harvard.edu/ImageDirectory/CoRoT-2260816084816.FITS,Main,60.00,Clear,CoRoT-2,Cecilia,AZ,moguest,False,session_01,observations\2026-08-16\CoRoT-2\session_01\CoRoT-2260816084816.fits,downloaded,656640
CoRoT-2260816085116,2026-08-16 08:51:16,https://mo-www.cfa.harvard.edu/ImageDirectory/CoRoT-2260816085116.FITS,Main,60.00,Clear,CoRoT-2,Cecilia,AZ,moguest,False,session_01,observations\2026-08-16\CoRoT-2\session_01\CoRoT-2260816085116.fits,downloaded,656640
CoRoT-2260816085415,2026-08-16 08:54:15,https://mo-www.cfa.harvard.edu/ImageDirectory/CoRoT-2260816085415.FITS,Main,60.00,Clear,CoRoT-2,Cecilia,AZ,moguest,False,session_01,observations\2026-08-16\CoRoT-2\session_01\CoRoT-2260816085415.fits,downloaded,656640
CoRoT-2260816085715,2026-08-16 08:57:15,https://mo-www.cfa.harvard.edu/ImageDirectory/CoRoT-2260816085715.FITS,Main,60.00,Clear,CoRoT-2,Cecilia,AZ,moguest,False,session_01,observations\2026-08-16\CoRoT-2\session_01\CoRoT-2260816085715.fits,downloaded,656640
CoRoT-2260823035758,2026-08-23 03:57:58,https://mo-www.cfa.harvard.edu/ImageDirectory/CoRoT-2260823035758.FITS,Main,60.00,Clear,CoRoT-2,Cecilia,AZ,moguest,False,session_01,observations\2026-08-23\CoRoT-2\session_01\CoRoT-2260823035758.fits,downloaded,656640
CoRoT-2260823040015,2026-08-23 04:00:15,https://mo-www.cfa.harvard.edu/ImageDirectory/CoRoT-2260823040015.FITS,Main,60.00,Clear,CoRoT-2,Cecilia,AZ,moguest,False,session_01,observations\2026-08-23\CoRoT-2\session_01\CoRoT-2260823040015.fits,downloaded,656640
CoRoT-2260823040315,2026-08-23 04:03:15,https://mo-www.cfa.harvard.edu/ImageDirectory/CoRoT-2260823040315.FITS,Main,60.00,Clear,CoRoT-2,Cecilia,AZ,moguest,False,session_01,observations\2026-08-23\CoRoT-2\session_01\CoRoT-2260823040315.fits,downloaded,656640
CoRoT-2260823040615,2026-08-23 04:06:15,https://mo-www.cfa.harvard.edu/ImageDirectory/CoRoT-2260823040615.FITS,Main,60.00,Clear,CoRoT-2,Cecilia,AZ,moguest,False,session_01,observations\2026-08-23\CoRoT-2\session_01\CoRoT-2260823040615.fits,downloaded,656640
CoRoT-2260823040915,2026-08-23 04:09:15,https://mo-www.cfa.harvard.edu/ImageDirectory/CoRoT-2260823040915.FITS,Main,60.00,Clear,CoRoT-2,Cecilia,AZ,moguest,False,session_01,observations\2026-08-23\CoRoT-2\session_01\CoRoT-2260823040915.fits,downloaded,656640
CoRoT-2260823041215,2026-08-23 04:12:15,https://mo-www.cfa.harvard.edu/ImageDirectory/CoRoT-2260823041215.FITS,Main,60.00,Clear,CoRoT-2,Cecilia,AZ,moguest,False,session_01,observations\2026-08-23\CoRoT-2\session_01\CoRoT-2260823041215.fits,downloaded,656640
CoRoT-2260823041515,2026-08-23 04:15:15,https://mo-www.cfa.harvard.edu/ImageDirectory/CoRoT-2260823041515.FITS,Main,60.00,Clear,CoRoT-2,Cecilia,AZ,moguest,False,session_01,observations\2026-08-23\CoRoT-2\session_01\CoRoT-2260823041515.fits,downloaded,656640
CoRoT-2260823041815,2026-08-23 04:18:15,https://mo-www.cfa.harvard.edu/ImageDirectory/CoRoT-2260823041815.FITS,Main,60.00,Clear,CoRoT-2,Cecilia,AZ,moguest,False,session_01,observations\2026-08-23\CoRoT-2\session_01\CoRoT-2260823041815.fits,downloaded,656640
CoRoT-2260823042115,2026-08-23 04:21:15,https://mo-www.cfa.harvard.edu/ImageDirectory/CoRoT-2260823042115.FITS,Main,60.00,Clear,CoRoT-2,Cecilia,AZ,moguest,False,session_01,observations\2026-08-23\CoRoT-2\session_01\CoRoT-2260823042115.fits,downloaded,656640
CoRoT-2260823042415,2026-08-23 04:24:15,https://mo-www.cfa.harvard.edu/ImageDirectory/CoRoT-2260823042415.FITS,Main,60.00,Clear,CoRoT-2,Cecilia,AZ,moguest,False,session_01,observations\2026-08-23\CoRoT-2\session_01\CoRoT-2260823042415.fits,downloaded,656640
CoRoT-2260823042715,2026-08-23 04:27:15,https://mo-www.cfa.harvard.edu/ImageDirectory/CoRoT-2260823042715.FITS,Main,60.00,Clear,CoRoT-2,Cecilia,AZ,moguest,False,session_01,observations\2026-08-23\CoRoT-2\session_01\CoRoT-2260823042715.fits,downloaded,656640
CoRoT-2260823043015,2026-08-23 04:30:15,https://mo-www.cfa.harvard.edu/ImageDirectory/CoRoT-2260823043015.FITS,Main,60.00,Clear,CoRoT-2,Cecilia,AZ,moguest,False,session_01,observations\2026-08-23\CoRoT-2\session_01\CoRoT-2260823043015.fits,downloaded,656640
CoRoT-2260823043315,2026-08-23 04:33:15,https://mo-www.cfa.harvard.edu/ImageDirectory/CoRoT-2260823043315.FITS,Main,60.00,Clear,CoRoT-2,Cecilia,AZ,moguest,False,session_01,observations\2026-08-23\CoRoT-2\session_01\CoRoT-2260823043315.fits,downloaded,656640
CoRoT-2260823043615,2026-08-23 04:36:15,https://mo-www.cfa.harvard.edu/ImageDirectory/CoRoT-2260823043615.FITS,Main,60.00,Clear,CoRoT-2,Cecilia,AZ,moguest,False,session_01,observations\2026-08-23\CoRoT-2\session_01\CoRoT-2260823043615.fits,downloaded,656640
CoRoT-2260823043915,2026-08-23 04:39:15,https://mo-www.cfa.harvard.edu/ImageDirectory/CoRoT-2260823043915.FITS,Main,60.00,Clear,CoRoT-2,Cecilia,AZ,moguest,False,session_01,observations\2026-08-23\CoRoT-2\session_01\CoRoT-2260823043915.fits,downloaded,656640
CoRoT-2260823044215,2026-08-23 04:42:15,https://mo-www.cfa.harvard.edu/ImageDirectory/CoRoT-2260823044215.FITS,Main,60.00,Clear,CoRoT-2,Cecilia,AZ,moguest,False,session_01,observations\2026-08-23\CoRoT-2\session_01\CoRoT-2260823044215.fits,downloaded,656640
CoRoT-2260823044516,2026-08-23 04:45:16,https://mo-www.cfa.harvard.edu/ImageDirectory/CoRoT-2260823044516.FITS,Main,60.00,Clear,CoRoT-2,Cecilia,AZ,moguest,False,session_01,observations\2026-08-23\CoRoT-2\session_01\CoRoT-2260823044516.fits,downloaded,656640
CoRoT-2260823044815,2026-08-23 04:48:15,https://mo-www.cfa.harvard.edu/ImageDirectory/CoRoT-2260823044815.FITS,Main,60.00,Clear,CoRoT-2,Cecilia,AZ,moguest,False,session_01,observations\2026-08-23\CoRoT-2\session_01\CoRoT-2260823044815.fits,downloaded,656640
CoRoT-2260823045115,2026-08-23 04:51:15,https://mo-www.cfa.harvard.edu/ImageDirectory/CoRoT-2260823045115.FITS,Main,60.00,Clear,CoRoT-2,Cecilia,AZ,moguest,False,session_01,observations\2026-08-23\CoRoT-2\session_01\CoRoT-2260823045115.fits,downloaded,656640
CoRoT-2260823045415,2026-08-23 04:54:15,https://mo-www.cfa.harvard.edu/ImageDirectory/CoRoT-2260823045415.FITS,Main,60.00,Clear,CoRoT-2,Cecilia,AZ,moguest,False,session_01,observations\2026-08-23\CoRoT-2\session_01\CoRoT-2260823045415.fits,downloaded,656640
CoRoT-2260823045715,2026-08-23 04:57:15,https://mo-www.cfa.harvard.edu/ImageDirectory/CoRoT-2260823045715.FITS,Main,60.00,Clear,CoRoT-2,Cecilia,AZ,moguest,False,session_01,observations\2026-08-23\CoRoT-2\session_01\CoRoT-2260823045715.fits,downloaded,656640
CoRoT-2260823050015,2026-08-23 05:00:15,https://mo-www.cfa.harvard.edu/ImageDirectory/CoRoT-2260823050015.FITS,Main,60.00,Clear,CoRoT-2,Cecilia,AZ,moguest,False,session_01,observations\2026-08-23\CoRoT-2\session_01\CoRoT-2260823050015.fits,downloaded,656640
CoRoT-2260823050315,2026-08-23 05:03:15,https://mo-www.cfa.harvard.edu/ImageDirectory/CoRoT-2260823050315.FITS,Main,60.00,Clear,CoRoT-2,Cecilia,AZ,moguest,False,session_01,observations\2026-08-23\CoRoT-2\session_01\CoRoT-2260823050315.fits,downloaded,656640
CoRoT-2260823050615,2026-08-23 05:06:15,https://mo-www.cfa.harvard.edu/ImageDirectory/CoRoT-2260823050615.FITS,Main,60.00,Clear,CoRoT-2,Cecilia,AZ,moguest,False,session_01,observations\2026-08-23\CoRoT-2\session_01\CoRoT-2260823050615.fits,downloaded,656640
CoRoT-2260823050915,2026-08-23 05:09:15,https://mo-www.cfa.harvard.edu/ImageDirectory/CoRoT-2260823050915.FITS,Main,60.00,Clear,CoRoT-2,Cecilia,AZ,moguest,False,session_01,observations\2026-08-23\CoRoT-2\session_01\CoRoT-2260823050915.fits,downloaded,656640
CoRoT-2260823051215,2026-08-23 05:12:15,https://mo-www.cfa.harvard.edu/ImageDirectory/CoRoT-2260823051215.FITS,Main,60.00,Clear,CoRoT-2,Cecilia,AZ,moguest,False,session_01,observations\2026-08-23\CoRoT-2\session_01\CoRoT-2260823051215.fits,downloaded,656640
CoRoT-2260823051516,2026-08-23 05:15:16,https://mo-www.cfa.harvard.edu/ImageDirectory/CoRoT-2260823051516.FITS,Main,60.00,Clear,CoRoT-2,Cecilia,AZ,moguest,False,session_01,observations\2026-08-23\CoRoT-2\session_01\CoRoT-2260823051516.fits,downloaded,656640
CoRoT-2260823051815,2026-08-23 05:18:15,https://mo-www.cfa.harvard.edu/ImageDirectory/CoRoT-2260823051815.FITS,Main,60.00,Clear,CoRoT-2,Cecilia,AZ,moguest,False,session_01,observations\2026-08-23\CoRoT-2\session_01\CoRoT-2260823051815.fits,downloaded,656640
CoRoT-2260823052115,2026-08-23 05:21:15,https://mo-www.cfa.harvard.edu/ImageDirectory/CoRoT-2260823052115.FITS,Main,60.00,Clear,CoRoT-2,Cecilia,AZ,moguest,False,session_01,observations\2026-08-23\CoRoT-2\session_01\CoRoT-2260823052115.fits,downloaded,656640
CoRoT-2260823052416,2026-08-23 05:24:16,https://mo-www.cfa.harvard.edu/ImageDirectory/CoRoT-2260823052416.FITS,Main,60.00,Clear,CoRoT-2,Cecilia,AZ,moguest,False,session_01,observations\2026-08-23\CoRoT-2\session_01\CoRoT-2260823052416.fits,downloaded,656640
CoRoT-2260823052715,2026-08-23 05:27:15,https://mo-www.cfa.harvard.edu/ImageDirectory/CoRoT-2260823052715.FITS,Main,60.00,Clear,CoRoT-2,Cecilia,AZ,moguest,False,session_01,observations\2026-08-23\CoRoT-2\session_01\CoRoT-2260823052715.fits,downloaded,656640
CoRoT-2260823053015,2026-08-23 05:30:15,https://mo-www.cfa.harvard.edu/ImageDirectory/CoRoT-2260823053015.FITS,Main,60.00,Clear,CoRoT-2,Cecilia,AZ,moguest,False,session_01,observations\2026-08-23\CoRoT-2\session_01\CoRoT-2260823053015.fits,downloaded,656640
CoRoT-2260823053315,2026-08-23 05:33:15,https://mo-www.cfa.harvard.edu/ImageDirectory/CoRoT-2260823053315.FITS,Main,60.00,Clear,CoRoT-2,Cecilia,AZ,moguest,False,session_01,observations\2026-08-23\CoRoT-2\session_01\CoRoT-2260823053315.fits,downloaded,656640
CoRoT-2260823053616,2026-08-23 05:36:16,https://mo-www.cfa.harvard.edu/ImageDirectory/CoRoT-2260823053616.FITS,Main,60.00,Clear,CoRoT-2,Cecilia,AZ,moguest,False,session_01,observations\2026-08-23\CoRoT-2\session_01\CoRoT-2260823053616.fits,downloaded,656640
CoRoT-2260823053915,2026-08-23 05:39:15,https://mo-www.cfa.harvard.edu/ImageDirectory/CoRoT-2260823053915.FITS,Main,60.00,Clear,CoRoT-2,Cecilia,AZ,moguest,False,session_01,observations\2026-08-23\CoRoT-2\session_01\CoRoT-2260823053915.fits,downloaded,656640
CoRoT-2260823054215,2026-08-23 05:42:15,https://mo-www.cfa.harvard.edu/ImageDirectory/CoRoT-2260823054215.FITS,Main,60.00,Clear,CoRoT-2,Cecilia,AZ,moguest,False,session_01,observations\2026-08-23\CoRoT-2\session_01\CoRoT-2260823054215.fits,downloaded,656640
CoRoT-2260823054515,2026-08-23 05:45:15,https://mo-www.cfa.harvard.edu/ImageDirectory/CoRoT-2260823054515.FITS,Main,60.00,Clear,CoRoT-2,Cecilia,AZ,moguest,False,session_01,observations\2026-08-23\CoRoT-2\session_01\CoRoT-2260823054515.fits,downloaded,656640
CoRoT-2260823054815,2026-08-23 05:48:15,https://mo-www.cfa.harvard.edu/ImageDirectory/CoRoT-2260823054815.FITS,Main,60.00,Clear,CoRoT-2,Cecilia,AZ,moguest,False,session_01,observations\2026-08-23\CoRoT-2\session_01\CoRoT-2260823054815.fits,downloaded,656640
CoRoT-2260823055115,2026-08-23 05:51:15,https://mo-www.cfa.harvard.edu/ImageDirectory/CoRoT-2260823055115.FITS,Main,60.00,Clear,CoRoT-2,Cecilia,AZ,moguest,False,session_01,observations\2026-08-23\CoRoT-2\session_01\CoRoT-2260823055115.fits,downloaded,656640
CoRoT-2260823055415,2026-08-23 05:54:15,https://mo-www.cfa.harvard.edu/ImageDirectory/CoRoT-2260823055415.FITS,Main,60.00,Clear,CoRoT-2,Cecilia,AZ,moguest,False,session_01,observations\2026-08-23\CoRoT-2\session_01\CoRoT-2260823055415.fits,downloaded,656640
CoRoT-2260823055715,2026-08-23 05:57:15,https://mo-www.cfa.harvard.edu/ImageDirectory/CoRoT-2260823055715.FITS,Main,60.00,Clear,CoRoT-2,Cecilia,AZ,moguest,False,session_01,observations\2026-08-23\CoRoT-2\session_01\CoRoT-2260823055715.fits,downloaded,656640
CoRoT-2260823060016,2026-08-23 06:00:16,https://mo-www.cfa.harvard.edu/ImageDirectory/CoRoT-2260823060016.FITS,Main,60.00,Clear,CoRoT-2,Cecilia,AZ,moguest,False,session_01,observations\2026-08-23\CoRoT-2\session_01\CoRoT-2260823060016.fits,downloaded,656640
CoRoT-2260823060315,2026-08-23 06:03:15,https://mo-www.cfa.harvard.edu/ImageDirectory/CoRoT-2260823060315.FITS,Main,60.00,Clear,CoRoT-2,Cecilia,AZ,moguest,False,session_01,observations\2026-08-23\CoRoT-2\session_01\CoRoT-2260823060315.fits,downloaded,656640
CoRoT-2260823060615,2026-08-23 06:06:15,https://mo-www.cfa.harvard.edu/ImageDirectory/CoRoT-2260823060615.FITS,Main,60.00,Clear,CoRoT-2,Cecilia,AZ,moguest,False,session_01,observations\2026-08-23\CoRoT-2\session_01\CoRoT-2260823060615.fits,downloaded,656640
CoRoT-2260823061216,2026-08-23 06:12:16,https://mo-www.cfa.harvard.edu/ImageDirectory/CoRoT-2260823061216.FITS,Main,60.00,Clear,CoRoT-2,Cecilia,AZ,moguest,False,session_01,observations\2026-08-23\CoRoT-2\session_01\CoRoT-2260823061216.fits,downloaded,656640
CoRoT-2260823061516,2026-08-23 06:15:16,https://mo-www.cfa.harvard.edu/ImageDirectory/CoRoT-2260823061516.FITS,Main,60.00,Clear,CoRoT-2,Cecilia,AZ,moguest,False,session_01,observations\2026-08-23\CoRoT-2\session_01\CoRoT-2260823061516.fits,downloaded,656640
CoRoT-2260823061815,2026-08-23 06:18:15,https://mo-www.cfa.harvard.edu/ImageDirectory/CoRoT-2260823061815.FITS,Main,60.00,Clear,CoRoT-2,Cecilia,AZ,moguest,False,session_01,observations\2026-08-23\CoRoT-2\session_01\CoRoT-2260823061815.fits,downloaded,656640
CoRoT-2260823062115,2026-08-23 06:21:15,https://mo-www.cfa.harvard.edu/ImageDirectory/CoRoT-2260823062115.FITS,Main,60.00,Clear,CoRoT-2,Cecilia,AZ,moguest,False,session_01,observations\2026-08-23\CoRoT-2\session_01\CoRoT-2260823062115.fits,downloaded,656640
CoRoT-2260823062415,2026-08-23 06:24:15,https://mo-www.cfa.harvard.edu/ImageDirectory/CoRoT-2260823062415.FITS,Main,60.00,Clear,CoRoT-2,Cecilia,AZ,moguest,False,session_01,observations\2026-08-23\CoRoT-2\session_01\CoRoT-2260823062415.fits,downloaded,656640
CoRoT-2260823062715,2026-08-23 06:27:15,https://mo-www.cfa.harvard.edu/ImageDirectory/CoRoT-2260823062715.FITS,Main,60.00,Clear,CoRoT-2,Cecilia,AZ,moguest,False,session_01,observations\2026-08-23\CoRoT-2\session_01\CoRoT-2260823062715.fits,downloaded,656640
CoRoT-2260823063016,2026-08-23 06:30:16,https://mo-www.cfa.harvard.edu/ImageDirectory/CoRoT-2260823063016.FITS,Main,60.00,Clear,CoRoT-2,Cecilia,AZ,moguest,False,session_01,observations\2026-08-23\CoRoT-2\session_01\CoRoT-2260823063016.fits,downloaded,656640
CoRoT-2260823063315,2026-08-23 06:33:15,https://mo-www.cfa.harvard.edu/ImageDirectory/CoRoT-2260823063315.FITS,Main,60.00,Clear,CoRoT-2,Cecilia,AZ,moguest,False,session_01,observations\2026-08-23\CoRoT-2\session_01\CoRoT-2260823063315.fits,downloaded,656640
CoRoT-2260823063616,2026-08-23 06:36:16,https://mo-www.cfa.harvard.edu/ImageDirectory/CoRoT-2260823063616.FITS,Main,60.00,Clear,CoRoT-2,Cecilia,AZ,moguest,False,session_01,observations\2026-08-23\CoRoT-2\session_01\CoRoT-2260823063616.fits,downloaded,656640
CoRoT-2260823063916,2026-08-23 06:39:16,https://mo-www.cfa.harvard.edu/ImageDirectory/CoRoT-2260823063916.FITS,Main,60.00,Clear,CoRoT-2,Cecilia,AZ,moguest,False,session_01,observations\2026-08-23\CoRoT-2\session_01\CoRoT-2260823063916.fits,downloaded,656640
CoRoT-2260823064215,2026-08-23 06:42:15,https://mo-www.cfa.harvard.edu/ImageDirectory/CoRoT-2260823064215.FITS,Main,60.00,Clear,CoRoT-2,Cecilia,AZ,moguest,False,session_01,observations\2026-08-23\CoRoT-2\session_01\CoRoT-2260823064215.fits,downloaded,656640
CoRoT-2260823064515,2026-08-23 06:45:15,https://mo-www.cfa.harvard.edu/ImageDirectory/CoRoT-2260823064515.FITS,Main,60.00,Clear,CoRoT-2,Cecilia,AZ,moguest,False,session_01,observations\2026-08-23\CoRoT-2\session_01\CoRoT-2260823064515.fits,downloaded,656640
CoRoT-2260823064816,2026-08-23 06:48:16,https://mo-www.cfa.harvard.edu/ImageDirectory/CoRoT-2260823064816.FITS,Main,60.00,Clear,CoRoT-2,Cecilia,AZ,moguest,False,session_01,observations\2026-08-23\CoRoT-2\session_01\CoRoT-2260823064816.fits,downloaded,656640
CoRoT-2260823065115,2026-08-23 06:51:15,https://mo-www.cfa.harvard.edu/ImageDirectory/CoRoT-2260823065115.FITS,Main,60.00,Clear,CoRoT-2,Cecilia,AZ,moguest,False,session_01,observations\2026-08-23\CoRoT-2\session_01\CoRoT-2260823065115.fits,downloaded,656640
CoRoT-2260823065415,2026-08-23 06:54:15,https://mo-www.cfa.harvard.edu/ImageDirectory/CoRoT-2260823065415.FITS,Main,60.00,Clear,CoRoT-2,Cecilia,AZ,moguest,False,session_01,observations\2026-08-23\CoRoT-2\session_01\CoRoT-2260823065415.fits,downloaded,656640
CoRoT-2260823065715,2026-08-23 06:57:15,https://mo-www.cfa.harvard.edu/ImageDirectory/CoRoT-2260823065715.FITS,Main,60.00,Clear,CoRoT-2,Cecilia,AZ,moguest,False,session_01,observations\2026-08-23\CoRoT-2\session_01\CoRoT-2260823065715.fits,downloaded,656640
CoRoT-2260823070015,2026-08-23 07:00:15,https://mo-www.cfa.harvard.edu/ImageDirectory/CoRoT-2260823070015.FITS,Main,60.00,Clear,CoRoT-2,Cecilia,AZ,moguest,False,session_01,observations\2026-08-23\CoRoT-2\session_01\CoRoT-2260823070015.fits,downloaded,656640
CoRoT-2260823070316,2026-08-23 07:03:16,https://mo-www.cfa.harvard.edu/ImageDirectory/CoRoT-2260823070316.FITS,Main,60.00,Clear,CoRoT-2,Cecilia,AZ,moguest,False,session_01,observations\2026-08-23\CoRoT-2\session_01\CoRoT-2260823070316.fits,downloaded,656640
CoRoT-2260823070615,2026-08-23 07:06:15,https://mo-www.cfa.harvard.edu/ImageDirectory/CoRoT-2260823070615.FITS,Main,60.00,Clear,CoRoT-2,Cecilia,AZ,moguest,False,session_01,observations\2026-08-23\CoRoT-2\session_01\CoRoT-2260823070615.fits,downloaded,656640
CoRoT-2260823070915,2026-08-23 07:09:15,https://mo-www.cfa.harvard.edu/ImageDirectory/CoRoT-2260823070915.FITS,Main,60.00,Clear,CoRoT-2,Cecilia,AZ,moguest,False,session_01,observations\2026-08-23\CoRoT-2\session_01\CoRoT-2260823070915.fits,downloaded,656640
CoRoT-2260823071216,2026-08-23 07:12:16,https://mo-www.cfa.harvard.edu/ImageDirectory/CoRoT-2260823071216.FITS,Main,60.00,Clear,CoRoT-2,Cecilia,AZ,moguest,False,session_01,observations\2026-08-23\CoRoT-2\session_01\CoRoT-2260823071216.fits,downloaded,656640
CoRoT-2260823071515,2026-08-23 07:15:15,https://mo-www.cfa.harvard.edu/ImageDirectory/CoRoT-2260823071515.FITS,Main,60.00,Clear,CoRoT-2,Cecilia,AZ,moguest,False,session_01,observations\2026-08-23\CoRoT-2\session_01\CoRoT-2260823071515.fits,downloaded,656640
CoRoT-2260823071815,2026-08-23 07:18:15,https://mo-www.cfa.harvard.edu/ImageDirectory/CoRoT-2260823071815.FITS,Main,60.00,Clear,CoRoT-2,Cecilia,AZ,moguest,False,session_01,observations\2026-08-23\CoRoT-2\session_01\CoRoT-2260823071815.fits,downloaded,656640
CoRoT-2260823072115,2026-08-23 07:21:15,https://mo-www.cfa.harvard.edu/ImageDirectory/CoRoT-2260823072115.FITS,Main,60.00,Clear,CoRoT-2,Cecilia,AZ,moguest,False,session_01,observations\2026-08-23\CoRoT-2\session_01\CoRoT-2260823072115.fits,downloaded,656640
CoRoT-2260823072415,2026-08-23 07:24:15,https://mo-www.cfa.harvard.edu/ImageDirectory/CoRoT-2260823072415.FITS,Main,60.00,Clear,CoRoT-2,Cecilia,AZ,moguest,False,session_01,observations\2026-08-23\CoRoT-2\session_01\CoRoT-2260823072415.fits,downloaded,656640
CoRoT-2260823072715,2026-08-23 07:27:15,https://mo-www.cfa.harvard.edu/ImageDirectory/CoRoT-2260823072715.FITS,Main,60.00,Clear,CoRoT-2,Cecilia,AZ,moguest,False,session_01,observations\2026-08-23\CoRoT-2\session_01\CoRoT-2260823072715.fits,downloaded,656640
CoRoT-2260823073015,2026-08-23 07:30:15,https://mo-www.cfa.harvard.edu/ImageDirectory/CoRoT-2260823073015.FITS,Main,60.00,Clear,CoRoT-2,Cecilia,AZ,moguest,False,session_01,observations\2026-08-23\CoRoT-2\session_01\CoRoT-2260823073015.fits,downloaded,656640
CoRoT-2260823073315,2026-08-23 07:33:15,https://mo-www.cfa.harvard.edu/ImageDirectory/CoRoT-2260823073315.FITS,Main,60.00,Clear,CoRoT-2,Cecilia,AZ,moguest,False,session_01,observations\2026-08-23\CoRoT-2\session_01\CoRoT-2260823073315.fits,downloaded,656640
CoRoT-2260823073615,2026-08-23 07:36:15,https://mo-www.cfa.harvard.edu/ImageDirectory/CoRoT-2260823073615.FITS,Main,60.00,Clear,CoRoT-2,Cecilia,AZ,moguest,False,session_01,observations\2026-08-23\CoRoT-2\session_01\CoRoT-2260823073615.fits,downloaded,656640
CoRoT-2260823073915,2026-08-23 07:39:15,https://mo-www.cfa.harvard.edu/ImageDirectory/CoRoT-2260823073915.FITS,Main,60.00,Clear,CoRoT-2,Cecilia,AZ,moguest,False,session_01,observations\2026-08-23\CoRoT-2\session_01\CoRoT-2260823073915.fits,downloaded,656640
CoRoT-2260823074216,2026-08-23 07:42:16,https://mo-www.cfa.harvard.edu/ImageDirectory/CoRoT-2260823074216.FITS,Main,60.00,Clear,CoRoT-2,Cecilia,AZ,moguest,False,session_01,observations\2026-08-23\CoRoT-2\session_01\CoRoT-2260823074216.fits,downloaded,656640
CoRoT-2260823074515,2026-08-23 07:45:15,https://mo-www.cfa.harvard.edu/ImageDirectory/CoRoT-2260823074515.FITS,Main,60.00,Clear,CoRoT-2,Cecilia,AZ,moguest,False,session_01,observations\2026-08-23\CoRoT-2\session_01\CoRoT-2260823074515.fits,downloaded,656640
CoRoT-2260823074815,2026-08-23 07:48:15,https://mo-www.cfa.harvard.edu/ImageDirectory/CoRoT-2260823074815.FITS,Main,60.00,Clear,CoRoT-2,Cecilia,AZ,moguest,False,session_01,observations\2026-08-23\CoRoT-2\session_01\CoRoT-2260823074815.fits,downloaded,656640
CoRoT-2260823075115,2026-08-23 07:51:15,https://mo-www.cfa.harvard.edu/ImageDirectory/CoRoT-2260823075115.FITS,Main,60.00,Clear,CoRoT-2,Cecilia,AZ,moguest,False,session_01,observations\2026-08-23\CoRoT-2\session_01\CoRoT-2260823075115.fits,downloaded,656640
CoRoT-2260823075415,2026-08-23 07:54:15,https://mo-www.cfa.harvard.edu/ImageDirectory/CoRoT-2260823075415.FITS,Main,60.00,Clear,CoRoT-2,Cecilia,AZ,moguest,False,session_01,observations\2026-08-23\CoRoT-2\session_01\CoRoT-2260823075415.fits,downloaded,656640
CoRoT-2260823075716,2026-08-23 07:57:16,https://mo-www.cfa.harvard.edu/ImageDirectory/CoRoT-2260823075716.FITS,Main,60.00,Clear,CoRoT-2,Cecilia,AZ,moguest,False,session_01,observations\2026-08-23\CoRoT-2\session_01\CoRoT-2260823075716.fits,downloaded,656640
CoRoT-2260823080015,2026-08-23 08:00:15,https://mo-www.cfa.harvard.edu/ImageDirectory/CoRoT-2260823080015.FITS,Main,60.00,Clear,CoRoT-2,Cecilia,AZ,moguest,False,session_01,observations\2026-08-23\CoRoT-2\session_01\CoRoT-2260823080015.fits,downloaded,656640
CoRoT-2260823080315,2026-08-23 08:03:15,https://mo-www.cfa.harvard.edu/ImageDirectory/CoRoT-2260823080315.FITS,Main,60.00,Clear,CoRoT-2,Cecilia,AZ,moguest,False,session_01,observations\2026-08-23\CoRoT-2\session_01\CoRoT-2260823080315.fits,downloaded,656640
CoRoT-2260823080615,2026-08-23 08:06:15,https://mo-www.cfa.harvard.edu/ImageDirectory/CoRoT-2260823080615.FITS,Main,60.00,Clear,CoRoT-2,Cecilia,AZ,moguest,False,session_01,observations\2026-08-23\CoRoT-2\session_01\CoRoT-2260823080615.fits,downloaded,656640
CoRoT-2260823080915,2026-08-23 08:09:15,https://mo-www.cfa.harvard.edu/ImageDirectory/CoRoT-2260823080915.FITS,Main,60.00,Clear,CoRoT-2,Cecilia,AZ,moguest,False,session_01,observations\2026-08-23\CoRoT-2\session_01\CoRoT-2260823080915.fits,downloaded,656640
CoRoT-2260823081215,2026-08-23 08:12:15,https://mo-www.cfa.harvard.edu/ImageDirectory/CoRoT-2260823081215.FITS,Main,60.00,Clear,CoRoT-2,Cecilia,AZ,moguest,False,session_01,observations\2026-08-23\CoRoT-2\session_01\CoRoT-2260823081215.fits,downloaded,656640
CoRoT-2260823081515,2026-08-23 08:15:15,https://mo-www.cfa.harvard.edu/ImageDirectory/CoRoT-2260823081515.FITS,Main,60.00,Clear,CoRoT-2,Cecilia,AZ,moguest,False,session_01,observations\2026-08-23\CoRoT-2\session_01\CoRoT-2260823081515.fits,downloaded,656640
CoRoT-2260830031836,2026-08-30 03:18:36,https://mo-www.cfa.harvard.edu/ImageDirectory/CoRoT-2260830031836.FITS,Main,60.00,Clear,CoRoT-2,Cecilia,AZ,moguest,False,session_01,observations\2026-08-30\CoRoT-2\session_01\CoRoT-2260830031836.fits,downloaded,656640
CoRoT-2260830032115,2026-08-30 03:21:15,https://mo-www.cfa.harvard.edu/ImageDirectory/CoRoT-2260830032115.FITS,Main,60.00,Clear,CoRoT-2,Cecilia,AZ,moguest,False,session_01,observations\2026-08-30\CoRoT-2\session_01\CoRoT-2260830032115.fits,downloaded,656640
CoRoT-2260830032417,2026-08-30 03:24:17,https://mo-www.cfa.harvard.edu/ImageDirectory/CoRoT-2260830032417.FITS,Main,60.00,Clear,CoRoT-2,Cecilia,AZ,moguest,False,session_01,observations\2026-08-30\CoRoT-2\session_01\CoRoT-2260830032417.fits,downloaded,656640
CoRoT-2260830032716,2026-08-30 03:27:16,https://mo-www.cfa.harvard.edu/ImageDirectory/CoRoT-2260830032716.FITS,Main,60.00,Clear,CoRoT-2,Cecilia,AZ,moguest,False,session_01,observations\2026-08-30\CoRoT-2\session_01\CoRoT-2260830032716.fits,downloaded,656640
CoRoT-2260830033015,2026-08-30 03:30:15,https://mo-www.cfa.harvard.edu/ImageDirectory/CoRoT-2260830033015.FITS,Main,60.00,Clear,CoRoT-2,Cecilia,AZ,moguest,False,session_01,observations\2026-08-30\CoRoT-2\session_01\CoRoT-2260830033015.fits,downloaded,656640
CoRoT-2260830033315,2026-08-30 03:33:15,https://mo-www.cfa.harvard.edu/ImageDirectory/CoRoT-2260830033315.FITS,Main,60.00,Clear,CoRoT-2,Cecilia,AZ,moguest,False,session_01,observations\2026-08-30\CoRoT-2\session_01\CoRoT-2260830033315.fits,downloaded,656640
CoRoT-2260830033616,2026-08-30 03:36:16,https://mo-www.cfa.harvard.edu/ImageDirectory/CoRoT-2260830033616.FITS,Main,60.00,Clear,CoRoT-2,Cecilia,AZ,moguest,False,session_01,observations\2026-08-30\CoRoT-2\session_01\CoRoT-2260830033616.fits,downloaded,656640
CoRoT-2260830033916,2026-08-30 03:39:16,https://mo-www.cfa.harvard.edu/ImageDirectory/CoRoT-2260830033916.FITS,Main,60.00,Clear,CoRoT-2,Cecilia,AZ,moguest,False,session_01,observations\2026-08-30\CoRoT-2\session_01\CoRoT-2260830033916.fits,downloaded,656640
CoRoT-2260830034215,2026-08-30 03:42:15,https://mo-www.cfa.harvard.edu/ImageDirectory/CoRoT-2260830034215.FITS,Main,60.00,Clear,CoRoT-2,Cecilia,AZ,moguest,False,session_01,observations\2026-08-30\CoRoT-2\session_01\CoRoT-2260830034215.fits,downloaded,656640
CoRoT-2260830034515,2026-08-30 03:45:15,https://mo-www.cfa.harvard.edu/ImageDirectory/CoRoT-2260830034515.FITS,Main,60.00,Clear,CoRoT-2,Cecilia,AZ,moguest,False,session_01,observations\2026-08-30\CoRoT-2\session_01\CoRoT-2260830034515.fits,downloaded,656640
CoRoT-2260830034816,2026-08-30 03:48:16,https://mo-www.cfa.harvard.edu/ImageDirectory/CoRoT-2260830034816.FITS,Main,60.00,Clear,CoRoT-2,Cecilia,AZ,moguest,False,session_01,observations\2026-08-30\CoRoT-2\session_01\CoRoT-2260830034816.fits,downloaded,656640
CoRoT-2260830035116,2026-08-30 03:51:16,https://mo-www.cfa.harvard.edu/ImageDirectory/CoRoT-2260830035116.FITS,Main,60.00,Clear,CoRoT-2,Cecilia,AZ,moguest,False,session_01,observations\2026-08-30\CoRoT-2\session_01\CoRoT-2260830035116.fits,downloaded,656640
CoRoT-2260830035415,2026-08-30 03:54:15,https://mo-www.cfa.harvard.edu/ImageDirectory/CoRoT-2260830035415.FITS,Main,60.00,Clear,CoRoT-2,Cecilia,AZ,moguest,False,session_01,observations\2026-08-30\CoRoT-2\session_01\CoRoT-2260830035415.fits,downloaded,656640
CoRoT-2260830035716,2026-08-30 03:57:16,https://mo-www.cfa.harvard.edu/ImageDirectory/CoRoT-2260830035716.FITS,Main,60.00,Clear,CoRoT-2,Cecilia,AZ,moguest,False,session_01,observations\2026-08-30\CoRoT-2\session_01\CoRoT-2260830035716.fits,downloaded,656640
CoRoT-2260830040015,2026-08-30 04:00:15,https://mo-www.cfa.harvard.edu/ImageDirectory/CoRoT-2260830040015.FITS,Main,60.00,Clear,CoRoT-2,Cecilia,AZ,moguest,False,session_01,observations\2026-08-30\CoRoT-2\session_01\CoRoT-2260830040015.fits,downloaded,656640
CoRoT-2260830040316,2026-08-30 04:03:16,https://mo-www.cfa.harvard.edu/ImageDirectory/CoRoT-2260830040316.FITS,Main,60.00,Clear,CoRoT-2,Cecilia,AZ,moguest,False,session_01,observations\2026-08-30\CoRoT-2\session_01\CoRoT-2260830040316.fits,downloaded,656640
CoRoT-2260830040615,2026-08-30 04:06:15,https://mo-www.cfa.harvard.edu/ImageDirectory/CoRoT-2260830040615.FITS,Main,60.00,Clear,CoRoT-2,Cecilia,AZ,moguest,False,session_01,observations\2026-08-30\CoRoT-2\session_01\CoRoT-2260830040615.fits,downloaded,656640
CoRoT-2260830040916,2026-08-30 04:09:16,https://mo-www.cfa.harvard.edu/ImageDirectory/CoRoT-2260830040916.FITS,Main,60.00,Clear,CoRoT-2,Cecilia,AZ,moguest,False,session_01,observations\2026-08-30\CoRoT-2\session_01\CoRoT-2260830040916.fits,downloaded,656640
CoRoT-2260830041215,2026-08-30 04:12:15,https://mo-www.cfa.harvard.edu/ImageDirectory/CoRoT-2260830041215.FITS,Main,60.00,Clear,CoRoT-2,Cecilia,AZ,moguest,False,session_01,observations\2026-08-30\CoRoT-2\session_01\CoRoT-2260830041215.fits,downloaded,656640
CoRoT-2260830041515,2026-08-30 04:15:15,https://mo-www.cfa.harvard.edu/ImageDirectory/CoRoT-2260830041515.FITS,Main,60.00,Clear,CoRoT-2,Cecilia,AZ,moguest,False,session_01,observations\2026-08-30\CoRoT-2\session_01\CoRoT-2260830041515.fits,downloaded,656640
CoRoT-2260830041816,2026-08-30 04:18:16,https://mo-www.cfa.harvard.edu/ImageDirectory/CoRoT-2260830041816.FITS,Main,60.00,Clear,CoRoT-2,Cecilia,AZ,moguest,False,session_01,observations\2026-08-30\CoRoT-2\session_01\CoRoT-2260830041816.fits,downloaded,656640
CoRoT-2260830042116,2026-08-30 04:21:16,https://mo-www.cfa.harvard.edu/ImageDirectory/CoRoT-2260830042116.FITS,Main,60.00,Clear,CoRoT-2,Cecilia,AZ,moguest,False,session_01,observations\2026-08-30\CoRoT-2\session_01\CoRoT-2260830042116.fits,downloaded,656640
CoRoT-2260830042415,2026-08-30 04:24:15,https://mo-www.cfa.harvard.edu/ImageDirectory/CoRoT-2260830042415.FITS,Main,60.00,Clear,CoRoT-2,Cecilia,AZ,moguest,False,session_01,observations\2026-08-30\CoRoT-2\session_01\CoRoT-2260830042415.fits,downloaded,656640
CoRoT-2260830042715,2026-08-30 04:27:15,https://mo-www.cfa.harvard.edu/ImageDirectory/CoRoT-2260830042715.FITS,Main,60.00,Clear,CoRoT-2,Cecilia,AZ,moguest,False,session_01,observations\2026-08-30\CoRoT-2\session_01\CoRoT-2260830042715.fits,downloaded,656640
CoRoT-2260830043015,2026-08-30 04:30:15,https://mo-www.cfa.harvard.edu/ImageDirectory/CoRoT-2260830043015.FITS,Main,60.00,Clear,CoRoT-2,Cecilia,AZ,moguest,False,session_01,observations\2026-08-30\CoRoT-2\session_01\CoRoT-2260830043015.fits,downloaded,656640
CoRoT-2260830043316,2026-08-30 04:33:16,https://mo-www.cfa.harvard.edu/ImageDirectory/CoRoT-2260830043316.FITS,Main,60.00,Clear,CoRoT-2,Cecilia,AZ,moguest,False,session_01,observations\2026-08-30\CoRoT-2\session_01\CoRoT-2260830043316.fits,downloaded,656640
CoRoT-2260830043616,2026-08-30 04:36:16,https://mo-www.cfa.harvard.edu/ImageDirectory/CoRoT-2260830043616.FITS,Main,60.00,Clear,CoRoT-2,Cecilia,AZ,moguest,False,session_01,observations\2026-08-30\CoRoT-2\session_01\CoRoT-2260830043616.fits,downloaded,656640
CoRoT-2260830043916,2026-08-30 04:39:16,https://mo-www.cfa.harvard.edu/ImageDirectory/CoRoT-2260830043916.FITS,Main,60.00,Clear,CoRoT-2,Cecilia,AZ,moguest,False,session_01,observations\2026-08-30\CoRoT-2\session_01\CoRoT-2260830043916.fits,downloaded,656640
CoRoT-2260830044216,2026-08-30 04:42:16,https://mo-www.cfa.harvard.edu/ImageDirectory/CoRoT-2260830044216.FITS,Main,60.00,Clear,CoRoT-2,Cecilia,AZ,moguest,False,session_01,observations\2026-08-30\CoRoT-2\session_01\CoRoT-2260830044216.fits,downloaded,656640
CoRoT-2260830044515,2026-08-30 04:45:15,https://mo-www.cfa.harvard.edu/ImageDirectory/CoRoT-2260830044515.FITS,Main,60.00,Clear,CoRoT-2,Cecilia,AZ,moguest,False,session_01,observations\2026-08-30\CoRoT-2\session_01\CoRoT-2260830044515.fits,downloaded,656640
CoRoT-2260830044815,2026-08-30 04:48:15,https://mo-www.cfa.harvard.edu/ImageDirectory/CoRoT-2260830044815.FITS,Main,60.00,Clear,CoRoT-2,Cecilia,AZ,moguest,False,session_01,observations\2026-08-30\CoRoT-2\session_01\CoRoT-2260830044815.fits,downloaded,656640
CoRoT-2260830045115,2026-08-30 04:51:15,https://mo-www.cfa.harvard.edu/ImageDirectory/CoRoT-2260830045115.FITS,Main,60.00,Clear,CoRoT-2,Cecilia,AZ,moguest,False,session_01,observations\2026-08-30\CoRoT-2\session_01\CoRoT-2260830045115.fits,downloaded,656640
CoRoT-2260830045415,2026-08-30 04:54:15,https://mo-www.cfa.harvard.edu/ImageDirectory/CoRoT-2260830045415.FITS,Main,60.00,Clear,CoRoT-2,Cecilia,AZ,moguest,False,session_01,observations\2026-08-30\CoRoT-2\session_01\CoRoT-2260830045415.fits,downloaded,656640
CoRoT-2260830045716,2026-08-30 04:57:16,https://mo-www.cfa.harvard.edu/ImageDirectory/CoRoT-2260830045716.FITS,Main,60.00,Clear,CoRoT-2,Cecilia,AZ,moguest,False,session_01,observations\2026-08-30\CoRoT-2\session_01\CoRoT-2260830045716.fits,downloaded,656640
CoRoT-2260830050015,2026-08-30 05:00:15,https://mo-www.cfa.harvard.edu/ImageDirectory/CoRoT-2260830050015.FITS,Main,60.00,Clear,CoRoT-2,Cecilia,AZ,moguest,False,session_01,observations\2026-08-30\CoRoT-2\session_01\CoRoT-2260830050015.fits,downloaded,656640
CoRoT-2260830050315,2026-08-30 05:03:15,https://mo-www.cfa.harvard.edu/ImageDirectory/CoRoT-2260830050315.FITS,Main,60.00,Clear,CoRoT-2,Cecilia,AZ,moguest,False,session_01,observations\2026-08-30\CoRoT-2\session_01\CoRoT-2260830050315.fits,downloaded,656640
CoRoT-2260830050615,2026-08-30 05:06:15,https://mo-www.cfa.harvard.edu/ImageDirectory/CoRoT-2260830050615.FITS,Main,60.00,Clear,CoRoT-2,Cecilia,AZ,moguest,False,session_01,observations\2026-08-30\CoRoT-2\session_01\CoRoT-2260830050615.fits,downloaded,656640
CoRoT-2260830050915,2026-08-30 05:09:15,https://mo-www.cfa.harvard.edu/ImageDirectory/CoRoT-2260830050915.FITS,Main,60.00,Clear,CoRoT-2,Cecilia,AZ,moguest,False,session_01,observations\2026-08-30\CoRoT-2\session_01\CoRoT-2260830050915.fits,downloaded,656640
CoRoT-2260830051216,2026-08-30 05:12:16,https://mo-www.cfa.harvard.edu/ImageDirectory/CoRoT-2260830051216.FITS,Main,60.00,Clear,CoRoT-2,Cecilia,AZ,moguest,False,session_01,observations\2026-08-30\CoRoT-2\session_01\CoRoT-2260830051216.fits,downloaded,656640
CoRoT-2260830051515,2026-08-30 05:15:15,https://mo-www.cfa.harvard.edu/ImageDirectory/CoRoT-2260830051515.FITS,Main,60.00,Clear,CoRoT-2,Cecilia,AZ,moguest,False,session_01,observations\2026-08-30\CoRoT-2\session_01\CoRoT-2260830051515.fits,downloaded,656640
CoRoT-2260830051815,2026-08-30 05:18:15,https://mo-www.cfa.harvard.edu/ImageDirectory/CoRoT-2260830051815.FITS,Main,60.00,Clear,CoRoT-2,Cecilia,AZ,moguest,False,session_01,observations\2026-08-30\CoRoT-2\session_01\CoRoT-2260830051815.fits,downloaded,656640
CoRoT-2260830052115,2026-08-30 05:21:15,https://mo-www.cfa.harvard.edu/ImageDirectory/CoRoT-2260830052115.FITS,Main,60.00,Clear,CoRoT-2,Cecilia,AZ,moguest,False,session_01,observations\2026-08-30\CoRoT-2\session_01\CoRoT-2260830052115.fits,downloaded,656640
CoRoT-2260830052416,2026-08-30 05:24:16,https://mo-www.cfa.harvard.edu/ImageDirectory/CoRoT-2260830052416.FITS,Main,60.00,Clear,CoRoT-2,Cecilia,AZ,moguest,False,session_01,observations\2026-08-30\CoRoT-2\session_01\CoRoT-2260830052416.fits,downloaded,656640
CoRoT-2260830052715,2026-08-30 05:27:15,https://mo-www.cfa.harvard.edu/ImageDirectory/CoRoT-2260830052715.FITS,Main,60.00,Clear,CoRoT-2,Cecilia,AZ,moguest,False,session_01,observations\2026-08-30\CoRoT-2\session_01\CoRoT-2260830052715.fits,downloaded,656640
CoRoT-2260830053015,2026-08-30 05:30:15,https://mo-www.cfa.harvard.edu/ImageDirectory/CoRoT-2260830053015.FITS,Main,60.00,Clear,CoRoT-2,Cecilia,AZ,moguest,False,session_01,observations\2026-08-30\CoRoT-2\session_01\CoRoT-2260830053015.fits,downloaded,656640
CoRoT-2260830053315,2026-08-30 05:33:15,https://mo-www.cfa.harvard.edu/ImageDirectory/CoRoT-2260830053315.FITS,Main,60.00,Clear,CoRoT-2,Cecilia,AZ,moguest,False,session_01,observations\2026-08-30\CoRoT-2\session_01\CoRoT-2260830053315.fits,downloaded,656640
CoRoT-2260830053615,2026-08-30 05:36:15,https://mo-www.cfa.harvard.edu/ImageDirectory/CoRoT-2260830053615.FITS,Main,60.00,Clear,CoRoT-2,Cecilia,AZ,moguest,False,session_01,observations\2026-08-30\CoRoT-2\session_01\CoRoT-2260830053615.fits,downloaded,656640
CoRoT-2260830053916,2026-08-30 05:39:16,https://mo-www.cfa.harvard.edu/ImageDirectory/CoRoT-2260830053916.FITS,Main,60.00,Clear,CoRoT-2,Cecilia,AZ,moguest,False,session_01,observations\2026-08-30\CoRoT-2\session_01\CoRoT-2260830053916.fits,downloaded,656640
CoRoT-2260830054215,2026-08-30 05:42:15,https://mo-www.cfa.harvard.edu/ImageDirectory/CoRoT-2260830054215.FITS,Main,60.00,Clear,CoRoT-2,Cecilia,AZ,moguest,False,session_01,observations\2026-08-30\CoRoT-2\session_01\CoRoT-2260830054215.fits,downloaded,656640
CoRoT-2260830054517,2026-08-30 05:45:17,https://mo-www.cfa.harvard.edu/ImageDirectory/CoRoT-2260830054517.FITS,Main,60.00,Clear,CoRoT-2,Cecilia,AZ,moguest,False,session_01,observations\2026-08-30\CoRoT-2\session_01\CoRoT-2260830054517.fits,downloaded,656640
CoRoT-2260830054816,2026-08-30 05:48:16,https://mo-www.cfa.harvard.edu/ImageDirectory/CoRoT-2260830054816.FITS,Main,60.00,Clear,CoRoT-2,Cecilia,AZ,moguest,False,session_01,observations\2026-08-30\CoRoT-2\session_01\CoRoT-2260830054816.fits,downloaded,656640
CoRoT-2260830055116,2026-08-30 05:51:16,https://mo-www.cfa.harvard.edu/ImageDirectory/CoRoT-2260830055116.FITS,Main,60.00,Clear,CoRoT-2,Cecilia,AZ,moguest,False,session_01,observations\2026-08-30\CoRoT-2\session_01\CoRoT-2260830055116.fits,downloaded,656640
CoRoT-2260830055415,2026-08-30 05:54:15,https://mo-www.cfa.harvard.edu/ImageDirectory/CoRoT-2260830055415.FITS,Main,60.00,Clear,CoRoT-2,Cecilia,AZ,moguest,False,session_01,observations\2026-08-30\CoRoT-2\session_01\CoRoT-2260830055415.fits,downloaded,656640
CoRoT-2260830055715,2026-08-30 05:57:15,https://mo-www.cfa.harvard.edu/ImageDirectory/CoRoT-2260830055715.FITS,Main,60.00,Clear,CoRoT-2,Cecilia,AZ,moguest,False,session_01,observations\2026-08-30\CoRoT-2\session_01\CoRoT-2260830055715.fits,downloaded,656640
CoRoT-2260830060015,2026-08-30 06:00:15,https://mo-www.cfa.harvard.edu/ImageDirectory/CoRoT-2260830060015.FITS,Main,60.00,Clear,CoRoT-2,Cecilia,AZ,moguest,False,session_01,observations\2026-08-30\CoRoT-2\session_01\CoRoT-2260830060015.fits,downloaded,656640
CoRoT-2260830060315,2026-08-30 06:03:15,https://mo-www.cfa.harvard.edu/ImageDirectory/CoRoT-2260830060315.FITS,Main,60.00,Clear,CoRoT-2,Cecilia,AZ,moguest,False,session_01,observations\2026-08-30\CoRoT-2\session_01\CoRoT-2260830060315.fits,downloaded,656640
CoRoT-2260830060616,2026-08-30 06:06:16,https://mo-www.cfa.harvard.edu/ImageDirectory/CoRoT-2260830060616.FITS,Main,60.00,Clear,CoRoT-2,Cecilia,AZ,moguest,False,session_01,observations\2026-08-30\CoRoT-2\session_01\CoRoT-2260830060616.fits,downloaded,656640
CoRoT-2260830060916,2026-08-30 06:09:16,https://mo-www.cfa.harvard.edu/ImageDirectory/CoRoT-2260830060916.FITS,Main,60.00,Clear,CoRoT-2,Cecilia,AZ,moguest,False,session_01,observations\2026-08-30\CoRoT-2\session_01\CoRoT-2260830060916.fits,downloaded,656640
CoRoT-2260830061215,2026-08-30 06:12:15,https://mo-www.cfa.harvard.edu/ImageDirectory/CoRoT-2260830061215.FITS,Main,60.00,Clear,CoRoT-2,Cecilia,AZ,moguest,False,session_01,observations\2026-08-30\CoRoT-2\session_01\CoRoT-2260830061215.fits,downloaded,656640
CoRoT-2260830061516,2026-08-30 06:15:16,https://mo-www.cfa.harvard.edu/ImageDirectory/CoRoT-2260830061516.FITS,Main,60.00,Clear,CoRoT-2,Cecilia,AZ,moguest,False,session_01,observations\2026-08-30\CoRoT-2\session_01\CoRoT-2260830061516.fits,downloaded,656640
CoRoT-2260830061815,2026-08-30 06:18:15,https://mo-www.cfa.harvard.edu/ImageDirectory/CoRoT-2260830061815.FITS,Main,60.00,Clear,CoRoT-2,Cecilia,AZ,moguest,False,session_01,observations\2026-08-30\CoRoT-2\session_01\CoRoT-2260830061815.fits,downloaded,656640
CoRoT-2260830062115,2026-08-30 06:21:15,https://mo-www.cfa.harvard.edu/ImageDirectory/CoRoT-2260830062115.FITS,Main,60.00,Clear,CoRoT-2,Cecilia,AZ,moguest,False,session_01,observations\2026-08-30\CoRoT-2\session_01\CoRoT-2260830062115.fits,downloaded,656640
CoRoT-2260830062415,2026-08-30 06:24:15,https://mo-www.cfa.harvard.edu/ImageDirectory/CoRoT-2260830062415.FITS,Main,60.00,Clear,CoRoT-2,Cecilia,AZ,moguest,False,session_01,observations\2026-08-30\CoRoT-2\session_01\CoRoT-2260830062415.fits,downloaded,656640
CoRoT-2260830062716,2026-08-30 06:27:16,https://mo-www.cfa.harvard.edu/ImageDirectory/CoRoT-2260830062716.FITS,Main,60.00,Clear,CoRoT-2,Cecilia,AZ,moguest,False,session_01,observations\2026-08-30\CoRoT-2\session_01\CoRoT-2260830062716.fits,downloaded,656640
CoRoT-2260830063015,2026-08-30 06:30:15,https://mo-www.cfa.harvard.edu/ImageDirectory/CoRoT-2260830063015.FITS,Main,60.00,Clear,CoRoT-2,Cecilia,AZ,moguest,False,session_01,observations\2026-08-30\CoRoT-2\session_01\CoRoT-2260830063015.fits,downloaded,656640
CoRoT-2260830063315,2026-08-30 06:33:15,https://mo-www.cfa.harvard.edu/ImageDirectory/CoRoT-2260830063315.FITS,Main,60.00,Clear,CoRoT-2,Cecilia,AZ,moguest,False,session_01,observations\2026-08-30\CoRoT-2\session_01\CoRoT-2260830063315.fits,downloaded,656640
CoRoT-2260830063615,2026-08-30 06:36:15,https://mo-www.cfa.harvard.edu/ImageDirectory/CoRoT-2260830063615.FITS,Main,60.00,Clear,CoRoT-2,Cecilia,AZ,moguest,False,session_01,observations\2026-08-30\CoRoT-2\session_01\CoRoT-2260830063615.fits,downloaded,656640
CoRoT-2260830063915,2026-08-30 06:39:15,https://mo-www.cfa.harvard.edu/ImageDirectory/CoRoT-2260830063915.FITS,Main,60.00,Clear,CoRoT-2,Cecilia,AZ,moguest,False,session_01,observations\2026-08-30\CoRoT-2\session_01\CoRoT-2260830063915.fits,downloaded,656640
CoRoT-2260830064217,2026-08-30 06:42:17,https://mo-www.cfa.harvard.edu/ImageDirectory/CoRoT-2260830064217.FITS,Main,60.00,Clear,CoRoT-2,Cecilia,AZ,moguest,False,session_01,observations\2026-08-30\CoRoT-2\session_01\CoRoT-2260830064217.fits,downloaded,656640
CoRoT-2260830064515,2026-08-30 06:45:15,https://mo-www.cfa.harvard.edu/ImageDirectory/CoRoT-2260830064515.FITS,Main,60.00,Clear,CoRoT-2,Cecilia,AZ,moguest,False,session_01,observations\2026-08-30\CoRoT-2\session_01\CoRoT-2260830064515.fits,downloaded,656640
CoRoT-2260830064816,2026-08-30 06:48:16,https://mo-www.cfa.harvard.edu/ImageDirectory/CoRoT-2260830064816.FITS,Main,60.00,Clear,CoRoT-2,Cecilia,AZ,moguest,False,session_01,observations\2026-08-30\CoRoT-2\session_01\CoRoT-2260830064816.fits,downloaded,656640
CoRoT-2260830065115,2026-08-30 06:51:15,https://mo-www.cfa.harvard.edu/ImageDirectory/CoRoT-2260830065115.FITS,Main,60.00,Clear,CoRoT-2,Cecilia,AZ,moguest,False,session_01,observations\2026-08-30\CoRoT-2\session_01\CoRoT-2260830065115.fits,downloaded,656640
CoRoT-2260830065417,2026-08-30 06:54:17,https://mo-www.cfa.harvard.edu/ImageDirectory/CoRoT-2260830065417.FITS,Main,60.00,Clear,CoRoT-2,Cecilia,AZ,moguest,False,session_01,observations\2026-08-30\CoRoT-2\session_01\CoRoT-2260830065417.fits,downloaded,656640
CoRoT-2260830065715,2026-08-30 06:57:15,https://mo-www.cfa.harvard.edu/ImageDirectory/CoRoT-2260830065715.FITS,Main,60.00,Clear,CoRoT-2,Cecilia,AZ,moguest,False,session_01,observations\2026-08-30\CoRoT-2\session_01\CoRoT-2260830065715.fits,downloaded,656640
CoRoT-2260830070016,2026-08-30 07:00:16,https://mo-www.cfa.harvard.edu/ImageDirectory/CoRoT-2260830070016.FITS,Main,60.00,Clear,CoRoT-2,Cecilia,AZ,moguest,False,session_01,observations\2026-08-30\CoRoT-2\session_01\CoRoT-2260830070016.fits,downloaded,656640
CoRoT-2260830070316,2026-08-30 07:03:16,https://mo-www.cfa.harvard.edu/ImageDirectory/CoRoT-2260830070316.FITS,Main,60.00,Clear,CoRoT-2,Cecilia,AZ,moguest,False,session_01,observations\2026-08-30\CoRoT-2\session_01\CoRoT-2260830070316.fits,downloaded,656640
CoRoT-2260830070616,2026-08-30 07:06:16,https://mo-www.cfa.harvard.edu/ImageDirectory/CoRoT-2260830070616.FITS,Main,60.00,Clear,CoRoT-2,Cecilia,AZ,moguest,False,session_01,observations\2026-08-30\CoRoT-2\session_01\CoRoT-2260830070616.fits,downloaded,656640
CoRoT-2260830070915,2026-08-30 07:09:15,https://mo-www.cfa.harvard.edu/ImageDirectory/CoRoT-2260830070915.FITS,Main,60.00,Clear,CoRoT-2,Cecilia,AZ,moguest,False,session_01,observations\2026-08-30\CoRoT-2\session_01\CoRoT-2260830070915.fits,downloaded,656640
CoRoT-2260830071522,2026-08-30 07:15:22,https://mo-www.cfa.harvard.edu/ImageDirectory/CoRoT-2260830071522.FITS,Main,60.00,Clear,CoRoT-2,Cecilia,AZ,moguest,False,session_01,observations\2026-08-30\CoRoT-2\session_01\CoRoT-2260830071522.fits,downloaded,656640
CoRoT-2260830072013,2026-08-30 07:20:13,https://mo-www.cfa.harvard.edu/ImageDirectory/CoRoT-2260830072013.FITS,Main,60.00,Clear,CoRoT-2,Cecilia,AZ,moguest,False,session_01,observations\2026-08-30\CoRoT-2\session_01\CoRoT-2260830072013.fits,downloaded,656640
CoRoT-2260830072504,2026-08-30 07:25:04,https://mo-www.cfa.harvard.edu/ImageDirectory/CoRoT-2260830072504.FITS,Main,60.00,Clear,CoRoT-2,Cecilia,AZ,moguest,False,session_01,observations\2026-08-30\CoRoT-2\session_01\CoRoT-2260830072504.fits,downloaded,656640
CoRoT-2260830072648,2026-08-30 07:26:48,https://mo-www.cfa.harvard.edu/ImageDirectory/CoRoT-2260830072648.FITS,Main,60.00,Clear,CoRoT-2,Cecilia,AZ,moguest,False,session_01,observations\2026-08-30\CoRoT-2\session_01\CoRoT-2260830072648.fits,downloaded,656640
CoRoT-2260830073321,2026-08-30 07:33:21,https://mo-www.cfa.harvard.edu/ImageDirectory/CoRoT-2260830073321.FITS,Main,60.00,Clear,CoRoT-2,Cecilia,AZ,moguest,False,session_01,observations\2026-08-30\CoRoT-2\session_01\CoRoT-2260830073321.fits,downloaded,656640
CoRoT-2260830073506,2026-08-30 07:35:06,https://mo-www.cfa.harvard.edu/ImageDirectory/CoRoT-2260830073506.FITS,Main,60.00,Clear,CoRoT-2,Cecilia,AZ,moguest,False,session_01,observations\2026-08-30\CoRoT-2\session_01\CoRoT-2260830073506.fits,downloaded,656640
CoRoT-2260830074141,2026-08-30 07:41:41,https://mo-www.cfa.harvard.edu/ImageDirectory/CoRoT-2260830074141.FITS,Main,60.00,Clear,CoRoT-2,Cecilia,AZ,moguest,False,session_01,observations\2026-08-30\CoRoT-2\session_01\CoRoT-2260830074141.fits,downloaded,656640
CoRoT-2260830074325,2026-08-30 07:43:25,https://mo-www.cfa.harvard.edu/ImageDirectory/CoRoT-2260830074325.FITS,Main,60.00,Clear,CoRoT-2,Cecilia,AZ,moguest,False,session_01,observations\2026-08-30\CoRoT-2\session_01\CoRoT-2260830074325.fits,downloaded,656640
CoRoT-2260830074813,2026-08-30 07:48:13,https://mo-www.cfa.harvard.edu/ImageDirectory/CoRoT-2260830074813.FITS,Main,60.00,Clear,CoRoT-2,Cecilia,AZ,moguest,False,session_01,observations\2026-08-30\CoRoT-2\session_01\CoRoT-2260830074813.fits,downloaded,656640
HATP-10260905074224,2026-09-05 07:42:24,https://mo-www.cfa.harvard.edu/ImageDirectory/HATP-10260905074224.FITS,Main,60.00,Clear,HATP-10,Cecilia,AZ,moguest,False,session_01,observations\2026-09-05\HATP-10\session_01\HATP-10260905074224.fits,downloaded,656640
HATP-10260905074835,2026-09-05 07:48:35,https://mo-www.cfa.harvard.edu/ImageDirectory/HATP-10260905074835.FITS,Main,60.00,Clear,HATP-10,Cecilia,AZ,moguest,False,session_01,observations\2026-09-05\HATP-10\session_01\HATP-10260905074835.fits,downloaded,656640
HATP-10260905075020,2026-09-05 07:50:20,https://mo-www.cfa.harvard.edu/ImageDirectory/HATP-10260905075020.FITS,Main,60.00,Clear,HATP-10,Cecilia,AZ,moguest,False,session_01,observations\2026-09-05\HATP-10\session_01\HATP-10260905075020.fits,downloaded,656640
HATP-10260905075816,2026-09-05 07:58:16,https://mo-www.cfa.harvard.edu/ImageDirectory/HATP-10260905075816.FITS,Main,60.00,Clear,HATP-10,Cecilia,AZ,moguest,False,session_01,observations\2026-09-05\HATP-10\session_01\HATP-10260905075816.fits,downloaded,656640
HATP-10260905080000,2026-09-05 08:00:00,https://mo-www.cfa.harvard.edu/ImageDirectory/HATP-10260905080000.FITS,Main,60.00,Clear,HATP-10,Cecilia,AZ,moguest,False,session_01,observations\2026-09-05\HATP-10\session_01\HATP-10260905080000.fits,downloaded,656640
HATP-10260905080614,2026-09-05 08:06:14,https://mo-www.cfa.harvard.edu/ImageDirectory/HATP-10260905080614.FITS,Main,60.00,Clear,HATP-10,Cecilia,AZ,moguest,False,session_01,observations\2026-09-05\HATP-10\session_01\HATP-10260905080614.fits,downloaded,656640
HATP-10260905081225,2026-09-05 08:12:25,https://mo-www.cfa.harvard.edu/ImageDirectory/HATP-10260905081225.FITS,Main,60.00,Clear,HATP-10,Cecilia,AZ,moguest,False,session_01,observations\2026-09-05\HATP-10\session_01\HATP-10260905081225.fits,downloaded,656640
HATP-10260905082023,2026-09-05 08:20:23,https://mo-www.cfa.harvard.edu/ImageDirectory/HATP-10260905082023.FITS,Main,60.00,Clear,HATP-10,Cecilia,AZ,moguest,False,session_01,observations\2026-09-05\HATP-10\session_01\HATP-10260905082023.fits,downloaded,656640
HATP-10260905082206,2026-09-05 08:22:06,https://mo-www.cfa.harvard.edu/ImageDirectory/HATP-10260905082206.FITS,Main,60.00,Clear,HATP-10,Cecilia,AZ,moguest,False,session_01,observations\2026-09-05\HATP-10\session_01\HATP-10260905082206.fits,downloaded,656640
HATP-10260905083001,2026-09-05 08:30:01,https://mo-www.cfa.harvard.edu/ImageDirectory/HATP-10260905083001.FITS,Main,60.00,Clear,HATP-10,Cecilia,AZ,moguest,False,session_01,observations\2026-09-05\HATP-10\session_01\HATP-10260905083001.fits,downloaded,656640
HATP-10260905083613,2026-09-05 08:36:13,https://mo-www.cfa.harvard.edu/ImageDirectory/HATP-10260905083613.FITS,Main,60.00,Clear,HATP-10,Cecilia,AZ,moguest,False,session_01,observations\2026-09-05\HATP-10\session_01\HATP-10260905083613.fits,downloaded,656640
HATP-10260905083756,2026-09-05 08:37:56,https://mo-www.cfa.harvard.edu/ImageDirectory/HATP-10260905083756.FITS,Main,60.00,Clear,HATP-10,Cecilia,AZ,moguest,False,session_01,observations\2026-09-05\HATP-10\session_01\HATP-10260905083756.fits,downloaded,656640
HATP-10260905084411,2026-09-05 08:44:11,https://mo-www.cfa.harvard.edu/ImageDirectory/HATP-10260905084411.FITS,Main,60.00,Clear,HATP-10,Cecilia,AZ,moguest,False,session_01,observations\2026-09-05\HATP-10\session_01\HATP-10260905084411.fits,downloaded,656640
HATP-10260905085025,2026-09-05 08:50:25,https://mo-www.cfa.harvard.edu/ImageDirectory/HATP-10260905085025.FITS,Main,60.00,Clear,HATP-10,Cecilia,AZ,moguest,False,session_01,observations\2026-09-05\HATP-10\session_01\HATP-10260905085025.fits,downloaded,656640
HATP-10260905085638,2026-09-05 08:56:38,https://mo-www.cfa.harvard.edu/ImageDirectory/HATP-10260905085638.FITS,Main,60.00,Clear,HATP-10,Cecilia,AZ,moguest,False,session_01,observations\2026-09-05\HATP-10\session_01\HATP-10260905085638.fits,downloaded,656640
HATP-10260905090251,2026-09-05 09:02:51,https://mo-www.cfa.harvard.edu/ImageDirectory/HATP-10260905090251.FITS,Main,60.00,Clear,HATP-10,Cecilia,AZ,moguest,False,session_01,observations\2026-09-05\HATP-10\session_01\HATP-10260905090251.fits,downloaded,656640
HATP-10260905090903,2026-09-05 09:09:03,https://mo-www.cfa.harvard.edu/ImageDirectory/HATP-10260905090903.FITS,Main,60.00,Clear,HATP-10,Cecilia,AZ,moguest,False,session_01,observations\2026-09-05\HATP-10\session_01\HATP-10260905090903.fits,downloaded,656640
HATP-10260905091516,2026-09-05 09:15:16,https://mo-www.cfa.harvard.edu/ImageDirectory/HATP-10260905091516.FITS,Main,60.00,Clear,HATP-10,Cecilia,AZ,moguest,False,session_01,observations\2026-09-05\HATP-10\session_01\HATP-10260905091516.fits,downloaded,656640
HATP-10260905092127,2026-09-05 09:21:27,https://mo-www.cfa.harvard.edu/ImageDirectory/HATP-10260905092127.FITS,Main,60.00,Clear,HATP-10,Cecilia,AZ,moguest,False,session_01,observations\2026-09-05\HATP-10\session_01\HATP-10260905092127.fits,downloaded,656640
HATP-10260905092925,2026-09-05 09:29:25,https://mo-www.cfa.harvard.edu/ImageDirectory/HATP-10260905092925.FITS,Main,60.00,Clear,HATP-10,Cecilia,AZ,moguest,False,session_01,observations\2026-09-05\HATP-10\session_01\HATP-10260905092925.fits,downloaded,656640
HATP-10260905093109,2026-09-05 09:31:09,https://mo-www.cfa.harvard.edu/ImageDirectory/HATP-10260905093109.FITS,Main,60.00,Clear,HATP-10,Cecilia,AZ,moguest,False,session_01,observations\2026-09-05\HATP-10\session_01\HATP-10260905093109.fits,downloaded,656640
HATP-10260905093253,2026-09-05 09:32:53,https://mo-www.cfa.harvard.edu/ImageDirectory/HATP-10260905093253.FITS,Main,60.00,Clear,HATP-10,Cecilia,AZ,moguest,False,session_01,observations\2026-09-05\HATP-10\session_01\HATP-10260905093253.fits,downloaded,656640
HATP-10260905093436,2026-09-05 09:34:36,https://mo-www.cfa.harvard.edu/ImageDirectory/HATP-10260905093436.FITS,Main,60.00,Clear,HATP-10,Cecilia,AZ,moguest,False,session_01,observations\2026-09-05\HATP-10\session_01\HATP-10260905093436.fits,downloaded,656640
HATP-10260905093620,2026-09-05 09:36:20,https://mo-www.cfa.harvard.edu/ImageDirectory/HATP-10260905093620.FITS,Main,60.00,Clear,HATP-10,Cecilia,AZ,moguest,False,session_01,observations\2026-09-05\HATP-10\session_01\HATP-10260905093620.fits,downloaded,656640
HATP-10260905093803,2026-09-05 09:38:03,https://mo-www.cfa.harvard.edu/ImageDirectory/HATP-10260905093803.FITS,Main,60.00,Clear,HATP-10,Cecilia,AZ,moguest,False,session_01,observations\2026-09-05\HATP-10\session_01\HATP-10260905093803.fits,downloaded,656640
HATP-10260905093948,2026-09-05 09:39:48,https://mo-www.cfa.harvard.edu/ImageDirectory/HATP-10260905093948.FITS,Main,60.00,Clear,HATP-10,Cecilia,AZ,moguest,False,session_01,observations\2026-09-05\HATP-10\session_01\HATP-10260905093948.fits,downloaded,656640
HATP-10260905094132,2026-09-05 09:41:32,https://mo-www.cfa.harvard.edu/ImageDirectory/HATP-10260905094132.FITS,Main,60.00,Clear,HATP-10,Cecilia,AZ,moguest,False,session_01,observations\2026-09-05\HATP-10\session_01\HATP-10260905094132.fits,downloaded,656640
HATP-10260905094316,2026-09-05 09:43:16,https://mo-www.cfa.harvard.edu/ImageDirectory/HATP-10260905094316.FITS,Main,60.00,Clear,HATP-10,Cecilia,AZ,moguest,False,session_01,observations\2026-09-05\HATP-10\session_01\HATP-10260905094316.fits,downloaded,656640
HATP-10260905094501,2026-09-05 09:45:01,https://mo-www.cfa.harvard.edu/ImageDirectory/HATP-10260905094501.FITS,Main,60.00,Clear,HATP-10,Cecilia,AZ,moguest,False,session_01,observations\2026-09-05\HATP-10\session_01\HATP-10260905094501.fits,downloaded,656640
HATP-10260905094645,2026-09-05 09:46:45,https://mo-www.cfa.harvard.edu/ImageDirectory/HATP-10260905094645.FITS,Main,60.00,Clear,HATP-10,Cecilia,AZ,moguest,False,session_01,observations\2026-09-05\HATP-10\session_01\HATP-10260905094645.fits,downloaded,656640
HATP-10260905094830,2026-09-05 09:48:30,https://mo-www.cfa.harvard.edu/ImageDirectory/HATP-10260905094830.FITS,Main,60.00,Clear,HATP-10,Cecilia,AZ,moguest,False,session_01,observations\2026-09-05\HATP-10\session_01\HATP-10260905094830.fits,downloaded,656640
HATP-10260905095013,2026-09-05 09:50:13,https://mo-www.cfa.harvard.edu/ImageDirectory/HATP-10260905095013.FITS,Main,60.00,Clear,HATP-10,Cecilia,AZ,moguest,False,session_01,observations\2026-09-05\HATP-10\session_01\HATP-10260905095013.fits,downloaded,656640
HATP-10260905095157,2026-09-05 09:51:57,https://mo-www.cfa.harvard.edu/ImageDirectory/HATP-10260905095157.FITS,Main,60.00,Clear,HATP-10,Cecilia,AZ,moguest,False,session_01,observations\2026-09-05\HATP-10\session_01\HATP-10260905095157.fits,downloaded,656640
HATP-10260905095340,2026-09-05 09:53:40,https://mo-www.cfa.harvard.edu/ImageDirectory/HATP-10260905095340.FITS,Main,60.00,Clear,HATP-10,Cecilia,AZ,moguest,False,session_01,observations\2026-09-05\HATP-10\session_01\HATP-10260905095340.fits,downloaded,656640
HATP-10260905095523,2026-09-05 09:55:23,https://mo-www.cfa.harvard.edu/ImageDirectory/HATP-10260905095523.FITS,Main,60.00,Clear,HATP-10,Cecilia,AZ,moguest,False,session_01,observations\2026-09-05\HATP-10\session_01\HATP-10260905095523.fits,downloaded,656640
HATP-10260905095706,2026-09-05 09:57:06,https://mo-www.cfa.harvard.edu/ImageDirectory/HATP-10260905095706.FITS,Main,60.00,Clear,HATP-10,Cecilia,AZ,moguest,False,session_01,observations\2026-09-05\HATP-10\session_01\HATP-10260905095706.fits,downloaded,656640
HATP-10260905095849,2026-09-05 09:58:49,https://mo-www.cfa.harvard.edu/ImageDirectory/HATP-10260905095849.FITS,Main,60.00,Clear,HATP-10,Cecilia,AZ,moguest,False,session_01,observations\2026-09-05\HATP-10\session_01\HATP-10260905095849.fits,downloaded,656640
HATP-10260905100034,2026-09-05 10:00:34,https://mo-www.cfa.harvard.edu/ImageDirectory/HATP-10260905100034.FITS,Main,60.00,Clear,HATP-10,Cecilia,AZ,moguest,False,session_01,observations\2026-09-05\HATP-10\session_01\HATP-10260905100034.fits,downloaded,656640
HATP-10260905100217,2026-09-05 10:02:17,https://mo-www.cfa.harvard.edu/ImageDirectory/HATP-10260905100217.FITS,Main,60.00,Clear,HATP-10,Cecilia,AZ,moguest,False,session_01,observations\2026-09-05\HATP-10\session_01\HATP-10260905100217.fits,downloaded,656640
HATP-10260905100401,2026-09-05 10:04:01,https://mo-www.cfa.harvard.edu/ImageDirectory/HATP-10260905100401.FITS,Main,60.00,Clear,HATP-10,Cecilia,AZ,moguest,False,session_01,observations\2026-09-05\HATP-10\session_01\HATP-10260905100401.fits,downloaded,656640
HATP-10260905100546,2026-09-05 10:05:46,https://mo-www.cfa.harvard.edu/ImageDirectory/HATP-10260905100546.FITS,Main,60.00,Clear,HATP-10,Cecilia,AZ,moguest,False,session_01,observations\2026-09-05\HATP-10\session_01\HATP-10260905100546.fits,downloaded,656640
HATP-10260905100731,2026-09-05 10:07:31,https://mo-www.cfa.harvard.edu/ImageDirectory/HATP-10260905100731.FITS,Main,60.00,Clear,HATP-10,Cecilia,AZ,moguest,False,session_01,observations\2026-09-05\HATP-10\session_01\HATP-10260905100731.fits,downloaded,656640
HATP-10260905100915,2026-09-05 10:09:15,https://mo-www.cfa.harvard.edu/ImageDirectory/HATP-10260905100915.FITS,Main,60.00,Clear,HATP-10,Cecilia,AZ,moguest,False,session_01,observations\2026-09-05\HATP-10\session_01\HATP-10260905100915.fits,downloaded,656640
HATP-10260905101058,2026-09-05 10:10:58,https://mo-www.cfa.harvard.edu/ImageDirectory/HATP-10260905101058.FITS,Main,60.00,Clear,HATP-10,Cecilia,AZ,moguest,False,session_01,observations\2026-09-05\HATP-10\session_01\HATP-10260905101058.fits,downloaded,656640
HATP-10260905101241,2026-09-05 10:12:41,https://mo-www.cfa.harvard.edu/ImageDirectory/HATP-10260905101241.FITS,Main,60.00,Clear,HATP-10,Cecilia,AZ,moguest,False,session_01,observations\2026-09-05\HATP-10\session_01\HATP-10260905101241.fits,downloaded,656640
HATP-10260905101424,2026-09-05 10:14:24,https://mo-www.cfa.harvard.edu/ImageDirectory/HATP-10260905101424.FITS,Main,60.00,Clear,HATP-10,Cecilia,AZ,moguest,False,session_01,observations\2026-09-05\HATP-10\session_01\HATP-10260905101424.fits,downloaded,656640
HATP-10260905101608,2026-09-05 10:16:08,https://mo-www.cfa.harvard.edu/ImageDirectory/HATP-10260905101608.FITS,Main,60.00,Clear,HATP-10,Cecilia,AZ,moguest,False,session_01,observations\2026-09-05\HATP-10\session_01\HATP-10260905101608.fits,downloaded,656640
HATP-10260905101752,2026-09-05 10:17:52,https://mo-www.cfa.harvard.edu/ImageDirectory/HATP-10260905101752.FITS,Main,60.00,Clear,HATP-10,Cecilia,AZ,moguest,False,session_01,observations\2026-09-05\HATP-10\session_01\HATP-10260905101752.fits,downloaded,656640
HATP-10260905101937,2026-09-05 10:19:37,https://mo-www.cfa.harvard.edu/ImageDirectory/HATP-10260905101937.FITS,Main,60.00,Clear,HATP-10,Cecilia,AZ,moguest,False,session_01,observations\2026-09-05\HATP-10\session_01\HATP-10260905101937.fits,downloaded,656640
HATP-10260905102121,2026-09-05 10:21:21,https://mo-www.cfa.harvard.edu/ImageDirectory/HATP-10260905102121.FITS,Main,60.00,Clear,HATP-10,Cecilia,AZ,moguest,False,session_01,observations\2026-09-05\HATP-10\session_01\HATP-10260905102121.fits,downloaded,656640
HATP-10260905102304,2026-09-05 10:23:04,https://mo-www.cfa.harvard.edu/ImageDirectory/HATP-10260905102304.FITS,Main,60.00,Clear,HATP-10,Cecilia,AZ,moguest,False,session_01,observations\2026-09-05\HATP-10\session_01\HATP-10260905102304.fits,downloaded,656640
HATP-10260905102448,2026-09-05 10:24:48,https://mo-www.cfa.harvard.edu/ImageDirectory/HATP-10260905102448.FITS,Main,60.00,Clear,HATP-10,Cecilia,AZ,moguest,False,session_01,observations\2026-09-05\HATP-10\session_01\HATP-10260905102448.fits,downloaded,656640
HATP-10260905102632,2026-09-05 10:26:32,https://mo-www.cfa.harvard.edu/ImageDirectory/HATP-10260905102632.FITS,Main,60.00,Clear,HATP-10,Cecilia,AZ,moguest,False,session_01,observations\2026-09-05\HATP-10\session_01\HATP-10260905102632.fits,downloaded,656640
HATP-10260905102817,2026-09-05 10:28:17,https://mo-www.cfa.harvard.edu/ImageDirectory/HATP-10260905102817.FITS,Main,60.00,Clear,HATP-10,Cecilia,AZ,moguest,False,session_01,observations\2026-09-05\HATP-10\session_01\HATP-10260905102817.fits,downloaded,656640
HATP-10260905103001,2026-09-05 10:30:01,https://mo-www.cfa.harvard.edu/ImageDirectory/HATP-10260905103001.FITS,Main,60.00,Clear,HATP-10,Cecilia,AZ,moguest,False,session_01,observations\2026-09-05\HATP-10\session_01\HATP-10260905103001.fits,downloaded,656640
HATP-10260905103146,2026-09-05 10:31:46,https://mo-www.cfa.harvard.edu/ImageDirectory/HATP-10260905103146.FITS,Main,60.00,Clear,HATP-10,Cecilia,AZ,moguest,False,session_01,observations\2026-09-05\HATP-10\session_01\HATP-10260905103146.fits,downloaded,656640
HATP-10260905103329,2026-09-05 10:33:29,https://mo-www.cfa.harvard.edu/ImageDirectory/HATP-10260905103329.FITS,Main,60.00,Clear,HATP-10,Cecilia,AZ,moguest,False,session_01,observations\2026-09-05\HATP-10\session_01\HATP-10260905103329.fits,downloaded,656640
HATP-10260905103513,2026-09-05 10:35:13,https://mo-www.cfa.harvard.edu/ImageDirectory/HATP-10260905103513.FITS,Main,60.00,Clear,HATP-10,Cecilia,AZ,moguest,False,session_01,observations\2026-09-05\HATP-10\session_01\HATP-10260905103513.fits,downloaded,656640
HATP-10260905103656,2026-09-05 10:36:56,https://mo-www.cfa.harvard.edu/ImageDirectory/HATP-10260905103656.FITS,Main,60.00,Clear,HATP-10,Cecilia,AZ,moguest,False,session_01,observations\2026-09-05\HATP-10\session_01\HATP-10260905103656.fits,downloaded,656640
HATP-10260905103840,2026-09-05 10:38:40,https://mo-www.cfa.harvard.edu/ImageDirectory/HATP-10260905103840.FITS,Main,60.00,Clear,HATP-10,Cecilia,AZ,moguest,False,session_01,observations\2026-09-05\HATP-10\session_01\HATP-10260905103840.fits,downloaded,656640
HATP-10260905104026,2026-09-05 10:40:26,https://mo-www.cfa.harvard.edu/ImageDirectory/HATP-10260905104026.FITS,Main,60.00,Clear,HATP-10,Cecilia,AZ,moguest,False,session_01,observations\2026-09-05\HATP-10\session_01\HATP-10260905104026.fits,downloaded,656640
HATP-10260905104215,2026-09-05 10:42:15,https://mo-www.cfa.harvard.edu/ImageDirectory/HATP-10260905104215.FITS,Main,60.00,Clear,HATP-10,Cecilia,AZ,moguest,False,session_01,observations\2026-09-05\HATP-10\session_01\HATP-10260905104215.fits,downloaded,656640
HATP-10260905104515,2026-09-05 10:45:15,https://mo-www.cfa.harvard.edu/ImageDirectory/HATP-10260905104515.FITS,Main,60.00,Clear,HATP-10,Cecilia,AZ,moguest,False,session_01,observations\2026-09-05\HATP-10\session_01\HATP-10260905104515.fits,downloaded,656640
HATP-10260905104815,2026-09-05 10:48:15,https://mo-www.cfa.harvard.edu/ImageDirectory/HATP-10260905104815.FITS,Main,60.00,Clear,HATP-10,Cecilia,AZ,moguest,False,session_01,observations\2026-09-05\HATP-10\session_01\HATP-10260905104815.fits,downloaded,656640
HATP-10260905105115,2026-09-05 10:51:15,https://mo-www.cfa.harvard.edu/ImageDirectory/HATP-10260905105115.FITS,Main,60.00,Clear,HATP-10,Cecilia,AZ,moguest,False,session_01,observations\2026-09-05\HATP-10\session_01\HATP-10260905105115.fits,downloaded,656640
HATP-10260905105416,2026-09-05 10:54:16,https://mo-www.cfa.harvard.edu/ImageDirectory/HATP-10260905105416.FITS,Main,60.00,Clear,HATP-10,Cecilia,AZ,moguest,False,session_01,observations\2026-09-05\HATP-10\session_01\HATP-10260905105416.fits,downloaded,656640
HATP-10260905105715,2026-09-05 10:57:15,https://mo-www.cfa.harvard.edu/ImageDirectory/HATP-10260905105715.FITS,Main,60.00,Clear,HATP-10,Cecilia,AZ,moguest,False,session_01,observations\2026-09-05\HATP-10\session_01\HATP-10260905105715.fits,downloaded,656640
HATP-10260905110015,2026-09-05 11:00:15,https://mo-www.cfa.harvard.edu/ImageDirectory/HATP-10260905110015.FITS,Main,60.00,Clear,HATP-10,Cecilia,AZ,moguest,False,session_01,observations\2026-09-05\HATP-10\session_01\HATP-10260905110015.fits,downloaded,656640
HATP-10260905110315,2026-09-05 11:03:15,https://mo-www.cfa.harvard.edu/ImageDirectory/HATP-10260905110315.FITS,Main,60.00,Clear,HATP-10,Cecilia,AZ,moguest,False,session_01,observations\2026-09-05\HATP-10\session_01\HATP-10260905110315.fits,downloaded,656640
HATP-10260905110616,2026-09-05 11:06:16,https://mo-www.cfa.harvard.edu/ImageDirectory/HATP-10260905110616.FITS,Main,60.00,Clear,HATP-10,Cecilia,AZ,moguest,False,session_01,observations\2026-09-05\HATP-10\session_01\HATP-10260905110616.fits,downloaded,656640
HATP-10260905110916,2026-09-05 11:09:16,https://mo-www.cfa.harvard.edu/ImageDirectory/HATP-10260905110916.FITS,Main,60.00,Clear,HATP-10,Cecilia,AZ,moguest,False,session_01,observations\2026-09-05\HATP-10\session_01\HATP-10260905110916.fits,downloaded,656640
HATP-10260905111215,2026-09-05 11:12:15,https://mo-www.cfa.harvard.edu/ImageDirectory/HATP-10260905111215.FITS,Main,60.00,Clear,HATP-10,Cecilia,AZ,moguest,False,session_01,observations\2026-09-05\HATP-10\session_01\HATP-10260905111215.fits,downloaded,656640
HATP-10260905111515,2026-09-05 11:15:15,https://mo-www.cfa.harvard.edu/ImageDirectory/HATP-10260905111515.FITS,Main,60.00,Clear,HATP-10,Cecilia,AZ,moguest,False,session_01,observations\2026-09-05\HATP-10\session_01\HATP-10260905111515.fits,downloaded,656640
HATP-10260905111815,2026-09-05 11:18:15,https://mo-www.cfa.harvard.edu/ImageDirectory/HATP-10260905111815.FITS,Main,60.00,Clear,HATP-10,Cecilia,AZ,moguest,False,session_01,observations\2026-09-05\HATP-10\session_01\HATP-10260905111815.fits,downloaded,656640
HATP-10260905112115,2026-09-05 11:21:15,https://mo-www.cfa.harvard.edu/ImageDirectory/HATP-10260905112115.FITS,Main,60.00,Clear,HATP-10,Cecilia,AZ,moguest,False,session_01,observations\2026-09-05\HATP-10\session_01\HATP-10260905112115.fits,downloaded,656640
HATP-10260905112415,2026-09-05 11:24:16,https://mo-www.cfa.harvard.edu/ImageDirectory/HATP-10260905112415.FITS,Main,60.00,Clear,HATP-10,Cecilia,AZ,moguest,False,session_01,observations\2026-09-05\HATP-10\session_01\HATP-10260905112415.fits,downloaded,656640
HATP-10260905112716,2026-09-05 11:27:16,https://mo-www.cfa.harvard.edu/ImageDirectory/HATP-10260905112716.FITS,Main,60.00,Clear,HATP-10,Cecilia,AZ,moguest,False,session_01,observations\2026-09-05\HATP-10\session_01\HATP-10260905112716.fits,downloaded,656640
HATP-10260905113015,2026-09-05 11:30:15,https://mo-www.cfa.harvard.edu/ImageDirectory/HATP-10260905113015.FITS,Main,60.00,Clear,HATP-10,Cecilia,AZ,moguest,False,session_01,observations\2026-09-05\HATP-10\session_01\HATP-10260905113015.fits,downloaded,656640
HATP-10260905113316,2026-09-05 11:33:16,https://mo-www.cfa.harvard.edu/ImageDirectory/HATP-10260905113316.FITS,Main,60.00,Clear,HATP-10,Cecilia,AZ,moguest,False,session_01,observations\2026-09-05\HATP-10\session_01\HATP-10260905113316.fits,downloaded,656640
HATP-10260905113615,2026-09-05 11:36:15,https://mo-www.cfa.harvard.edu/ImageDirectory/HATP-10260905113615.FITS,Main,60.00,Clear,HATP-10,Cecilia,AZ,moguest,False,session_01,observations\2026-09-05\HATP-10\session_01\HATP-10260905113615.fits,downloaded,656640
HATP-10260905113916,2026-09-05 11:39:16,https://mo-www.cfa.harvard.edu/ImageDirectory/HATP-10260905113916.FITS,Main,60.00,Clear,HATP-10,Cecilia,AZ,moguest,False,session_01,observations\2026-09-05\HATP-10\session_01\HATP-10260905113916.fits,downloaded,656640
HATP-10260905114216,2026-09-05 11:42:16,https://mo-www.cfa.harvard.edu/ImageDirectory/HATP-10260905114216.FITS,Main,60.00,Clear,HATP-10,Cecilia,AZ,moguest,False,session_01,observations\2026-09-05\HATP-10\session_01\HATP-10260905114216.fits,downloaded,656640
HATP-10260905114516,2026-09-05 11:45:16,https://mo-www.cfa.harvard.edu/ImageDirectory/HATP-10260905114516.FITS,Main,60.00,Clear,HATP-10,Cecilia,AZ,moguest,False,session_01,observations\2026-09-05\HATP-10\session_01\HATP-10260905114516.fits,downloaded,656640
HATP-10260905114815,2026-09-05 11:48:15,https://mo-www.cfa.harvard.edu/ImageDirectory/HATP-10260905114815.FITS,Main,60.00,Clear,HATP-10,Cecilia,AZ,moguest,False,session_01,observations\2026-09-05\HATP-10\session_01\HATP-10260905114815.fits,downloaded,656640
HATP-10260905115115,2026-09-05 11:51:15,https://mo-www.cfa.harvard.edu/ImageDirectory/HATP-10260905115115.FITS,Main,60.00,Clear,HATP-10,Cecilia,AZ,moguest,False,session_01,observations\2026-09-05\HATP-10\session_01\HATP-10260905115115.fits,downloaded,656640
HATP-10260905115415,2026-09-05 11:54:15,https://mo-www.cfa.harvard.edu/ImageDirectory/HATP-10260905115415.FITS,Main,60.00,Clear,HATP-10,Cecilia,AZ,moguest,False,session_01,observations\2026-09-05\HATP-10\session_01\HATP-10260905115415.fits,downloaded,656640
HATP-10260905115715,2026-09-05 11:57:15,https://mo-www.cfa.harvard.edu/ImageDirectory/HATP-10260905115715.FITS,Main,60.00,Clear,HATP-10,Cecilia,AZ,moguest,False,session_01,observations\2026-09-05\HATP-10\session_01\HATP-10260905115715.fits,downloaded,656640
HATP-10260905120015,2026-09-05 12:00:15,https://mo-www.cfa.harvard.edu/ImageDirectory/HATP-10260905120015.FITS,Main,60.00,Clear,HATP-10,Cecilia,AZ,moguest,False,session_01,observations\2026-09-05\HATP-10\session_01\HATP-10260905120015.fits,downloaded,656640
HATP-10260905120315,2026-09-05 12:03:15,https://mo-www.cfa.harvard.edu/ImageDirectory/HATP-10260905120315.FITS,Main,60.00,Clear,HATP-10,Cecilia,AZ,moguest,False,session_01,observations\2026-09-05\HATP-10\session_01\HATP-10260905120315.fits,downloaded,656640
HATP-10260905120615,2026-09-05 12:06:15,https://mo-www.cfa.harvard.edu/ImageDirectory/HATP-10260905120615.FITS,Main,60.00,Clear,HATP-10,Cecilia,AZ,moguest,False,session_01,observations\2026-09-05\HATP-10\session_01\HATP-10260905120615.fits,downloaded,656640
HATP-10260905120915,2026-09-05 12:09:15,https://mo-www.cfa.harvard.edu/ImageDirectory/HATP-10260905120915.FITS,Main,60.00,Clear,HATP-10,Cecilia,AZ,moguest,False,session_01,observations\2026-09-05\HATP-10\session_01\HATP-10260905120915.fits,downloaded,656640
HATP-10260905121518,2026-09-05 12:15:18,https://mo-www.cfa.harvard.edu/ImageDirectory/HATP-10260905121518.FITS,Main,60.00,Clear,HATP-10,Cecilia,AZ,moguest,False,session_01,observations\2026-09-05\HATP-10\session_01\HATP-10260905121518.fits,downloaded,656640
HATP-10260905122123,2026-09-05 12:21:23,https://mo-www.cfa.harvard.edu/ImageDirectory/HATP-10260905122123.FITS,Main,60.00,Clear,HATP-10,Cecilia,AZ,moguest,False,session_01,observations\2026-09-05\HATP-10\session_01\HATP-10260905122123.fits,downloaded,656640
Qatar-1260818082449,2026-08-18 08:24:49,https://mo-www.cfa.harvard.edu/ImageDirectory/Qatar-1260818082449.FITS,Main,60.00,Clear,Qatar-1,Cecilia,AZ,moguest,False,session_01,observations\2026-08-18\Qatar-1\session_01\Qatar-1260818082449.fits,downloaded,656640
Qatar-1260818082715,2026-08-18 08:27:15,https://mo-www.cfa.harvard.edu/ImageDirectory/Qatar-1260818082715.FITS,Main,60.00,Clear,Qatar-1,Cecilia,AZ,moguest,False,session_01,observations\2026-08-18\Qatar-1\session_01\Qatar-1260818082715.fits,downloaded,656640
Qatar-1260818083016,2026-08-18 08:30:16,https://mo-www.cfa.harvard.edu/ImageDirectory/Qatar-1260818083016.FITS,Main,60.00,Clear,Qatar-1,Cecilia,AZ,moguest,False,session_01,observations\2026-08-18\Qatar-1\session_01\Qatar-1260818083016.fits,downloaded,656640
Qatar-1260818083316,2026-08-18 08:33:16,https://mo-www.cfa.harvard.edu/ImageDirectory/Qatar-1260818083316.FITS,Main,60.00,Clear,Qatar-1,Cecilia,AZ,moguest,False,session_01,observations\2026-08-18\Qatar-1\session_01\Qatar-1260818083316.fits,downloaded,656640
Qatar-1260818083615,2026-08-18 08:36:15,https://mo-www.cfa.harvard.edu/ImageDirectory/Qatar-1260818083615.FITS,Main,60.00,Clear,Qatar-1,Cecilia,AZ,moguest,False,session_01,observations\2026-08-18\Qatar-1\session_01\Qatar-1260818083615.fits,downloaded,656640
Qatar-1260818083916,2026-08-18 08:39:16,https://mo-www.cfa.harvard.edu/ImageDirectory/Qatar-1260818083916.FITS,Main,60.00,Clear,Qatar-1,Cecilia,AZ,moguest,False,session_01,observations\2026-08-18\Qatar-1\session_01\Qatar-1260818083916.fits,downloaded,656640
Qatar-1260818084215,2026-08-18 08:42:15,https://mo-www.cfa.harvard.edu/ImageDirectory/Qatar-1260818084215.FITS,Main,60.00,Clear,Qatar-1,Cecilia,AZ,moguest,False,session_01,observations\2026-08-18\Qatar-1\session_01\Qatar-1260818084215.fits,downloaded,656640
Qatar-1260818084515,2026-08-18 08:45:15,https://mo-www.cfa.harvard.edu/ImageDirectory/Qatar-1260818084515.FITS,Main,60.00,Clear,Qatar-1,Cecilia,AZ,moguest,False,session_01,observations\2026-08-18\Qatar-1\session_01\Qatar-1260818084515.fits,downloaded,656640
Qatar-1260818084815,2026-08-18 08:48:15,https://mo-www.cfa.harvard.edu/ImageDirectory/Qatar-1260818084815.FITS,Main,60.00,Clear,Qatar-1,Cecilia,AZ,moguest,False,session_01,observations\2026-08-18\Qatar-1\session_01\Qatar-1260818084815.fits,downloaded,656640
Qatar-1260818085115,2026-08-18 08:51:15,https://mo-www.cfa.harvard.edu/ImageDirectory/Qatar-1260818085115.FITS,Main,60.00,Clear,Qatar-1,Cecilia,AZ,moguest,False,session_01,observations\2026-08-18\Qatar-1\session_01\Qatar-1260818085115.fits,downloaded,656640
Qatar-1260818085415,2026-08-18 08:54:15,https://mo-www.cfa.harvard.edu/ImageDirectory/Qatar-1260818085415.FITS,Main,60.00,Clear,Qatar-1,Cecilia,AZ,moguest,False,session_01,observations\2026-08-18\Qatar-1\session_01\Qatar-1260818085415.fits,downloaded,656640
Qatar-1260818085716,2026-08-18 08:57:16,https://mo-www.cfa.harvard.edu/ImageDirectory/Qatar-1260818085716.FITS,Main,60.00,Clear,Qatar-1,Cecilia,AZ,moguest,False,session_01,observations\2026-08-18\Qatar-1\session_01\Qatar-1260818085716.fits,downloaded,656640
Qatar-1260818090016,2026-08-18 09:00:16,https://mo-www.cfa.harvard.edu/ImageDirectory/Qatar-1260818090016.FITS,Main,60.00,Clear,Qatar-1,Cecilia,AZ,moguest,False,session_01,observations\2026-08-18\Qatar-1\session_01\Qatar-1260818090016.fits,downloaded,656640
Qatar-1260818090316,2026-08-18 09:03:16,https://mo-www.cfa.harvard.edu/ImageDirectory/Qatar-1260818090316.FITS,Main,60.00,Clear,Qatar-1,Cecilia,AZ,moguest,False,session_01,observations\2026-08-18\Qatar-1\session_01\Qatar-1260818090316.fits,downloaded,656640
Qatar-1260818090615,2026-08-18 09:06:15,https://mo-www.cfa.harvard.edu/ImageDirectory/Qatar-1260818090615.FITS,Main,60.00,Clear,Qatar-1,Cecilia,AZ,moguest,False,session_01,observations\2026-08-18\Qatar-1\session_01\Qatar-1260818090615.fits,downloaded,656640
Qatar-1260818090915,2026-08-18 09:09:15,https://mo-www.cfa.harvard.edu/ImageDirectory/Qatar-1260818090915.FITS,Main,60.00,Clear,Qatar-1,Cecilia,AZ,moguest,False,session_01,observations\2026-08-18\Qatar-1\session_01\Qatar-1260818090915.fits,downloaded,656640
Qatar-1260818091215,2026-08-18 09:12:15,https://mo-www.cfa.harvard.edu/ImageDirectory/Qatar-1260818091215.FITS,Main,60.00,Clear,Qatar-1,Cecilia,AZ,moguest,False,session_01,observations\2026-08-18\Qatar-1\session_01\Qatar-1260818091215.fits,downloaded,656640
Qatar-1260818091515,2026-08-18 09:15:15,https://mo-www.cfa.harvard.edu/ImageDirectory/Qatar-1260818091515.FITS,Main,60.00,Clear,Qatar-1,Cecilia,AZ,moguest,False,session_01,observations\2026-08-18\Qatar-1\session_01\Qatar-1260818091515.fits,downloaded,656640
Qatar-1260818091816,2026-08-18 09:18:16,https://mo-www.cfa.harvard.edu/ImageDirectory/Qatar-1260818091816.FITS,Main,60.00,Clear,Qatar-1,Cecilia,AZ,moguest,False,session_01,observations\2026-08-18\Qatar-1\session_01\Qatar-1260818091816.fits,downloaded,656640
Qatar-1260818092117,2026-08-18 09:21:17,https://mo-www.cfa.harvard.edu/ImageDirectory/Qatar-1260818092117.FITS,Main,60.00,Clear,Qatar-1,Cecilia,AZ,moguest,False,session_01,observations\2026-08-18\Qatar-1\session_01\Qatar-1260818092117.fits,downloaded,656640
Qatar-1260818092415,2026-08-18 09:24:15,https://mo-www.cfa.harvard.edu/ImageDirectory/Qatar-1260818092415.FITS,Main,60.00,Clear,Qatar-1,Cecilia,AZ,moguest,False,session_01,observations\2026-08-18\Qatar-1\session_01\Qatar-1260818092415.fits,downloaded,656640
Qatar-1260818092715,2026-08-18 09:27:15,https://mo-www.cfa.harvard.edu/ImageDirectory/Qatar-1260818092715.FITS,Main,60.00,Clear,Qatar-1,Cecilia,AZ,moguest,False,session_01,observations\2026-08-18\Qatar-1\session_01\Qatar-1260818092715.fits,downloaded,656640
Qatar-1260818093015,2026-08-18 09:30:15,https://mo-www.cfa.harvard.edu/ImageDirectory/Qatar-1260818093015.FITS,Main,60.00,Clear,Qatar-1,Cecilia,AZ,moguest,False,session_01,observations\2026-08-18\Qatar-1\session_01\Qatar-1260818093015.fits,downloaded,656640
Qatar-1260818093316,2026-08-18 09:33:16,https://mo-www.cfa.harvard.edu/ImageDirectory/Qatar-1260818093316.FITS,Main,60.00,Clear,Qatar-1,Cecilia,AZ,moguest,False,session_01,observations\2026-08-18\Qatar-1\session_01\Qatar-1260818093316.fits,downloaded,656640
Qatar-1260818093615,2026-08-18 09:36:15,https://mo-www.cfa.harvard.edu/ImageDirectory/Qatar-1260818093615.FITS,Main,60.00,Clear,Qatar-1,Cecilia,AZ,moguest,False,session_01,observations\2026-08-18\Qatar-1\session_01\Qatar-1260818093615.fits,downloaded,656640
Qatar-1260818093916,2026-08-18 09:39:16,https://mo-www.cfa.harvard.edu/ImageDirectory/Qatar-1260818093916.FITS,Main,60.00,Clear,Qatar-1,Cecilia,AZ,moguest,False,session_01,observations\2026-08-18\Qatar-1\session_01\Qatar-1260818093916.fits,downloaded,656640
Qatar-1260818094216,2026-08-18 09:42:16,https://mo-www.cfa.harvard.edu/ImageDirectory/Qatar-1260818094216.FITS,Main,60.00,Clear,Qatar-1,Cecilia,AZ,moguest,False,session_01,observations\2026-08-18\Qatar-1\session_01\Qatar-1260818094216.fits,downloaded,656640
Qatar-1260818094516,2026-08-18 09:45:16,https://mo-www.cfa.harvard.edu/ImageDirectory/Qatar-1260818094516.FITS,Main,60.00,Clear,Qatar-1,Cecilia,AZ,moguest,False,session_01,observations\2026-08-18\Qatar-1\session_01\Qatar-1260818094516.fits,downloaded,656640
Qatar-1260818094815,2026-08-18 09:48:15,https://mo-www.cfa.harvard.edu/ImageDirectory/Qatar-1260818094815.FITS,Main,60.00,Clear,Qatar-1,Cecilia,AZ,moguest,False,session_01,observations\2026-08-18\Qatar-1\session_01\Qatar-1260818094815.fits,downloaded,656640
Qatar-1260818095116,2026-08-18 09:51:16,https://mo-www.cfa.harvard.edu/ImageDirectory/Qatar-1260818095116.FITS,Main,60.00,Clear,Qatar-1,Cecilia,AZ,moguest,False,session_01,observations\2026-08-18\Qatar-1\session_01\Qatar-1260818095116.fits,downloaded,656640
Qatar-1260818095416,2026-08-18 09:54:16,https://mo-www.cfa.harvard.edu/ImageDirectory/Qatar-1260818095416.FITS,Main,60.00,Clear,Qatar-1,Cecilia,AZ,moguest,False,session_01,observations\2026-08-18\Qatar-1\session_01\Qatar-1260818095416.fits,downloaded,656640
Qatar-1260818095715,2026-08-18 09:57:15,https://mo-www.cfa.harvard.edu/ImageDirectory/Qatar-1260818095715.FITS,Main,60.00,Clear,Qatar-1,Cecilia,AZ,moguest,False,session_01,observations\2026-08-18\Qatar-1\session_01\Qatar-1260818095715.fits,downloaded,656640
Qatar-1260818100015,2026-08-18 10:00:15,https://mo-www.cfa.harvard.edu/ImageDirectory/Qatar-1260818100015.FITS,Main,60.00,Clear,Qatar-1,Cecilia,AZ,moguest,False,session_01,observations\2026-08-18\Qatar-1\session_01\Qatar-1260818100015.fits,downloaded,656640
Qatar-1260818100315,2026-08-18 10:03:15,https://mo-www.cfa.harvard.edu/ImageDirectory/Qatar-1260818100315.FITS,Main,60.00,Clear,Qatar-1,Cecilia,AZ,moguest,False,session_01,observations\2026-08-18\Qatar-1\session_01\Qatar-1260818100315.fits,downloaded,656640
Qatar-1260818100616,2026-08-18 10:06:16,https://mo-www.cfa.harvard.edu/ImageDirectory/Qatar-1260818100616.FITS,Main,60.00,Clear,Qatar-1,Cecilia,AZ,moguest,False,session_01,observations\2026-08-18\Qatar-1\session_01\Qatar-1260818100616.fits,downloaded,656640
Qatar-1260818100915,2026-08-18 10:09:15,https://mo-www.cfa.harvard.edu/ImageDirectory/Qatar-1260818100915.FITS,Main,60.00,Clear,Qatar-1,Cecilia,AZ,moguest,False,session_01,observations\2026-08-18\Qatar-1\session_01\Qatar-1260818100915.fits,downloaded,656640
Qatar-1260818101215,2026-08-18 10:12:15,https://mo-www.cfa.harvard.edu/ImageDirectory/Qatar-1260818101215.FITS,Main,60.00,Clear,Qatar-1,Cecilia,AZ,moguest,False,session_01,observations\2026-08-18\Qatar-1\session_01\Qatar-1260818101215.fits,downloaded,656640
Qatar-1260818101515,2026-08-18 10:15:15,https://mo-www.cfa.harvard.edu/ImageDirectory/Qatar-1260818101515.FITS,Main,60.00,Clear,Qatar-1,Cecilia,AZ,moguest,False,session_01,observations\2026-08-18\Qatar-1\session_01\Qatar-1260818101515.fits,downloaded,656640
Qatar-1260818101817,2026-08-18 10:18:17,https://mo-www.cfa.harvard.edu/ImageDirectory/Qatar-1260818101817.FITS,Main,60.00,Clear,Qatar-1,Cecilia,AZ,moguest,False,session_01,observations\2026-08-18\Qatar-1\session_01\Qatar-1260818101817.fits,downloaded,656640
Qatar-1260818102115,2026-08-18 10:21:15,https://mo-www.cfa.harvard.edu/ImageDirectory/Qatar-1260818102115.FITS,Main,60.00,Clear,Qatar-1,Cecilia,AZ,moguest,False,session_01,observations\2026-08-18\Qatar-1\session_01\Qatar-1260818102115.fits,downloaded,656640
Qatar-1260818102415,2026-08-18 10:24:15,https://mo-www.cfa.harvard.edu/ImageDirectory/Qatar-1260818102415.FITS,Main,60.00,Clear,Qatar-1,Cecilia,AZ,moguest,False,session_01,observations\2026-08-18\Qatar-1\session_01\Qatar-1260818102415.fits,downloaded,656640
Qatar-1260818102716,2026-08-18 10:27:16,https://mo-www.cfa.harvard.edu/ImageDirectory/Qatar-1260818102716.FITS,Main,60.00,Clear,Qatar-1,Cecilia,AZ,moguest,False,session_01,observations\2026-08-18\Qatar-1\session_01\Qatar-1260818102716.fits,downloaded,656640
Qatar-1260818103015,2026-08-18 10:30:15,https://mo-www.cfa.harvard.edu/ImageDirectory/Qatar-1260818103015.FITS,Main,60.00,Clear,Qatar-1,Cecilia,AZ,moguest,False,session_01,observations\2026-08-18\Qatar-1\session_01\Qatar-1260818103015.fits,downloaded,656640
Qatar-1260818103315,2026-08-18 10:33:15,https://mo-www.cfa.harvard.edu/ImageDirectory/Qatar-1260818103315.FITS,Main,60.00,Clear,Qatar-1,Cecilia,AZ,moguest,False,session_01,observations\2026-08-18\Qatar-1\session_01\Qatar-1260818103315.fits,downloaded,656640
Qatar-1260818103615,2026-08-18 10:36:15,https://mo-www.cfa.harvard.edu/ImageDirectory/Qatar-1260818103615.FITS,Main,60.00,Clear,Qatar-1,Cecilia,AZ,moguest,False,session_01,observations\2026-08-18\Qatar-1\session_01\Qatar-1260818103615.fits,downloaded,656640
Qatar-1260818103916,2026-08-18 10:39:16,https://mo-www.cfa.harvard.edu/ImageDirectory/Qatar-1260818103916.FITS,Main,60.00,Clear,Qatar-1,Cecilia,AZ,moguest,False,session_01,observations\2026-08-18\Qatar-1\session_01\Qatar-1260818103916.fits,downloaded,656640
Qatar-1260818104216,2026-08-18 10:42:16,https://mo-www.cfa.harvard.edu/ImageDirectory/Qatar-1260818104216.FITS,Main,60.00,Clear,Qatar-1,Cecilia,AZ,moguest,False,session_01,observations\2026-08-18\Qatar-1\session_01\Qatar-1260818104216.fits,downloaded,656640
Qatar-1260818104515,2026-08-18 10:45:15,https://mo-www.cfa.harvard.edu/ImageDirectory/Qatar-1260818104515.FITS,Main,60.00,Clear,Qatar-1,Cecilia,AZ,moguest,False,session_01,observations\2026-08-18\Qatar-1\session_01\Qatar-1260818104515.fits,downloaded,656640
Qatar-1260818104815,2026-08-18 10:48:15,https://mo-www.cfa.harvard.edu/ImageDirectory/Qatar-1260818104815.FITS,Main,60.00,Clear,Qatar-1,Cecilia,AZ,moguest,False,session_01,observations\2026-08-18\Qatar-1\session_01\Qatar-1260818104815.fits,downloaded,656640
Qatar-1260818105115,2026-08-18 10:51:15,https://mo-www.cfa.harvard.edu/ImageDirectory/Qatar-1260818105115.FITS,Main,60.00,Clear,Qatar-1,Cecilia,AZ,moguest,False,session_01,observations\2026-08-18\Qatar-1\session_01\Qatar-1260818105115.fits,downloaded,656640
Qatar-1260818105415,2026-08-18 10:54:15,https://mo-www.cfa.harvard.edu/ImageDirectory/Qatar-1260818105415.FITS,Main,60.00,Clear,Qatar-1,Cecilia,AZ,moguest,False,session_01,observations\2026-08-18\Qatar-1\session_01\Qatar-1260818105415.fits,downloaded,656640
Qatar-1260818105715,2026-08-18 10:57:15,https://mo-www.cfa.harvard.edu/ImageDirectory/Qatar-1260818105715.FITS,Main,60.00,Clear,Qatar-1,Cecilia,AZ,moguest,False,session_01,observations\2026-08-18\Qatar-1\session_01\Qatar-1260818105715.fits,downloaded,656640
Qatar-1260818110015,2026-08-18 11:00:15,https://mo-www.cfa.harvard.edu/ImageDirectory/Qatar-1260818110015.FITS,Main,60.00,Clear,Qatar-1,Cecilia,AZ,moguest,False,session_01,observations\2026-08-18\Qatar-1\session_01\Qatar-1260818110015.fits,downloaded,656640
Qatar-1260818110316,2026-08-18 11:03:16,https://mo-www.cfa.harvard.edu/ImageDirectory/Qatar-1260818110316.FITS,Main,60.00,Clear,Qatar-1,Cecilia,AZ,moguest,False,session_01,observations\2026-08-18\Qatar-1\session_01\Qatar-1260818110316.fits,downloaded,656640
Qatar-1260818110615,2026-08-18 11:06:15,https://mo-www.cfa.harvard.edu/ImageDirectory/Qatar-1260818110615.FITS,Main,60.00,Clear,Qatar-1,Cecilia,AZ,moguest,False,session_01,observations\2026-08-18\Qatar-1\session_01\Qatar-1260818110615.fits,downloaded,656640
Qatar-1260818110917,2026-08-18 11:09:17,https://mo-www.cfa.harvard.edu/ImageDirectory/Qatar-1260818110917.FITS,Main,60.00,Clear,Qatar-1,Cecilia,AZ,moguest,False,session_01,observations\2026-08-18\Qatar-1\session_01\Qatar-1260818110917.fits,downloaded,656640
Qatar-1260818111215,2026-08-18 11:12:15,https://mo-www.cfa.harvard.edu/ImageDirectory/Qatar-1260818111215.FITS,Main,60.00,Clear,Qatar-1,Cecilia,AZ,moguest,False,session_01,observations\2026-08-18\Qatar-1\session_01\Qatar-1260818111215.fits,downloaded,656640
Qatar-1260818111516,2026-08-18 11:15:16,https://mo-www.cfa.harvard.edu/ImageDirectory/Qatar-1260818111516.FITS,Main,60.00,Clear,Qatar-1,Cecilia,AZ,moguest,False,session_01,observations\2026-08-18\Qatar-1\session_01\Qatar-1260818111516.fits,downloaded,656640
Qatar-1260818111816,2026-08-18 11:18:16,https://mo-www.cfa.harvard.edu/ImageDirectory/Qatar-1260818111816.FITS,Main,60.00,Clear,Qatar-1,Cecilia,AZ,moguest,False,session_01,observations\2026-08-18\Qatar-1\session_01\Qatar-1260818111816.fits,downloaded,656640
Qatar-1260818112115,2026-08-18 11:21:15,https://mo-www.cfa.harvard.edu/ImageDirectory/Qatar-1260818112115.FITS,Main,60.00,Clear,Qatar-1,Cecilia,AZ,moguest,False,session_01,observations\2026-08-18\Qatar-1\session_01\Qatar-1260818112115.fits,downloaded,656640
Qatar-1260818112415,2026-08-18 11:24:15,https://mo-www.cfa.harvard.edu/ImageDirectory/Qatar-1260818112415.FITS,Main,60.00,Clear,Qatar-1,Cecilia,AZ,moguest,False,session_01,observations\2026-08-18\Qatar-1\session_01\Qatar-1260818112415.fits,downloaded,656640
Qatar-1260818112715,2026-08-18 11:27:15,https://mo-www.cfa.harvard.edu/ImageDirectory/Qatar-1260818112715.FITS,Main,60.00,Clear,Qatar-1,Cecilia,AZ,moguest,False,session_01,observations\2026-08-18\Qatar-1\session_01\Qatar-1260818112715.fits,downloaded,656640
Qatar-1260818113015,2026-08-18 11:30:15,https://mo-www.cfa.harvard.edu/ImageDirectory/Qatar-1260818113015.FITS,Main,60.00,Clear,Qatar-1,Cecilia,AZ,moguest,False,session_01,observations\2026-08-18\Qatar-1\session_01\Qatar-1260818113015.fits,downloaded,656640
Qatar-1260818113315,2026-08-18 11:33:15,https://mo-www.cfa.harvard.edu/ImageDirectory/Qatar-1260818113315.FITS,Main,60.00,Clear,Qatar-1,Cecilia,AZ,moguest,False,session_01,observations\2026-08-18\Qatar-1\session_01\Qatar-1260818113315.fits,downloaded,656640
Qatar-1260818113615,2026-08-18 11:36:15,https://mo-www.cfa.harvard.edu/ImageDirectory/Qatar-1260818113615.FITS,Main,60.00,Clear,Qatar-1,Cecilia,AZ,moguest,False,session_01,observations\2026-08-18\Qatar-1\session_01\Qatar-1260818113615.fits,downloaded,656640
Qatar-1260818113916,2026-08-18 11:39:16,https://mo-www.cfa.harvard.edu/ImageDirectory/Qatar-1260818113916.FITS,Main,60.00,Clear,Qatar-1,Cecilia,AZ,moguest,False,session_01,observations\2026-08-18\Qatar-1\session_01\Qatar-1260818113916.fits,downloaded,656640
Qatar-1260818114215,2026-08-18 11:42:15,https://mo-www.cfa.harvard.edu/ImageDirectory/Qatar-1260818114215.FITS,Main,60.00,Clear,Qatar-1,Cecilia,AZ,moguest,False,session_01,observations\2026-08-18\Qatar-1\session_01\Qatar-1260818114215.fits,downloaded,656640
Qatar-1260818114516,2026-08-18 11:45:16,https://mo-www.cfa.harvard.edu/ImageDirectory/Qatar-1260818114516.FITS,Main,60.00,Clear,Qatar-1,Cecilia,AZ,moguest,False,session_01,observations\2026-08-18\Qatar-1\session_01\Qatar-1260818114516.fits,downloaded,656640
Qatar-1260818114815,2026-08-18 11:48:15,https://mo-www.cfa.harvard.edu/ImageDirectory/Qatar-1260818114815.FITS,Main,60.00,Clear,Qatar-1,Cecilia,AZ,moguest,False,session_01,observations\2026-08-18\Qatar-1\session_01\Qatar-1260818114815.fits,downloaded,656640
Qatar-1260818115115,2026-08-18 11:51:15,https://mo-www.cfa.harvard.edu/ImageDirectory/Qatar-1260818115115.FITS,Main,60.00,Clear,Qatar-1,Cecilia,AZ,moguest,False,session_01,observations\2026-08-18\Qatar-1\session_01\Qatar-1260818115115.fits,downloaded,656640
Qatar-1260818115415,2026-08-18 11:54:15,https://mo-www.cfa.harvard.edu/ImageDirectory/Qatar-1260818115415.FITS,Main,60.00,Clear,Qatar-1,Cecilia,AZ,moguest,False,session_01,observations\2026-08-18\Qatar-1\session_01\Qatar-1260818115415.fits,downloaded,656640
Qatar-1260818120204,2026-08-18 12:02:04,https://mo-www.cfa.harvard.edu/ImageDirectory/Qatar-1260818120204.FITS,Main,60.00,Clear,Qatar-1,Cecilia,AZ,moguest,False,session_01,observations\2026-08-18\Qatar-1\session_01\Qatar-1260818120204.fits,downloaded,656640
Qatar-1260818120955,2026-08-18 12:09:55,https://mo-www.cfa.harvard.edu/ImageDirectory/Qatar-1260818120955.FITS,Main,60.00,Clear,Qatar-1,Cecilia,AZ,moguest,False,session_01,observations\2026-08-18\Qatar-1\session_01\Qatar-1260818120955.fits,downloaded,656640
Qatar-1260818121750,2026-08-18 12:17:50,https://mo-www.cfa.harvard.edu/ImageDirectory/Qatar-1260818121750.FITS,Main,60.00,Clear,Qatar-1,Cecilia,AZ,moguest,False,session_01,observations\2026-08-18\Qatar-1\session_01\Qatar-1260818121750.fits,downloaded,656640
Qatar-1260818122545,2026-08-18 12:25:45,https://mo-www.cfa.harvard.edu/ImageDirectory/Qatar-1260818122545.FITS,Main,60.00,Clear,Qatar-1,Cecilia,AZ,moguest,False,session_01,observations\2026-08-18\Qatar-1\session_01\Qatar-1260818122545.fits,downloaded,656640
Qatar-1260821043741,2026-08-21 04:37:41,https://mo-www.cfa.harvard.edu/ImageDirectory/Qatar-1260821043741.FITS,Main,60.00,Clear,Qatar-1,Cecilia,AZ,moguest,False,session_01,observations\2026-08-21\Qatar-1\session_01\Qatar-1260821043741.fits,downloaded,656640
Qatar-1260821043927,2026-08-21 04:39:27,https://mo-www.cfa.harvard.edu/ImageDirectory/Qatar-1260821043927.FITS,Main,60.00,Clear,Qatar-1,Cecilia,AZ,moguest,False,session_01,observations\2026-08-21\Qatar-1\session_01\Qatar-1260821043927.fits,downloaded,656640
Qatar-1260821044219,2026-08-21 04:42:19,https://mo-www.cfa.harvard.edu/ImageDirectory/Qatar-1260821044219.FITS,Main,60.00,Clear,Qatar-1,Cecilia,AZ,moguest,False,session_01,observations\2026-08-21\Qatar-1\session_01\Qatar-1260821044219.fits,downloaded,656640
Qatar-1260821044515,2026-08-21 04:45:15,https://mo-www.cfa.harvard.edu/ImageDirectory/Qatar-1260821044515.FITS,Main,60.00,Clear,Qatar-1,Cecilia,AZ,moguest,False,session_01,observations\2026-08-21\Qatar-1\session_01\Qatar-1260821044515.fits,downloaded,656640
Qatar-1260821044816,2026-08-21 04:48:16,https://mo-www.cfa.harvard.edu/ImageDirectory/Qatar-1260821044816.FITS,Main,60.00,Clear,Qatar-1,Cecilia,AZ,moguest,False,session_01,observations\2026-08-21\Qatar-1\session_01\Qatar-1260821044816.fits,downloaded,656640
Qatar-1260821045116,2026-08-21 04:51:16,https://mo-www.cfa.harvard.edu/ImageDirectory/Qatar-1260821045116.FITS,Main,60.00,Clear,Qatar-1,Cecilia,AZ,moguest,False,session_01,observations\2026-08-21\Qatar-1\session_01\Qatar-1260821045116.fits,downloaded,656640
Qatar-1260821045415,2026-08-21 04:54:15,https://mo-www.cfa.harvard.edu/ImageDirectory/Qatar-1260821045415.FITS,Main,60.00,Clear,Qatar-1,Cecilia,AZ,moguest,False,session_01,observations\2026-08-21\Qatar-1\session_01\Qatar-1260821045415.fits,downloaded,656640
Qatar-1260821045715,2026-08-21 04:57:15,https://mo-www.cfa.harvard.edu/ImageDirectory/Qatar-1260821045715.FITS,Main,60.00,Clear,Qatar-1,Cecilia,AZ,moguest,False,session_01,observations\2026-08-21\Qatar-1\session_01\Qatar-1260821045715.fits,downloaded,656640
Qatar-1260821050015,2026-08-21 05:00:15,https://mo-www.cfa.harvard.edu/ImageDirectory/Qatar-1260821050015.FITS,Main,60.00,Clear,Qatar-1,Cecilia,AZ,moguest,False,session_01,observations\2026-08-21\Qatar-1\session_01\Qatar-1260821050015.fits,downloaded,656640
Qatar-1260821050315,2026-08-21 05:03:15,https://mo-www.cfa.harvard.edu/ImageDirectory/Qatar-1260821050315.FITS,Main,60.00,Clear,Qatar-1,Cecilia,AZ,moguest,False,session_01,observations\2026-08-21\Qatar-1\session_01\Qatar-1260821050315.fits,downloaded,656640
Qatar-1260821050615,2026-08-21 05:06:15,https://mo-www.cfa.harvard.edu/ImageDirectory/Qatar-1260821050615.FITS,Main,60.00,Clear,Qatar-1,Cecilia,AZ,moguest,False,session_01,observations\2026-08-21\Qatar-1\session_01\Qatar-1260821050615.fits,downloaded,656640
Qatar-1260821050915,2026-08-21 05:09:15,https://mo-www.cfa.harvard.edu/ImageDirectory/Qatar-1260821050915.FITS,Main,60.00,Clear,Qatar-1,Cecilia,AZ,moguest,False,session_01,observations\2026-08-21\Qatar-1\session_01\Qatar-1260821050915.fits,downloaded,656640
Qatar-1260821051216,2026-08-21 05:12:16,https://mo-www.cfa.harvard.edu/ImageDirectory/Qatar-1260821051216.FITS,Main,60.00,Clear,Qatar-1,Cecilia,AZ,moguest,False,session_01,observations\2026-08-21\Qatar-1\session_01\Qatar-1260821051216.fits,downloaded,656640
Qatar-1260821051516,2026-08-21 05:15:16,https://mo-www.cfa.harvard.edu/ImageDirectory/Qatar-1260821051516.FITS,Main,60.00,Clear,Qatar-1,Cecilia,AZ,moguest,False,session_01,observations\2026-08-21\Qatar-1\session_01\Qatar-1260821051516.fits,downloaded,656640
Qatar-1260821051815,2026-08-21 05:18:15,https://mo-www.cfa.harvard.edu/ImageDirectory/Qatar-1260821051815.FITS,Main,60.00,Clear,Qatar-1,Cecilia,AZ,moguest,False,session_01,observations\2026-08-21\Qatar-1\session_01\Qatar-1260821051815.fits,downloaded,656640
Qatar-1260821052116,2026-08-21 05:21:16,https://mo-www.cfa.harvard.edu/ImageDirectory/Qatar-1260821052116.FITS,Main,60.00,Clear,Qatar-1,Cecilia,AZ,moguest,False,session_01,observations\2026-08-21\Qatar-1\session_01\Qatar-1260821052116.fits,downloaded,656640
Qatar-1260821052416,2026-08-21 05:24:16,https://mo-www.cfa.harvard.edu/ImageDirectory/Qatar-1260821052416.FITS,Main,60.00,Clear,Qatar-1,Cecilia,AZ,moguest,False,session_01,observations\2026-08-21\Qatar-1\session_01\Qatar-1260821052416.fits,downloaded,656640
Qatar-1260821052715,2026-08-21 05:27:15,https://mo-www.cfa.harvard.edu/ImageDirectory/Qatar-1260821052715.FITS,Main,60.00,Clear,Qatar-1,Cecilia,AZ,moguest,False,session_01,observations\2026-08-21\Qatar-1\session_01\Qatar-1260821052715.fits,downloaded,656640
Qatar-1260821053015,2026-08-21 05:30:15,https://mo-www.cfa.harvard.edu/ImageDirectory/Qatar-1260821053015.FITS,Main,60.00,Clear,Qatar-1,Cecilia,AZ,moguest,False,session_01,observations\2026-08-21\Qatar-1\session_01\Qatar-1260821053015.fits,downloaded,656640
Qatar-1260821053315,2026-08-21 05:33:15,https://mo-www.cfa.harvard.edu/ImageDirectory/Qatar-1260821053315.FITS,Main,60.00,Clear,Qatar-1,Cecilia,AZ,moguest,False,session_01,observations\2026-08-21\Qatar-1\session_01\Qatar-1260821053315.fits,downloaded,656640
Qatar-1260821053616,2026-08-21 05:36:16,https://mo-www.cfa.harvard.edu/ImageDirectory/Qatar-1260821053616.FITS,Main,60.00,Clear,Qatar-1,Cecilia,AZ,moguest,False,session_01,observations\2026-08-21\Qatar-1\session_01\Qatar-1260821053616.fits,downloaded,656640
Qatar-1260821053916,2026-08-21 05:39:16,https://mo-www.cfa.harvard.edu/ImageDirectory/Qatar-1260821053916.FITS,Main,60.00,Clear,Qatar-1,Cecilia,AZ,moguest,False,session_01,observations\2026-08-21\Qatar-1\session_01\Qatar-1260821053916.fits,downloaded,656640
Qatar-1260821054215,2026-08-21 05:42:15,https://mo-www.cfa.harvard.edu/ImageDirectory/Qatar-1260821054215.FITS,Main,60.00,Clear,Qatar-1,Cecilia,AZ,moguest,False,session_01,observations\2026-08-21\Qatar-1\session_01\Qatar-1260821054215.fits,downloaded,656640
Qatar-1260821054515,2026-08-21 05:45:15,https://mo-www.cfa.harvard.edu/ImageDirectory/Qatar-1260821054515.FITS,Main,60.00,Clear,Qatar-1,Cecilia,AZ,moguest,False,session_01,observations\2026-08-21\Qatar-1\session_01\Qatar-1260821054515.fits,downloaded,656640
Qatar-1260821054815,2026-08-21 05:48:15,https://mo-www.cfa.harvard.edu/ImageDirectory/Qatar-1260821054815.FITS,Main,60.00,Clear,Qatar-1,Cecilia,AZ,moguest,False,session_01,observations\2026-08-21\Qatar-1\session_01\Qatar-1260821054815.fits,downloaded,656640
Qatar-1260821055115,2026-08-21 05:51:15,https://mo-www.cfa.harvard.edu/ImageDirectory/Qatar-1260821055115.FITS,Main,60.00,Clear,Qatar-1,Cecilia,AZ,moguest,False,session_01,observations\2026-08-21\Qatar-1\session_01\Qatar-1260821055115.fits,downloaded,656640
Qatar-1260821055415,2026-08-21 05:54:15,https://mo-www.cfa.harvard.edu/ImageDirectory/Qatar-1260821055415.FITS,Main,60.00,Clear,Qatar-1,Cecilia,AZ,moguest,False,session_01,observations\2026-08-21\Qatar-1\session_01\Qatar-1260821055415.fits,downloaded,656640
Qatar-1260821055715,2026-08-21 05:57:15,https://mo-www.cfa.harvard.edu/ImageDirectory/Qatar-1260821055715.FITS,Main,60.00,Clear,Qatar-1,Cecilia,AZ,moguest,False,session_01,observations\2026-08-21\Qatar-1\session_01\Qatar-1260821055715.fits,downloaded,656640
Qatar-1260821060016,2026-08-21 06:00:16,https://mo-www.cfa.harvard.edu/ImageDirectory/Qatar-1260821060016.FITS,Main,60.00,Clear,Qatar-1,Cecilia,AZ,moguest,False,session_01,observations\2026-08-21\Qatar-1\session_01\Qatar-1260821060016.fits,downloaded,656640
Qatar-1260821060316,2026-08-21 06:03:16,https://mo-www.cfa.harvard.edu/ImageDirectory/Qatar-1260821060316.FITS,Main,60.00,Clear,Qatar-1,Cecilia,AZ,moguest,False,session_01,observations\2026-08-21\Qatar-1\session_01\Qatar-1260821060316.fits,downloaded,656640
Qatar-1260821060615,2026-08-21 06:06:15,https://mo-www.cfa.harvard.edu/ImageDirectory/Qatar-1260821060615.FITS,Main,60.00,Clear,Qatar-1,Cecilia,AZ,moguest,False,session_01,observations\2026-08-21\Qatar-1\session_01\Qatar-1260821060615.fits,downloaded,656640
Qatar-1260821060915,2026-08-21 06:09:15,https://mo-www.cfa.harvard.edu/ImageDirectory/Qatar-1260821060915.FITS,Main,60.00,Clear,Qatar-1,Cecilia,AZ,moguest,False,session_01,observations\2026-08-21\Qatar-1\session_01\Qatar-1260821060915.fits,downloaded,656640
Qatar-1260821061216,2026-08-21 06:12:16,https://mo-www.cfa.harvard.edu/ImageDirectory/Qatar-1260821061216.FITS,Main,60.00,Clear,Qatar-1,Cecilia,AZ,moguest,False,session_01,observations\2026-08-21\Qatar-1\session_01\Qatar-1260821061216.fits,downloaded,656640
Qatar-1260821061516,2026-08-21 06:15:16,https://mo-www.cfa.harvard.edu/ImageDirectory/Qatar-1260821061516.FITS,Main,60.00,Clear,Qatar-1,Cecilia,AZ,moguest,False,session_01,observations\2026-08-21\Qatar-1\session_01\Qatar-1260821061516.fits,downloaded,656640
Qatar-1260821061816,2026-08-21 06:18:16,https://mo-www.cfa.harvard.edu/ImageDirectory/Qatar-1260821061816.FITS,Main,60.00,Clear,Qatar-1,Cecilia,AZ,moguest,False,session_01,observations\2026-08-21\Qatar-1\session_01\Qatar-1260821061816.fits,downloaded,656640
Qatar-1260821062115,2026-08-21 06:21:15,https://mo-www.cfa.harvard.edu/ImageDirectory/Qatar-1260821062115.FITS,Main,60.00,Clear,Qatar-1,Cecilia,AZ,moguest,False,session_01,observations\2026-08-21\Qatar-1\session_01\Qatar-1260821062115.fits,downloaded,656640
Qatar-1260821062415,2026-08-21 06:24:15,https://mo-www.cfa.harvard.edu/ImageDirectory/Qatar-1260821062415.FITS,Main,60.00,Clear,Qatar-1,Cecilia,AZ,moguest,False,session_01,observations\2026-08-21\Qatar-1\session_01\Qatar-1260821062415.fits,downloaded,656640
Qatar-1260821062715,2026-08-21 06:27:15,https://mo-www.cfa.harvard.edu/ImageDirectory/Qatar-1260821062715.FITS,Main,60.00,Clear,Qatar-1,Cecilia,AZ,moguest,False,session_01,observations\2026-08-21\Qatar-1\session_01\Qatar-1260821062715.fits,downloaded,656640
Qatar-1260821063015,2026-08-21 06:30:15,https://mo-www.cfa.harvard.edu/ImageDirectory/Qatar-1260821063015.FITS,Main,60.00,Clear,Qatar-1,Cecilia,AZ,moguest,False,session_01,observations\2026-08-21\Qatar-1\session_01\Qatar-1260821063015.fits,downloaded,656640
Qatar-1260821063315,2026-08-21 06:33:15,https://mo-www.cfa.harvard.edu/ImageDirectory/Qatar-1260821063315.FITS,Main,60.00,Clear,Qatar-1,Cecilia,AZ,moguest,False,session_01,observations\2026-08-21\Qatar-1\session_01\Qatar-1260821063315.fits,downloaded,656640
Qatar-1260821063615,2026-08-21 06:36:15,https://mo-www.cfa.harvard.edu/ImageDirectory/Qatar-1260821063615.FITS,Main,60.00,Clear,Qatar-1,Cecilia,AZ,moguest,False,session_01,observations\2026-08-21\Qatar-1\session_01\Qatar-1260821063615.fits,downloaded,656640
Qatar-1260821063915,2026-08-21 06:39:15,https://mo-www.cfa.harvard.edu/ImageDirectory/Qatar-1260821063915.FITS,Main,60.00,Clear,Qatar-1,Cecilia,AZ,moguest,False,session_01,observations\2026-08-21\Qatar-1\session_01\Qatar-1260821063915.fits,downloaded,656640
Qatar-1260821064215,2026-08-21 06:42:15,https://mo-www.cfa.harvard.edu/ImageDirectory/Qatar-1260821064215.FITS,Main,60.00,Clear,Qatar-1,Cecilia,AZ,moguest,False,session_01,observations\2026-08-21\Qatar-1\session_01\Qatar-1260821064215.fits,downloaded,656640
Qatar-1260821064515,2026-08-21 06:45:15,https://mo-www.cfa.harvard.edu/ImageDirectory/Qatar-1260821064515.FITS,Main,60.00,Clear,Qatar-1,Cecilia,AZ,moguest,False,session_01,observations\2026-08-21\Qatar-1\session_01\Qatar-1260821064515.fits,downloaded,656640
Qatar-1260821064815,2026-08-21 06:48:15,https://mo-www.cfa.harvard.edu/ImageDirectory/Qatar-1260821064815.FITS,Main,60.00,Clear,Qatar-1,Cecilia,AZ,moguest,False,session_01,observations\2026-08-21\Qatar-1\session_01\Qatar-1260821064815.fits,downloaded,656640
Qatar-1260821065115,2026-08-21 06:51:15,https://mo-www.cfa.harvard.edu/ImageDirectory/Qatar-1260821065115.FITS,Main,60.00,Clear,Qatar-1,Cecilia,AZ,moguest,False,session_01,observations\2026-08-21\Qatar-1\session_01\Qatar-1260821065115.fits,downloaded,656640
Qatar-1260821065415,2026-08-21 06:54:15,https://mo-www.cfa.harvard.edu/ImageDirectory/Qatar-1260821065415.FITS,Main,60.00,Clear,Qatar-1,Cecilia,AZ,moguest,False,session_01,observations\2026-08-21\Qatar-1\session_01\Qatar-1260821065415.fits,downloaded,656640
Qatar-1260821065715,2026-08-21 06:57:15,https://mo-www.cfa.harvard.edu/ImageDirectory/Qatar-1260821065715.FITS,Main,60.00,Clear,Qatar-1,Cecilia,AZ,moguest,False,session_01,observations\2026-08-21\Qatar-1\session_01\Qatar-1260821065715.fits,downloaded,656640
Qatar-1260821070015,2026-08-21 07:00:15,https://mo-www.cfa.harvard.edu/ImageDirectory/Qatar-1260821070015.FITS,Main,60.00,Clear,Qatar-1,Cecilia,AZ,moguest,False,session_01,observations\2026-08-21\Qatar-1\session_01\Qatar-1260821070015.fits,downloaded,656640
Qatar-1260821070315,2026-08-21 07:03:15,https://mo-www.cfa.harvard.edu/ImageDirectory/Qatar-1260821070315.FITS,Main,60.00,Clear,Qatar-1,Cecilia,AZ,moguest,False,session_01,observations\2026-08-21\Qatar-1\session_01\Qatar-1260821070315.fits,downloaded,656640
Qatar-1260821070616,2026-08-21 07:06:16,https://mo-www.cfa.harvard.edu/ImageDirectory/Qatar-1260821070616.FITS,Main,60.00,Clear,Qatar-1,Cecilia,AZ,moguest,False,session_01,observations\2026-08-21\Qatar-1\session_01\Qatar-1260821070616.fits,downloaded,656640
Qatar-1260821070915,2026-08-21 07:09:15,https://mo-www.cfa.harvard.edu/ImageDirectory/Qatar-1260821070915.FITS,Main,60.00,Clear,Qatar-1,Cecilia,AZ,moguest,False,session_01,observations\2026-08-21\Qatar-1\session_01\Qatar-1260821070915.fits,downloaded,656640
Qatar-1260821071216,2026-08-21 07:12:16,https://mo-www.cfa.harvard.edu/ImageDirectory/Qatar-1260821071216.FITS,Main,60.00,Clear,Qatar-1,Cecilia,AZ,moguest,False,session_01,observations\2026-08-21\Qatar-1\session_01\Qatar-1260821071216.fits,downloaded,656640
Qatar-1260821071515,2026-08-21 07:15:15,https://mo-www.cfa.harvard.edu/ImageDirectory/Qatar-1260821071515.FITS,Main,60.00,Clear,Qatar-1,Cecilia,AZ,moguest,False,session_01,observations\2026-08-21\Qatar-1\session_01\Qatar-1260821071515.fits,downloaded,656640
Qatar-1260821071817,2026-08-21 07:18:17,https://mo-www.cfa.harvard.edu/ImageDirectory/Qatar-1260821071817.FITS,Main,60.00,Clear,Qatar-1,Cecilia,AZ,moguest,False,session_01,observations\2026-08-21\Qatar-1\session_01\Qatar-1260821071817.fits,downloaded,656640
Qatar-1260821072115,2026-08-21 07:21:15,https://mo-www.cfa.harvard.edu/ImageDirectory/Qatar-1260821072115.FITS,Main,60.00,Clear,Qatar-1,Cecilia,AZ,moguest,False,session_01,observations\2026-08-21\Qatar-1\session_01\Qatar-1260821072115.fits,downloaded,656640
Qatar-1260821072415,2026-08-21 07:24:15,https://mo-www.cfa.harvard.edu/ImageDirectory/Qatar-1260821072415.FITS,Main,60.00,Clear,Qatar-1,Cecilia,AZ,moguest,False,session_01,observations\2026-08-21\Qatar-1\session_01\Qatar-1260821072415.fits,downloaded,656640
Qatar-1260821072717,2026-08-21 07:27:17,https://mo-www.cfa.harvard.edu/ImageDirectory/Qatar-1260821072717.FITS,Main,60.00,Clear,Qatar-1,Cecilia,AZ,moguest,False,session_01,observations\2026-08-21\Qatar-1\session_01\Qatar-1260821072717.fits,downloaded,656640
Qatar-1260821073015,2026-08-21 07:30:15,https://mo-www.cfa.harvard.edu/ImageDirectory/Qatar-1260821073015.FITS,Main,60.00,Clear,Qatar-1,Cecilia,AZ,moguest,False,session_01,observations\2026-08-21\Qatar-1\session_01\Qatar-1260821073015.fits,downloaded,656640
Qatar-1260821073316,2026-08-21 07:33:16,https://mo-www.cfa.harvard.edu/ImageDirectory/Qatar-1260821073316.FITS,Main,60.00,Clear,Qatar-1,Cecilia,AZ,moguest,False,session_01,observations\2026-08-21\Qatar-1\session_01\Qatar-1260821073316.fits,downloaded,656640
Qatar-1260821073615,2026-08-21 07:36:15,https://mo-www.cfa.harvard.edu/ImageDirectory/Qatar-1260821073615.FITS,Main,60.00,Clear,Qatar-1,Cecilia,AZ,moguest,False,session_01,observations\2026-08-21\Qatar-1\session_01\Qatar-1260821073615.fits,downloaded,656640
Qatar-1260821073916,2026-08-21 07:39:16,https://mo-www.cfa.harvard.edu/ImageDirectory/Qatar-1260821073916.FITS,Main,60.00,Clear,Qatar-1,Cecilia,AZ,moguest,False,session_01,observations\2026-08-21\Qatar-1\session_01\Qatar-1260821073916.fits,downloaded,656640
Qatar-1260821074217,2026-08-21 07:42:17,https://mo-www.cfa.harvard.edu/ImageDirectory/Qatar-1260821074217.FITS,Main,60.00,Clear,Qatar-1,Cecilia,AZ,moguest,False,session_01,observations\2026-08-21\Qatar-1\session_01\Qatar-1260821074217.fits,downloaded,656640
Qatar-1260821074515,2026-08-21 07:45:15,https://mo-www.cfa.harvard.edu/ImageDirectory/Qatar-1260821074515.FITS,Main,60.00,Clear,Qatar-1,Cecilia,AZ,moguest,False,session_01,observations\2026-08-21\Qatar-1\session_01\Qatar-1260821074515.fits,downloaded,656640
Qatar-1260821074815,2026-08-21 07:48:15,https://mo-www.cfa.harvard.edu/ImageDirectory/Qatar-1260821074815.FITS,Main,60.00,Clear,Qatar-1,Cecilia,AZ,moguest,False,session_01,observations\2026-08-21\Qatar-1\session_01\Qatar-1260821074815.fits,downloaded,656640
Qatar-1260821075115,2026-08-21 07:51:15,https://mo-www.cfa.harvard.edu/ImageDirectory/Qatar-1260821075115.FITS,Main,60.00,Clear,Qatar-1,Cecilia,AZ,moguest,False,session_01,observations\2026-08-21\Qatar-1\session_01\Qatar-1260821075115.fits,downloaded,656640
Qatar-1260821075415,2026-08-21 07:54:15,https://mo-www.cfa.harvard.edu/ImageDirectory/Qatar-1260821075415.FITS,Main,60.00,Clear,Qatar-1,Cecilia,AZ,moguest,False,session_01,observations\2026-08-21\Qatar-1\session_01\Qatar-1260821075415.fits,downloaded,656640
Qatar-1260821075715,2026-08-21 07:57:15,https://mo-www.cfa.harvard.edu/ImageDirectory/Qatar-1260821075715.FITS,Main,60.00,Clear,Qatar-1,Cecilia,AZ,moguest,False,session_01,observations\2026-08-21\Qatar-1\session_01\Qatar-1260821075715.fits,downloaded,656640
Qatar-1260821080016,2026-08-21 08:00:16,https://mo-www.cfa.harvard.edu/ImageDirectory/Qatar-1260821080016.FITS,Main,60.00,Clear,Qatar-1,Cecilia,AZ,moguest,False,session_01,observations\2026-08-21\Qatar-1\session_01\Qatar-1260821080016.fits,downloaded,656640
Qatar-1260821080316,2026-08-21 08:03:16,https://mo-www.cfa.harvard.edu/ImageDirectory/Qatar-1260821080316.FITS,Main,60.00,Clear,Qatar-1,Cecilia,AZ,moguest,False,session_01,observations\2026-08-21\Qatar-1\session_01\Qatar-1260821080316.fits,downloaded,656640
Qatar-1260821080615,2026-08-21 08:06:15,https://mo-www.cfa.harvard.edu/ImageDirectory/Qatar-1260821080615.FITS,Main,60.00,Clear,Qatar-1,Cecilia,AZ,moguest,False,session_01,observations\2026-08-21\Qatar-1\session_01\Qatar-1260821080615.fits,downloaded,656640
Qatar-1260821080916,2026-08-21 08:09:16,https://mo-www.cfa.harvard.edu/ImageDirectory/Qatar-1260821080916.FITS,Main,60.00,Clear,Qatar-1,Cecilia,AZ,moguest,False,session_01,observations\2026-08-21\Qatar-1\session_01\Qatar-1260821080916.fits,downloaded,656640
Qatar-1260821081215,2026-08-21 08:12:15,https://mo-www.cfa.harvard.edu/ImageDirectory/Qatar-1260821081215.FITS,Main,60.00,Clear,Qatar-1,Cecilia,AZ,moguest,False,session_01,observations\2026-08-21\Qatar-1\session_01\Qatar-1260821081215.fits,downloaded,656640
Qatar-1260821081515,2026-08-21 08:15:15,https://mo-www.cfa.harvard.edu/ImageDirectory/Qatar-1260821081515.FITS,Main,60.00,Clear,Qatar-1,Cecilia,AZ,moguest,False,session_01,observations\2026-08-21\Qatar-1\session_01\Qatar-1260821081515.fits,downloaded,656640
Qatar-1260828070036,2026-08-28 07:00:36,https://mo-www.cfa.harvard.edu/ImageDirectory/Qatar-1260828070036.FITS,Main,60.00,Clear,Qatar-1,Cecilia,AZ,moguest,False,session_01,observations\2026-08-28\Qatar-1\session_01\Qatar-1260828070036.fits,downloaded,656640
Qatar-1260828070315,2026-08-28 07:03:15,https://mo-www.cfa.harvard.edu/ImageDirectory/Qatar-1260828070315.FITS,Main,60.00,Clear,Qatar-1,Cecilia,AZ,moguest,False,session_01,observations\2026-08-28\Qatar-1\session_01\Qatar-1260828070315.fits,downloaded,656640
Qatar-1260828070615,2026-08-28 07:06:15,https://mo-www.cfa.harvard.edu/ImageDirectory/Qatar-1260828070615.FITS,Main,60.00,Clear,Qatar-1,Cecilia,AZ,moguest,False,session_01,observations\2026-08-28\Qatar-1\session_01\Qatar-1260828070615.fits,downloaded,656640
Qatar-1260828070915,2026-08-28 07:09:15,https://mo-www.cfa.harvard.edu/ImageDirectory/Qatar-1260828070915.FITS,Main,60.00,Clear,Qatar-1,Cecilia,AZ,moguest,False,session_01,observations\2026-08-28\Qatar-1\session_01\Qatar-1260828070915.fits,downloaded,656640
Qatar-1260828071215,2026-08-28 07:12:15,https://mo-www.cfa.harvard.edu/ImageDirectory/Qatar-1260828071215.FITS,Main,60.00,Clear,Qatar-1,Cecilia,AZ,moguest,False,session_01,observations\2026-08-28\Qatar-1\session_01\Qatar-1260828071215.fits,downloaded,656640
Qatar-1260828071516,2026-08-28 07:15:16,https://mo-www.cfa.harvard.edu/ImageDirectory/Qatar-1260828071516.FITS,Main,60.00,Clear,Qatar-1,Cecilia,AZ,moguest,False,session_01,observations\2026-08-28\Qatar-1\session_01\Qatar-1260828071516.fits,downloaded,656640
Qatar-1260828071815,2026-08-28 07:18:15,https://mo-www.cfa.harvard.edu/ImageDirectory/Qatar-1260828071815.FITS,Main,60.00,Clear,Qatar-1,Cecilia,AZ,moguest,False,session_01,observations\2026-08-28\Qatar-1\session_01\Qatar-1260828071815.fits,downloaded,656640
Qatar-1260828072115,2026-08-28 07:21:15,https://mo-www.cfa.harvard.edu/ImageDirectory/Qatar-1260828072115.FITS,Main,60.00,Clear,Qatar-1,Cecilia,AZ,moguest,False,session_01,observations\2026-08-28\Qatar-1\session_01\Qatar-1260828072115.fits,downloaded,656640
Qatar-1260828072415,2026-08-28 07:24:15,https://mo-www.cfa.harvard.edu/ImageDirectory/Qatar-1260828072415.FITS,Main,60.00,Clear,Qatar-1,Cecilia,AZ,moguest,False,session_01,observations\2026-08-28\Qatar-1\session_01\Qatar-1260828072415.fits,downloaded,656640
Qatar-1260828072716,2026-08-28 07:27:16,https://mo-www.cfa.harvard.edu/ImageDirectory/Qatar-1260828072716.FITS,Main,60.00,Clear,Qatar-1,Cecilia,AZ,moguest,False,session_01,observations\2026-08-28\Qatar-1\session_01\Qatar-1260828072716.fits,downloaded,656640
Qatar-1260828073016,2026-08-28 07:30:16,https://mo-www.cfa.harvard.edu/ImageDirectory/Qatar-1260828073016.FITS,Main,60.00,Clear,Qatar-1,Cecilia,AZ,moguest,False,session_01,observations\2026-08-28\Qatar-1\session_01\Qatar-1260828073016.fits,downloaded,656640
Qatar-1260828073315,2026-08-28 07:33:15,https://mo-www.cfa.harvard.edu/ImageDirectory/Qatar-1260828073315.FITS,Main,60.00,Clear,Qatar-1,Cecilia,AZ,moguest,False,session_01,observations\2026-08-28\Qatar-1\session_01\Qatar-1260828073315.fits,downloaded,656640
Qatar-1260828073616,2026-08-28 07:36:16,https://mo-www.cfa.harvard.edu/ImageDirectory/Qatar-1260828073616.FITS,Main,60.00,Clear,Qatar-1,Cecilia,AZ,moguest,False,session_01,observations\2026-08-28\Qatar-1\session_01\Qatar-1260828073616.fits,downloaded,656640
Qatar-1260828073915,2026-08-28 07:39:15,https://mo-www.cfa.harvard.edu/ImageDirectory/Qatar-1260828073915.FITS,Main,60.00,Clear,Qatar-1,Cecilia,AZ,moguest,False,session_01,observations\2026-08-28\Qatar-1\session_01\Qatar-1260828073915.fits,downloaded,656640
Qatar-1260828074216,2026-08-28 07:42:16,https://mo-www.cfa.harvard.edu/ImageDirectory/Qatar-1260828074216.FITS,Main,60.00,Clear,Qatar-1,Cecilia,AZ,moguest,False,session_01,observations\2026-08-28\Qatar-1\session_01\Qatar-1260828074216.fits,downloaded,656640
Qatar-1260828074515,2026-08-28 07:45:15,https://mo-www.cfa.harvard.edu/ImageDirectory/Qatar-1260828074515.FITS,Main,60.00,Clear,Qatar-1,Cecilia,AZ,moguest,False,session_01,observations\2026-08-28\Qatar-1\session_01\Qatar-1260828074515.fits,downloaded,656640
Qatar-1260828074815,2026-08-28 07:48:15,https://mo-www.cfa.harvard.edu/ImageDirectory/Qatar-1260828074815.FITS,Main,60.00,Clear,Qatar-1,Cecilia,AZ,moguest,False,session_01,observations\2026-08-28\Qatar-1\session_01\Qatar-1260828074815.fits,downloaded,656640
Qatar-1260828075116,2026-08-28 07:51:16,https://mo-www.cfa.harvard.edu/ImageDirectory/Qatar-1260828075116.FITS,Main,60.00,Clear,Qatar-1,Cecilia,AZ,moguest,False,session_01,observations\2026-08-28\Qatar-1\session_01\Qatar-1260828075116.fits,downloaded,656640
Qatar-1260828075416,2026-08-28 07:54:16,https://mo-www.cfa.harvard.edu/ImageDirectory/Qatar-1260828075416.FITS,Main,60.00,Clear,Qatar-1,Cecilia,AZ,moguest,False,session_01,observations\2026-08-28\Qatar-1\session_01\Qatar-1260828075416.fits,downloaded,656640
Qatar-1260828075715,2026-08-28 07:57:15,https://mo-www.cfa.harvard.edu/ImageDirectory/Qatar-1260828075715.FITS,Main,60.00,Clear,Qatar-1,Cecilia,AZ,moguest,False,session_01,observations\2026-08-28\Qatar-1\session_01\Qatar-1260828075715.fits,downloaded,656640
Qatar-1260828080016,2026-08-28 08:00:16,https://mo-www.cfa.harvard.edu/ImageDirectory/Qatar-1260828080016.FITS,Main,60.00,Clear,Qatar-1,Cecilia,AZ,moguest,False,session_01,observations\2026-08-28\Qatar-1\session_01\Qatar-1260828080016.fits,downloaded,656640
Qatar-1260828080315,2026-08-28 08:03:15,https://mo-www.cfa.harvard.edu/ImageDirectory/Qatar-1260828080315.FITS,Main,60.00,Clear,Qatar-1,Cecilia,AZ,moguest,False,session_01,observations\2026-08-28\Qatar-1\session_01\Qatar-1260828080315.fits,downloaded,656640
Qatar-1260828080615,2026-08-28 08:06:15,https://mo-www.cfa.harvard.edu/ImageDirectory/Qatar-1260828080615.FITS,Main,60.00,Clear,Qatar-1,Cecilia,AZ,moguest,False,session_01,observations\2026-08-28\Qatar-1\session_01\Qatar-1260828080615.fits,downloaded,656640
Qatar-1260828080915,2026-08-28 08:09:15,https://mo-www.cfa.harvard.edu/ImageDirectory/Qatar-1260828080915.FITS,Main,60.00,Clear,Qatar-1,Cecilia,AZ,moguest,False,session_01,observations\2026-08-28\Qatar-1\session_01\Qatar-1260828080915.fits,downloaded,656640
Qatar-1260828081215,2026-08-28 08:12:15,https://mo-www.cfa.harvard.edu/ImageDirectory/Qatar-1260828081215.FITS,Main,60.00,Clear,Qatar-1,Cecilia,AZ,moguest,False,session_01,observations\2026-08-28\Qatar-1\session_01\Qatar-1260828081215.fits,downloaded,656640
Qatar-1260828081515,2026-08-28 08:15:15,https://mo-www.cfa.harvard.edu/ImageDirectory/Qatar-1260828081515.FITS,Main,60.00,Clear,Qatar-1,Cecilia,AZ,moguest,False,session_01,observations\2026-08-28\Qatar-1\session_01\Qatar-1260828081515.fits,downloaded,656640
Qatar-1260828081815,2026-08-28 08:18:15,https://mo-www.cfa.harvard.edu/ImageDirectory/Qatar-1260828081815.FITS,Main,60.00,Clear,Qatar-1,Cecilia,AZ,moguest,False,session_01,observations\2026-08-28\Qatar-1\session_01\Qatar-1260828081815.fits,downloaded,656640
Qatar-1260828082115,2026-08-28 08:21:15,https://mo-www.cfa.harvard.edu/ImageDirectory/Qatar-1260828082115.FITS,Main,60.00,Clear,Qatar-1,Cecilia,AZ,moguest,False,session_01,observations\2026-08-28\Qatar-1\session_01\Qatar-1260828082115.fits,downloaded,656640
Qatar-1260828082415,2026-08-28 08:24:15,https://mo-www.cfa.harvard.edu/ImageDirectory/Qatar-1260828082415.FITS,Main,60.00,Clear,Qatar-1,Cecilia,AZ,moguest,False,session_01,observations\2026-08-28\Qatar-1\session_01\Qatar-1260828082415.fits,downloaded,656640
Qatar-1260828082716,2026-08-28 08:27:16,https://mo-www.cfa.harvard.edu/ImageDirectory/Qatar-1260828082716.FITS,Main,60.00,Clear,Qatar-1,Cecilia,AZ,moguest,False,session_01,observations\2026-08-28\Qatar-1\session_01\Qatar-1260828082716.fits,downloaded,656640
Qatar-1260828083015,2026-08-28 08:30:15,https://mo-www.cfa.harvard.edu/ImageDirectory/Qatar-1260828083015.FITS,Main,60.00,Clear,Qatar-1,Cecilia,AZ,moguest,False,session_01,observations\2026-08-28\Qatar-1\session_01\Qatar-1260828083015.fits,downloaded,656640
Qatar-1260828083315,2026-08-28 08:33:15,https://mo-www.cfa.harvard.edu/ImageDirectory/Qatar-1260828083315.FITS,Main,60.00,Clear,Qatar-1,Cecilia,AZ,moguest,False,session_01,observations\2026-08-28\Qatar-1\session_01\Qatar-1260828083315.fits,downloaded,656640
Qatar-1260828083615,2026-08-28 08:36:15,https://mo-www.cfa.harvard.edu/ImageDirectory/Qatar-1260828083615.FITS,Main,60.00,Clear,Qatar-1,Cecilia,AZ,moguest,False,session_01,observations\2026-08-28\Qatar-1\session_01\Qatar-1260828083615.fits,downloaded,656640
Qatar-1260828083915,2026-08-28 08:39:15,https://mo-www.cfa.harvard.edu/ImageDirectory/Qatar-1260828083915.FITS,Main,60.00,Clear,Qatar-1,Cecilia,AZ,moguest,False,session_01,observations\2026-08-28\Qatar-1\session_01\Qatar-1260828083915.fits,downloaded,656640
Qatar-1260828084215,2026-08-28 08:42:15,https://mo-www.cfa.harvard.edu/ImageDirectory/Qatar-1260828084215.FITS,Main,60.00,Clear,Qatar-1,Cecilia,AZ,moguest,False,session_01,observations\2026-08-28\Qatar-1\session_01\Qatar-1260828084215.fits,downloaded,656640
Qatar-1260828084515,2026-08-28 08:45:15,https://mo-www.cfa.harvard.edu/ImageDirectory/Qatar-1260828084515.FITS,Main,60.00,Clear,Qatar-1,Cecilia,AZ,moguest,False,session_01,observations\2026-08-28\Qatar-1\session_01\Qatar-1260828084515.fits,downloaded,656640
Qatar-1260828084815,2026-08-28 08:48:15,https://mo-www.cfa.harvard.edu/ImageDirectory/Qatar-1260828084815.FITS,Main,60.00,Clear,Qatar-1,Cecilia,AZ,moguest,False,session_01,observations\2026-08-28\Qatar-1\session_01\Qatar-1260828084815.fits,downloaded,656640
Qatar-1260828085115,2026-08-28 08:51:15,https://mo-www.cfa.harvard.edu/ImageDirectory/Qatar-1260828085115.FITS,Main,60.00,Clear,Qatar-1,Cecilia,AZ,moguest,False,session_01,observations\2026-08-28\Qatar-1\session_01\Qatar-1260828085115.fits,downloaded,656640
Qatar-1260828085415,2026-08-28 08:54:15,https://mo-www.cfa.harvard.edu/ImageDirectory/Qatar-1260828085415.FITS,Main,60.00,Clear,Qatar-1,Cecilia,AZ,moguest,False,session_01,observations\2026-08-28\Qatar-1\session_01\Qatar-1260828085415.fits,downloaded,656640
Qatar-1260828085716,2026-08-28 08:57:16,https://mo-www.cfa.harvard.edu/ImageDirectory/Qatar-1260828085716.FITS,Main,60.00,Clear,Qatar-1,Cecilia,AZ,moguest,False,session_01,observations\2026-08-28\Qatar-1\session_01\Qatar-1260828085716.fits,downloaded,656640
Qatar-1260828090015,2026-08-28 09:00:15,https://mo-www.cfa.harvard.edu/ImageDirectory/Qatar-1260828090015.FITS,Main,60.00,Clear,Qatar-1,Cecilia,AZ,moguest,False,session_01,observations\2026-08-28\Qatar-1\session_01\Qatar-1260828090015.fits,downloaded,656640
Qatar-1260828090316,2026-08-28 09:03:16,https://mo-www.cfa.harvard.edu/ImageDirectory/Qatar-1260828090316.FITS,Main,60.00,Clear,Qatar-1,Cecilia,AZ,moguest,False,session_01,observations\2026-08-28\Qatar-1\session_01\Qatar-1260828090316.fits,downloaded,656640
Qatar-1260828090616,2026-08-28 09:06:16,https://mo-www.cfa.harvard.edu/ImageDirectory/Qatar-1260828090616.FITS,Main,60.00,Clear,Qatar-1,Cecilia,AZ,moguest,False,session_01,observations\2026-08-28\Qatar-1\session_01\Qatar-1260828090616.fits,downloaded,656640
Qatar-1260828090915,2026-08-28 09:09:15,https://mo-www.cfa.harvard.edu/ImageDirectory/Qatar-1260828090915.FITS,Main,60.00,Clear,Qatar-1,Cecilia,AZ,moguest,False,session_01,observations\2026-08-28\Qatar-1\session_01\Qatar-1260828090915.fits,downloaded,656640
Qatar-1260828091215,2026-08-28 09:12:15,https://mo-www.cfa.harvard.edu/ImageDirectory/Qatar-1260828091215.FITS,Main,60.00,Clear,Qatar-1,Cecilia,AZ,moguest,False,session_01,observations\2026-08-28\Qatar-1\session_01\Qatar-1260828091215.fits,downloaded,656640
Qatar-1260828091515,2026-08-28 09:15:15,https://mo-www.cfa.harvard.edu/ImageDirectory/Qatar-1260828091515.FITS,Main,60.00,Clear,Qatar-1,Cecilia,AZ,moguest,False,session_01,observations\2026-08-28\Qatar-1\session_01\Qatar-1260828091515.fits,downloaded,656640
Qatar-1260828091815,2026-08-28 09:18:15,https://mo-www.cfa.harvard.edu/ImageDirectory/Qatar-1260828091815.FITS,Main,60.00,Clear,Qatar-1,Cecilia,AZ,moguest,False,session_01,observations\2026-08-28\Qatar-1\session_01\Qatar-1260828091815.fits,downloaded,656640
Qatar-1260828092115,2026-08-28 09:21:15,https://mo-www.cfa.harvard.edu/ImageDirectory/Qatar-1260828092115.FITS,Main,60.00,Clear,Qatar-1,Cecilia,AZ,moguest,False,session_01,observations\2026-08-28\Qatar-1\session_01\Qatar-1260828092115.fits,downloaded,656640
Qatar-1260828092416,2026-08-28 09:24:16,https://mo-www.cfa.harvard.edu/ImageDirectory/Qatar-1260828092416.FITS,Main,60.00,Clear,Qatar-1,Cecilia,AZ,moguest,False,session_01,observations\2026-08-28\Qatar-1\session_01\Qatar-1260828092416.fits,downloaded,656640
Qatar-1260828092716,2026-08-28 09:27:16,https://mo-www.cfa.harvard.edu/ImageDirectory/Qatar-1260828092716.FITS,Main,60.00,Clear,Qatar-1,Cecilia,AZ,moguest,False,session_01,observations\2026-08-28\Qatar-1\session_01\Qatar-1260828092716.fits,downloaded,656640
Qatar-1260828093016,2026-08-28 09:30:16,https://mo-www.cfa.harvard.edu/ImageDirectory/Qatar-1260828093016.FITS,Main,60.00,Clear,Qatar-1,Cecilia,AZ,moguest,False,session_01,observations\2026-08-28\Qatar-1\session_01\Qatar-1260828093016.fits,downloaded,656640
Qatar-1260828093315,2026-08-28 09:33:15,https://mo-www.cfa.harvard.edu/ImageDirectory/Qatar-1260828093315.FITS,Main,60.00,Clear,Qatar-1,Cecilia,AZ,moguest,False,session_01,observations\2026-08-28\Qatar-1\session_01\Qatar-1260828093315.fits,downloaded,656640
Qatar-1260828093615,2026-08-28 09:36:15,https://mo-www.cfa.harvard.edu/ImageDirectory/Qatar-1260828093615.FITS,Main,60.00,Clear,Qatar-1,Cecilia,AZ,moguest,False,session_01,observations\2026-08-28\Qatar-1\session_01\Qatar-1260828093615.fits,downloaded,656640
Qatar-1260828093915,2026-08-28 09:39:15,https://mo-www.cfa.harvard.edu/ImageDirectory/Qatar-1260828093915.FITS,Main,60.00,Clear,Qatar-1,Cecilia,AZ,moguest,False,session_01,observations\2026-08-28\Qatar-1\session_01\Qatar-1260828093915.fits,downloaded,656640
Qatar-1260828094215,2026-08-28 09:42:15,https://mo-www.cfa.harvard.edu/ImageDirectory/Qatar-1260828094215.FITS,Main,60.00,Clear,Qatar-1,Cecilia,AZ,moguest,False,session_01,observations\2026-08-28\Qatar-1\session_01\Qatar-1260828094215.fits,downloaded,656640
Qatar-1260828094516,2026-08-28 09:45:16,https://mo-www.cfa.harvard.edu/ImageDirectory/Qatar-1260828094516.FITS,Main,60.00,Clear,Qatar-1,Cecilia,AZ,moguest,False,session_01,observations\2026-08-28\Qatar-1\session_01\Qatar-1260828094516.fits,downloaded,656640
Qatar-1260828094815,2026-08-28 09:48:15,https://mo-www.cfa.harvard.edu/ImageDirectory/Qatar-1260828094815.FITS,Main,60.00,Clear,Qatar-1,Cecilia,AZ,moguest,False,session_01,observations\2026-08-28\Qatar-1\session_01\Qatar-1260828094815.fits,downloaded,656640
Qatar-1260828095115,2026-08-28 09:51:15,https://mo-www.cfa.harvard.edu/ImageDirectory/Qatar-1260828095115.FITS,Main,60.00,Clear,Qatar-1,Cecilia,AZ,moguest,False,session_01,observations\2026-08-28\Qatar-1\session_01\Qatar-1260828095115.fits,downloaded,656640
Qatar-1260828095715,2026-08-28 09:57:15,https://mo-www.cfa.harvard.edu/ImageDirectory/Qatar-1260828095715.FITS,Main,60.00,Clear,Qatar-1,Cecilia,AZ,moguest,False,session_01,observations\2026-08-28\Qatar-1\session_01\Qatar-1260828095715.fits,downloaded,656640
Qatar-1260828100016,2026-08-28 10:00:16,https://mo-www.cfa.harvard.edu/ImageDirectory/Qatar-1260828100016.FITS,Main,60.00,Clear,Qatar-1,Cecilia,AZ,moguest,False,session_01,observations\2026-08-28\Qatar-1\session_01\Qatar-1260828100016.fits,downloaded,656640
Qatar-1260828100315,2026-08-28 10:03:15,https://mo-www.cfa.harvard.edu/ImageDirectory/Qatar-1260828100315.FITS,Main,60.00,Clear,Qatar-1,Cecilia,AZ,moguest,False,session_01,observations\2026-08-28\Qatar-1\session_01\Qatar-1260828100315.fits,downloaded,656640
Qatar-1260828100616,2026-08-28 10:06:16,https://mo-www.cfa.harvard.edu/ImageDirectory/Qatar-1260828100616.FITS,Main,60.00,Clear,Qatar-1,Cecilia,AZ,moguest,False,session_01,observations\2026-08-28\Qatar-1\session_01\Qatar-1260828100616.fits,downloaded,656640
Qatar-1260828100915,2026-08-28 10:09:15,https://mo-www.cfa.harvard.edu/ImageDirectory/Qatar-1260828100915.FITS,Main,60.00,Clear,Qatar-1,Cecilia,AZ,moguest,False,session_01,observations\2026-08-28\Qatar-1\session_01\Qatar-1260828100915.fits,downloaded,656640
Qatar-1260828101215,2026-08-28 10:12:15,https://mo-www.cfa.harvard.edu/ImageDirectory/Qatar-1260828101215.FITS,Main,60.00,Clear,Qatar-1,Cecilia,AZ,moguest,False,session_01,observations\2026-08-28\Qatar-1\session_01\Qatar-1260828101215.fits,downloaded,656640
Qatar-1260828101516,2026-08-28 10:15:16,https://mo-www.cfa.harvard.edu/ImageDirectory/Qatar-1260828101516.FITS,Main,60.00,Clear,Qatar-1,Cecilia,AZ,moguest,False,session_01,observations\2026-08-28\Qatar-1\session_01\Qatar-1260828101516.fits,downloaded,656640
Qatar-1260828101815,2026-08-28 10:18:15,https://mo-www.cfa.harvard.edu/ImageDirectory/Qatar-1260828101815.FITS,Main,60.00,Clear,Qatar-1,Cecilia,AZ,moguest,False,session_01,observations\2026-08-28\Qatar-1\session_01\Qatar-1260828101815.fits,downloaded,656640
Qatar-1260828102115,2026-08-28 10:21:15,https://mo-www.cfa.harvard.edu/ImageDirectory/Qatar-1260828102115.FITS,Main,60.00,Clear,Qatar-1,Cecilia,AZ,moguest,False,session_01,observations\2026-08-28\Qatar-1\session_01\Qatar-1260828102115.fits,downloaded,656640
Qatar-1260828102415,2026-08-28 10:24:15,https://mo-www.cfa.harvard.edu/ImageDirectory/Qatar-1260828102415.FITS,Main,60.00,Clear,Qatar-1,Cecilia,AZ,moguest,False,session_01,observations\2026-08-28\Qatar-1\session_01\Qatar-1260828102415.fits,downloaded,656640
Qatar-1260828102715,2026-08-28 10:27:15,https://mo-www.cfa.harvard.edu/ImageDirectory/Qatar-1260828102715.FITS,Main,60.00,Clear,Qatar-1,Cecilia,AZ,moguest,False,session_01,observations\2026-08-28\Qatar-1\session_01\Qatar-1260828102715.fits,downloaded,656640
Qatar-1260828103015,2026-08-28 10:30:15,https://mo-www.cfa.harvard.edu/ImageDirectory/Qatar-1260828103015.FITS,Main,60.00,Clear,Qatar-1,Cecilia,AZ,moguest,False,session_01,observations\2026-08-28\Qatar-1\session_01\Qatar-1260828103015.fits,downloaded,656640
Qatar-1260828103315,2026-08-28 10:33:15,https://mo-www.cfa.harvard.edu/ImageDirectory/Qatar-1260828103315.FITS,Main,60.00,Clear,Qatar-1,Cecilia,AZ,moguest,False,session_01,observations\2026-08-28\Qatar-1\session_01\Qatar-1260828103315.fits,downloaded,656640
Qatar-1260828103616,2026-08-28 10:36:16,https://mo-www.cfa.harvard.edu/ImageDirectory/Qatar-1260828103616.FITS,Main,60.00,Clear,Qatar-1,Cecilia,AZ,moguest,False,session_01,observations\2026-08-28\Qatar-1\session_01\Qatar-1260828103616.fits,downloaded,656640
Qatar-1260828103915,2026-08-28 10:39:15,https://mo-www.cfa.harvard.edu/ImageDirectory/Qatar-1260828103915.FITS,Main,60.00,Clear,Qatar-1,Cecilia,AZ,moguest,False,session_01,observations\2026-08-28\Qatar-1\session_01\Qatar-1260828103915.fits,downloaded,656640
TRES-1260806073422,2026-08-06 07:34:22,https://mo-www.cfa.harvard.edu/ImageDirectory/TRES-1260806073422.FITS,Main,60.00,Clear,TRES-1,Cecilia,AZ,moguest,False,session_01,observations\2026-08-06\TRES-1\session_01\TRES-1260806073422.fits,downloaded,656640
TRES-1260806073617,2026-08-06 07:36:17,https://mo-www.cfa.harvard.edu/ImageDirectory/TRES-1260806073617.FITS,Main,60.00,Clear,TRES-1,Cecilia,AZ,moguest,False,session_01,observations\2026-08-06\TRES-1\session_01\TRES-1260806073617.fits,downloaded,656640
TRES-1260806073917,2026-08-06 07:39:17,https://mo-www.cfa.harvard.edu/ImageDirectory/TRES-1260806073917.FITS,Main,60.00,Clear,TRES-1,Cecilia,AZ,moguest,False,session_01,observations\2026-08-06\TRES-1\session_01\TRES-1260806073917.fits,downloaded,656640
TRES-1260806074222,2026-08-06 07:42:22,https://mo-www.cfa.harvard.edu/ImageDirectory/TRES-1260806074222.FITS,Main,60.00,Clear,TRES-1,Cecilia,AZ,moguest,False,session_01,observations\2026-08-06\TRES-1\session_01\TRES-1260806074222.fits,downloaded,656640
TRES-1260806074515,2026-08-06 07:45:15,https://mo-www.cfa.harvard.edu/ImageDirectory/TRES-1260806074515.FITS,Main,60.00,Clear,TRES-1,Cecilia,AZ,moguest,False,session_01,observations\2026-08-06\TRES-1\session_01\TRES-1260806074515.fits,downloaded,656640
TRES-1260806074834,2026-08-06 07:48:34,https://mo-www.cfa.harvard.edu/ImageDirectory/TRES-1260806074834.FITS,Main,60.00,Clear,TRES-1,Cecilia,AZ,moguest,False,session_01,observations\2026-08-06\TRES-1\session_01\TRES-1260806074834.fits,downloaded,656640
TRES-1260806075116,2026-08-06 07:51:16,https://mo-www.cfa.harvard.edu/ImageDirectory/TRES-1260806075116.FITS,Main,60.00,Clear,TRES-1,Cecilia,AZ,moguest,False,session_01,observations\2026-08-06\TRES-1\session_01\TRES-1260806075116.fits,downloaded,656640
TRES-1260806075417,2026-08-06 07:54:17,https://mo-www.cfa.harvard.edu/ImageDirectory/TRES-1260806075417.FITS,Main,60.00,Clear,TRES-1,Cecilia,AZ,moguest,False,session_01,observations\2026-08-06\TRES-1\session_01\TRES-1260806075417.fits,downloaded,656640
TRES-1260806075727,2026-08-06 07:57:27,https://mo-www.cfa.harvard.edu/ImageDirectory/TRES-1260806075727.FITS,Main,60.00,Clear,TRES-1,Cecilia,AZ,moguest,False,session_01,observations\2026-08-06\TRES-1\session_01\TRES-1260806075727.fits,downloaded,656640
TRES-1260806080016,2026-08-06 08:00:16,https://mo-www.cfa.harvard.edu/ImageDirectory/TRES-1260806080016.FITS,Main,60.00,Clear,TRES-1,Cecilia,AZ,moguest,False,session_01,observations\2026-08-06\TRES-1\session_01\TRES-1260806080016.fits,downloaded,656640
TRES-1260806080337,2026-08-06 08:03:37,https://mo-www.cfa.harvard.edu/ImageDirectory/TRES-1260806080337.FITS,Main,60.00,Clear,TRES-1,Cecilia,AZ,moguest,False,session_01,observations\2026-08-06\TRES-1\session_01\TRES-1260806080337.fits,downloaded,656640
TRES-1260806080615,2026-08-06 08:06:15,https://mo-www.cfa.harvard.edu/ImageDirectory/TRES-1260806080615.FITS,Main,60.00,Clear,TRES-1,Cecilia,AZ,moguest,False,session_01,observations\2026-08-06\TRES-1\session_01\TRES-1260806080615.fits,downloaded,656640
TRES-1260806080916,2026-08-06 08:09:16,https://mo-www.cfa.harvard.edu/ImageDirectory/TRES-1260806080916.FITS,Main,60.00,Clear,TRES-1,Cecilia,AZ,moguest,False,session_01,observations\2026-08-06\TRES-1\session_01\TRES-1260806080916.fits,downloaded,656640
TRES-1260806081236,2026-08-06 08:12:36,https://mo-www.cfa.harvard.edu/ImageDirectory/TRES-1260806081236.FITS,Main,60.00,Clear,TRES-1,Cecilia,AZ,moguest,False,session_01,observations\2026-08-06\TRES-1\session_01\TRES-1260806081236.fits,downloaded,656640
TRES-1260806081516,2026-08-06 08:15:16,https://mo-www.cfa.harvard.edu/ImageDirectory/TRES-1260806081516.FITS,Main,60.00,Clear,TRES-1,Cecilia,AZ,moguest,False,session_01,observations\2026-08-06\TRES-1\session_01\TRES-1260806081516.fits,downloaded,656640
TRES-1260806081815,2026-08-06 08:18:15,https://mo-www.cfa.harvard.edu/ImageDirectory/TRES-1260806081815.FITS,Main,60.00,Clear,TRES-1,Cecilia,AZ,moguest,False,session_01,observations\2026-08-06\TRES-1\session_01\TRES-1260806081815.fits,downloaded,656640
TRES-1260806082127,2026-08-06 08:21:27,https://mo-www.cfa.harvard.edu/ImageDirectory/TRES-1260806082127.FITS,Main,60.00,Clear,TRES-1,Cecilia,AZ,moguest,False,session_01,observations\2026-08-06\TRES-1\session_01\TRES-1260806082127.fits,downloaded,656640
TRES-1260806082415,2026-08-06 08:24:15,https://mo-www.cfa.harvard.edu/ImageDirectory/TRES-1260806082415.FITS,Main,60.00,Clear,TRES-1,Cecilia,AZ,moguest,False,session_01,observations\2026-08-06\TRES-1\session_01\TRES-1260806082415.fits,downloaded,656640
TRES-1260806082715,2026-08-06 08:27:15,https://mo-www.cfa.harvard.edu/ImageDirectory/TRES-1260806082715.FITS,Main,60.00,Clear,TRES-1,Cecilia,AZ,moguest,False,session_01,observations\2026-08-06\TRES-1\session_01\TRES-1260806082715.fits,downloaded,656640
TRES-1260806083024,2026-08-06 08:30:24,https://mo-www.cfa.harvard.edu/ImageDirectory/TRES-1260806083024.FITS,Main,60.00,Clear,TRES-1,Cecilia,AZ,moguest,False,session_01,observations\2026-08-06\TRES-1\session_01\TRES-1260806083024.fits,downloaded,656640
TRES-1260806083316,2026-08-06 08:33:16,https://mo-www.cfa.harvard.edu/ImageDirectory/TRES-1260806083316.FITS,Main,60.00,Clear,TRES-1,Cecilia,AZ,moguest,False,session_01,observations\2026-08-06\TRES-1\session_01\TRES-1260806083316.fits,downloaded,656640
TRES-1260806083633,2026-08-06 08:36:33,https://mo-www.cfa.harvard.edu/ImageDirectory/TRES-1260806083633.FITS,Main,60.00,Clear,TRES-1,Cecilia,AZ,moguest,False,session_01,observations\2026-08-06\TRES-1\session_01\TRES-1260806083633.fits,downloaded,656640
TRES-1260806083915,2026-08-06 08:39:15,https://mo-www.cfa.harvard.edu/ImageDirectory/TRES-1260806083915.FITS,Main,60.00,Clear,TRES-1,Cecilia,AZ,moguest,False,session_01,observations\2026-08-06\TRES-1\session_01\TRES-1260806083915.fits,downloaded,656640
TRES-1260806084216,2026-08-06 08:42:16,https://mo-www.cfa.harvard.edu/ImageDirectory/TRES-1260806084216.FITS,Main,60.00,Clear,TRES-1,Cecilia,AZ,moguest,False,session_01,observations\2026-08-06\TRES-1\session_01\TRES-1260806084216.fits,downloaded,656640
TRES-1260806084527,2026-08-06 08:45:27,https://mo-www.cfa.harvard.edu/ImageDirectory/TRES-1260806084527.FITS,Main,60.00,Clear,TRES-1,Cecilia,AZ,moguest,False,session_01,observations\2026-08-06\TRES-1\session_01\TRES-1260806084527.fits,downloaded,656640
TRES-1260806084815,2026-08-06 08:48:15,https://mo-www.cfa.harvard.edu/ImageDirectory/TRES-1260806084815.FITS,Main,60.00,Clear,TRES-1,Cecilia,AZ,moguest,False,session_01,observations\2026-08-06\TRES-1\session_01\TRES-1260806084815.fits,downloaded,656640
TRES-1260806085115,2026-08-06 08:51:15,https://mo-www.cfa.harvard.edu/ImageDirectory/TRES-1260806085115.FITS,Main,60.00,Clear,TRES-1,Cecilia,AZ,moguest,False,session_01,observations\2026-08-06\TRES-1\session_01\TRES-1260806085115.fits,downloaded,656640
TRES-1260806085422,2026-08-06 08:54:23,https://mo-www.cfa.harvard.edu/ImageDirectory/TRES-1260806085422.FITS,Main,60.00,Clear,TRES-1,Cecilia,AZ,moguest,False,session_01,observations\2026-08-06\TRES-1\session_01\TRES-1260806085422.fits,downloaded,656640
TRES-1260806085715,2026-08-06 08:57:15,https://mo-www.cfa.harvard.edu/ImageDirectory/TRES-1260806085715.FITS,Main,60.00,Clear,TRES-1,Cecilia,AZ,moguest,False,session_01,observations\2026-08-06\TRES-1\session_01\TRES-1260806085715.fits,downloaded,656640
TRES-1260806090033,2026-08-06 09:00:33,https://mo-www.cfa.harvard.edu/ImageDirectory/TRES-1260806090033.FITS,Main,60.00,Clear,TRES-1,Cecilia,AZ,moguest,False,session_01,observations\2026-08-06\TRES-1\session_01\TRES-1260806090033.fits,downloaded,656640
TRES-1260806090316,2026-08-06 09:03:16,https://mo-www.cfa.harvard.edu/ImageDirectory/TRES-1260806090316.FITS,Main,60.00,Clear,TRES-1,Cecilia,AZ,moguest,False,session_01,observations\2026-08-06\TRES-1\session_01\TRES-1260806090316.fits,downloaded,656640
TRES-1260806090615,2026-08-06 09:06:15,https://mo-www.cfa.harvard.edu/ImageDirectory/TRES-1260806090615.FITS,Main,60.00,Clear,TRES-1,Cecilia,AZ,moguest,False,session_01,observations\2026-08-06\TRES-1\session_01\TRES-1260806090615.fits,downloaded,656640
TRES-1260806090928,2026-08-06 09:09:28,https://mo-www.cfa.harvard.edu/ImageDirectory/TRES-1260806090928.FITS,Main,60.00,Clear,TRES-1,Cecilia,AZ,moguest,False,session_01,observations\2026-08-06\TRES-1\session_01\TRES-1260806090928.fits,downloaded,656640
TRES-1260806091215,2026-08-06 09:12:15,https://mo-www.cfa.harvard.edu/ImageDirectory/TRES-1260806091215.FITS,Main,60.00,Clear,TRES-1,Cecilia,AZ,moguest,False,session_01,observations\2026-08-06\TRES-1\session_01\TRES-1260806091215.fits,downloaded,656640
TRES-1260806091516,2026-08-06 09:15:16,https://mo-www.cfa.harvard.edu/ImageDirectory/TRES-1260806091516.FITS,Main,60.00,Clear,TRES-1,Cecilia,AZ,moguest,False,session_01,observations\2026-08-06\TRES-1\session_01\TRES-1260806091516.fits,downloaded,656640
TRES-1260806091823,2026-08-06 09:18:23,https://mo-www.cfa.harvard.edu/ImageDirectory/TRES-1260806091823.FITS,Main,60.00,Clear,TRES-1,Cecilia,AZ,moguest,False,session_01,observations\2026-08-06\TRES-1\session_01\TRES-1260806091823.fits,downloaded,656640
TRES-1260806092116,2026-08-06 09:21:16,https://mo-www.cfa.harvard.edu/ImageDirectory/TRES-1260806092116.FITS,Main,60.00,Clear,TRES-1,Cecilia,AZ,moguest,False,session_01,observations\2026-08-06\TRES-1\session_01\TRES-1260806092116.fits,downloaded,656640
TRES-1260806092434,2026-08-06 09:24:34,https://mo-www.cfa.harvard.edu/ImageDirectory/TRES-1260806092434.FITS,Main,60.00,Clear,TRES-1,Cecilia,AZ,moguest,False,session_01,observations\2026-08-06\TRES-1\session_01\TRES-1260806092434.fits,downloaded,656640
TRES-1260806092716,2026-08-06 09:27:16,https://mo-www.cfa.harvard.edu/ImageDirectory/TRES-1260806092716.FITS,Main,60.00,Clear,TRES-1,Cecilia,AZ,moguest,False,session_01,observations\2026-08-06\TRES-1\session_01\TRES-1260806092716.fits,downloaded,656640
TRES-1260806093016,2026-08-06 09:30:16,https://mo-www.cfa.harvard.edu/ImageDirectory/TRES-1260806093016.FITS,Main,60.00,Clear,TRES-1,Cecilia,AZ,moguest,False,session_01,observations\2026-08-06\TRES-1\session_01\TRES-1260806093016.fits,downloaded,656640
TRES-1260806093333,2026-08-06 09:33:33,https://mo-www.cfa.harvard.edu/ImageDirectory/TRES-1260806093333.FITS,Main,60.00,Clear,TRES-1,Cecilia,AZ,moguest,False,session_01,observations\2026-08-06\TRES-1\session_01\TRES-1260806093333.fits,downloaded,656640
TRES-1260806093615,2026-08-06 09:36:15,https://mo-www.cfa.harvard.edu/ImageDirectory/TRES-1260806093615.FITS,Main,60.00,Clear,TRES-1,Cecilia,AZ,moguest,False,session_01,observations\2026-08-06\TRES-1\session_01\TRES-1260806093615.fits,downloaded,656640
TRES-1260806093915,2026-08-06 09:39:15,https://mo-www.cfa.harvard.edu/ImageDirectory/TRES-1260806093915.FITS,Main,60.00,Clear,TRES-1,Cecilia,AZ,moguest,False,session_01,observations\2026-08-06\TRES-1\session_01\TRES-1260806093915.fits,downloaded,656640
TRES-1260806094228,2026-08-06 09:42:28,https://mo-www.cfa.harvard.edu/ImageDirectory/TRES-1260806094228.FITS,Main,60.00,Clear,TRES-1,Cecilia,AZ,moguest,False,session_01,observations\2026-08-06\TRES-1\session_01\TRES-1260806094228.fits,downloaded,656640
TRES-1260806094515,2026-08-06 09:45:15,https://mo-www.cfa.harvard.edu/ImageDirectory/TRES-1260806094515.FITS,Main,60.00,Clear,TRES-1,Cecilia,AZ,moguest,False,session_01,observations\2026-08-06\TRES-1\session_01\TRES-1260806094515.fits,downloaded,656640
TRES-1260806094815,2026-08-06 09:48:15,https://mo-www.cfa.harvard.edu/ImageDirectory/TRES-1260806094815.FITS,Main,60.00,Clear,TRES-1,Cecilia,AZ,moguest,False,session_01,observations\2026-08-06\TRES-1\session_01\TRES-1260806094815.fits,downloaded,656640
TRES-1260806095128,2026-08-06 09:51:28,https://mo-www.cfa.harvard.edu/ImageDirectory/TRES-1260806095128.FITS,Main,60.00,Clear,TRES-1,Cecilia,AZ,moguest,False,session_01,observations\2026-08-06\TRES-1\session_01\TRES-1260806095128.fits,downloaded,656640
TRES-1260806095415,2026-08-06 09:54:15,https://mo-www.cfa.harvard.edu/ImageDirectory/TRES-1260806095415.FITS,Main,60.00,Clear,TRES-1,Cecilia,AZ,moguest,False,session_01,observations\2026-08-06\TRES-1\session_01\TRES-1260806095415.fits,downloaded,656640
TRES-1260806095736,2026-08-06 09:57:36,https://mo-www.cfa.harvard.edu/ImageDirectory/TRES-1260806095736.FITS,Main,60.00,Clear,TRES-1,Cecilia,AZ,moguest,False,session_01,observations\2026-08-06\TRES-1\session_01\TRES-1260806095736.fits,downloaded,656640
TRES-1260806100015,2026-08-06 10:00:15,https://mo-www.cfa.harvard.edu/ImageDirectory/TRES-1260806100015.FITS,Main,60.00,Clear,TRES-1,Cecilia,AZ,moguest,False,session_01,observations\2026-08-06\TRES-1\session_01\TRES-1260806100015.fits,downloaded,656640
TRES-1260806100315,2026-08-06 10:03:15,https://mo-www.cfa.harvard.edu/ImageDirectory/TRES-1260806100315.FITS,Main,60.00,Clear,TRES-1,Cecilia,AZ,moguest,False,session_01,observations\2026-08-06\TRES-1\session_01\TRES-1260806100315.fits,downloaded,656640
TRES-1260806100634,2026-08-06 10:06:34,https://mo-www.cfa.harvard.edu/ImageDirectory/TRES-1260806100634.FITS,Main,60.00,Clear,TRES-1,Cecilia,AZ,moguest,False,session_01,observations\2026-08-06\TRES-1\session_01\TRES-1260806100634.fits,downloaded,656640
TRES-1260806100915,2026-08-06 10:09:15,https://mo-www.cfa.harvard.edu/ImageDirectory/TRES-1260806100915.FITS,Main,60.00,Clear,TRES-1,Cecilia,AZ,moguest,False,session_01,observations\2026-08-06\TRES-1\session_01\TRES-1260806100915.fits,downloaded,656640
TRES-1260806101215,2026-08-06 10:12:15,https://mo-www.cfa.harvard.edu/ImageDirectory/TRES-1260806101215.FITS,Main,60.00,Clear,TRES-1,Cecilia,AZ,moguest,False,session_01,observations\2026-08-06\TRES-1\session_01\TRES-1260806101215.fits,downloaded,656640
TRES-1260806101528,2026-08-06 10:15:28,https://mo-www.cfa.harvard.edu/ImageDirectory/TRES-1260806101528.FITS,Main,60.00,Clear,TRES-1,Cecilia,AZ,moguest,False,session_01,observations\2026-08-06\TRES-1\session_01\TRES-1260806101528.fits,downloaded,656640
TRES-1260806101815,2026-08-06 10:18:15,https://mo-www.cfa.harvard.edu/ImageDirectory/TRES-1260806101815.FITS,Main,60.00,Clear,TRES-1,Cecilia,AZ,moguest,False,session_01,observations\2026-08-06\TRES-1\session_01\TRES-1260806101815.fits,downloaded,656640
TRES-1260806102115,2026-08-06 10:21:15,https://mo-www.cfa.harvard.edu/ImageDirectory/TRES-1260806102115.FITS,Main,60.00,Clear,TRES-1,Cecilia,AZ,moguest,False,session_01,observations\2026-08-06\TRES-1\session_01\TRES-1260806102115.fits,downloaded,656640
TRES-1260806102425,2026-08-06 10:24:25,https://mo-www.cfa.harvard.edu/ImageDirectory/TRES-1260806102425.FITS,Main,60.00,Clear,TRES-1,Cecilia,AZ,moguest,False,session_01,observations\2026-08-06\TRES-1\session_01\TRES-1260806102425.fits,downloaded,656640
TRES-1260806102715,2026-08-06 10:27:15,https://mo-www.cfa.harvard.edu/ImageDirectory/TRES-1260806102715.FITS,Main,60.00,Clear,TRES-1,Cecilia,AZ,moguest,False,session_01,observations\2026-08-06\TRES-1\session_01\TRES-1260806102715.fits,downloaded,656640
TRES-1260806103315,2026-08-06 10:33:15,https://mo-www.cfa.harvard.edu/ImageDirectory/TRES-1260806103315.FITS,Main,60.00,Clear,TRES-1,Cecilia,AZ,moguest,False,session_01,observations\2026-08-06\TRES-1\session_01\TRES-1260806103315.fits,downloaded,656640
TRES-1260806103616,2026-08-06 10:36:16,https://mo-www.cfa.harvard.edu/ImageDirectory/TRES-1260806103616.FITS,Main,60.00,Clear,TRES-1,Cecilia,AZ,moguest,False,session_01,observations\2026-08-06\TRES-1\session_01\TRES-1260806103616.fits,downloaded,656640
TRES-1260806103933,2026-08-06 10:39:33,https://mo-www.cfa.harvard.edu/ImageDirectory/TRES-1260806103933.FITS,Main,60.00,Clear,TRES-1,Cecilia,AZ,moguest,False,session_01,observations\2026-08-06\TRES-1\session_01\TRES-1260806103933.fits,downloaded,656640
TRES-1260806104216,2026-08-06 10:42:16,https://mo-www.cfa.harvard.edu/ImageDirectory/TRES-1260806104216.FITS,Main,60.00,Clear,TRES-1,Cecilia,AZ,moguest,False,session_01,observations\2026-08-06\TRES-1\session_01\TRES-1260806104216.fits,downloaded,656640
TRES-1260806104516,2026-08-06 10:45:16,https://mo-www.cfa.harvard.edu/ImageDirectory/TRES-1260806104516.FITS,Main,60.00,Clear,TRES-1,Cecilia,AZ,moguest,False,session_01,observations\2026-08-06\TRES-1\session_01\TRES-1260806104516.fits,downloaded,656640
TRES-1260806104830,2026-08-06 10:48:30,https://mo-www.cfa.harvard.edu/ImageDirectory/TRES-1260806104830.FITS,Main,60.00,Clear,TRES-1,Cecilia,AZ,moguest,False,session_01,observations\2026-08-06\TRES-1\session_01\TRES-1260806104830.fits,downloaded,656640
TRES-1260806105116,2026-08-06 10:51:16,https://mo-www.cfa.harvard.edu/ImageDirectory/TRES-1260806105116.FITS,Main,60.00,Clear,TRES-1,Cecilia,AZ,moguest,False,session_01,observations\2026-08-06\TRES-1\session_01\TRES-1260806105116.fits,downloaded,656640
TRES-1260806105416,2026-08-06 10:54:16,https://mo-www.cfa.harvard.edu/ImageDirectory/TRES-1260806105416.FITS,Main,60.00,Clear,TRES-1,Cecilia,AZ,moguest,False,session_01,observations\2026-08-06\TRES-1\session_01\TRES-1260806105416.fits,downloaded,656640
TRES-1260806105727,2026-08-06 10:57:27,https://mo-www.cfa.harvard.edu/ImageDirectory/TRES-1260806105727.FITS,Main,60.00,Clear,TRES-1,Cecilia,AZ,moguest,False,session_01,observations\2026-08-06\TRES-1\session_01\TRES-1260806105727.fits,downloaded,656640
TRES-1260806110016,2026-08-06 11:00:16,https://mo-www.cfa.harvard.edu/ImageDirectory/TRES-1260806110016.FITS,Main,60.00,Clear,TRES-1,Cecilia,AZ,moguest,False,session_01,observations\2026-08-06\TRES-1\session_01\TRES-1260806110016.fits,downloaded,656640
TRES-1260806110315,2026-08-06 11:03:15,https://mo-www.cfa.harvard.edu/ImageDirectory/TRES-1260806110315.FITS,Main,60.00,Clear,TRES-1,Cecilia,AZ,moguest,False,session_01,observations\2026-08-06\TRES-1\session_01\TRES-1260806110315.fits,downloaded,656640
TRES-1260806110626,2026-08-06 11:06:26,https://mo-www.cfa.harvard.edu/ImageDirectory/TRES-1260806110626.FITS,Main,60.00,Clear,TRES-1,Cecilia,AZ,moguest,False,session_01,observations\2026-08-06\TRES-1\session_01\TRES-1260806110626.fits,downloaded,656640
TRES-1260806110916,2026-08-06 11:09:16,https://mo-www.cfa.harvard.edu/ImageDirectory/TRES-1260806110916.FITS,Main,60.00,Clear,TRES-1,Cecilia,AZ,moguest,False,session_01,observations\2026-08-06\TRES-1\session_01\TRES-1260806110916.fits,downloaded,656640
TRES-1260806111236,2026-08-06 11:12:36,https://mo-www.cfa.harvard.edu/ImageDirectory/TRES-1260806111236.FITS,Main,60.00,Clear,TRES-1,Cecilia,AZ,moguest,False,session_01,observations\2026-08-06\TRES-1\session_01\TRES-1260806111236.fits,downloaded,656640
TRES-1260806111515,2026-08-06 11:15:15,https://mo-www.cfa.harvard.edu/ImageDirectory/TRES-1260806111515.FITS,Main,60.00,Clear,TRES-1,Cecilia,AZ,moguest,False,session_01,observations\2026-08-06\TRES-1\session_01\TRES-1260806111515.fits,downloaded,656640
TRES-1260806111816,2026-08-06 11:18:16,https://mo-www.cfa.harvard.edu/ImageDirectory/TRES-1260806111816.FITS,Main,60.00,Clear,TRES-1,Cecilia,AZ,moguest,False,session_01,observations\2026-08-06\TRES-1\session_01\TRES-1260806111816.fits,downloaded,656640
TRES-1260806112133,2026-08-06 11:21:33,https://mo-www.cfa.harvard.edu/ImageDirectory/TRES-1260806112133.FITS,Main,60.00,Clear,TRES-1,Cecilia,AZ,moguest,False,session_01,observations\2026-08-06\TRES-1\session_01\TRES-1260806112133.fits,downloaded,656640
TRES-1260806112416,2026-08-06 11:24:16,https://mo-www.cfa.harvard.edu/ImageDirectory/TRES-1260806112416.FITS,Main,60.00,Clear,TRES-1,Cecilia,AZ,moguest,False,session_01,observations\2026-08-06\TRES-1\session_01\TRES-1260806112416.fits,downloaded,656640
TRES-1260806112717,2026-08-06 11:27:17,https://mo-www.cfa.harvard.edu/ImageDirectory/TRES-1260806112717.FITS,Main,60.00,Clear,TRES-1,Cecilia,AZ,moguest,False,session_01,observations\2026-08-06\TRES-1\session_01\TRES-1260806112717.fits,downloaded,656640
TRES-1260806113030,2026-08-06 11:30:30,https://mo-www.cfa.harvard.edu/ImageDirectory/TRES-1260806113030.FITS,Main,60.00,Clear,TRES-1,Cecilia,AZ,moguest,False,session_01,observations\2026-08-06\TRES-1\session_01\TRES-1260806113030.fits,downloaded,656640
TRES-1260806113317,2026-08-06 11:33:17,https://mo-www.cfa.harvard.edu/ImageDirectory/TRES-1260806113317.FITS,Main,60.00,Clear,TRES-1,Cecilia,AZ,moguest,False,session_01,observations\2026-08-06\TRES-1\session_01\TRES-1260806113317.fits,downloaded,656640
TRES-1260806113615,2026-08-06 11:36:15,https://mo-www.cfa.harvard.edu/ImageDirectory/TRES-1260806113615.FITS,Main,60.00,Clear,TRES-1,Cecilia,AZ,moguest,False,session_01,observations\2026-08-06\TRES-1\session_01\TRES-1260806113615.fits,downloaded,656640
TRES-1260806113928,2026-08-06 11:39:28,https://mo-www.cfa.harvard.edu/ImageDirectory/TRES-1260806113928.FITS,Main,60.00,Clear,TRES-1,Cecilia,AZ,moguest,False,session_01,observations\2026-08-06\TRES-1\session_01\TRES-1260806113928.fits,downloaded,656640
TRES-1260806114215,2026-08-06 11:42:15,https://mo-www.cfa.harvard.edu/ImageDirectory/TRES-1260806114215.FITS,Main,60.00,Clear,TRES-1,Cecilia,AZ,moguest,False,session_01,observations\2026-08-06\TRES-1\session_01\TRES-1260806114215.fits,downloaded,656640
TRES-1260806114517,2026-08-06 11:45:17,https://mo-www.cfa.harvard.edu/ImageDirectory/TRES-1260806114517.FITS,Main,60.00,Clear,TRES-1,Cecilia,AZ,moguest,False,session_01,observations\2026-08-06\TRES-1\session_01\TRES-1260806114517.fits,downloaded,656640
TRES-1260806115238,2026-08-06 11:52:38,https://mo-www.cfa.harvard.edu/ImageDirectory/TRES-1260806115238.FITS,Main,60.00,Clear,TRES-1,Cecilia,AZ,moguest,False,session_01,observations\2026-08-06\TRES-1\session_01\TRES-1260806115238.fits,downloaded,656640
TRES-1260806120015,2026-08-06 12:00:15,https://mo-www.cfa.harvard.edu/ImageDirectory/TRES-1260806120015.FITS,Main,60.00,Clear,TRES-1,Cecilia,AZ,moguest,False,session_01,observations\2026-08-06\TRES-1\session_01\TRES-1260806120015.fits,downloaded,656640
TRES-1260806120750,2026-08-06 12:07:50,https://mo-www.cfa.harvard.edu/ImageDirectory/TRES-1260806120750.FITS,Main,60.00,Clear,TRES-1,Cecilia,AZ,moguest,False,session_01,observations\2026-08-06\TRES-1\session_01\TRES-1260806120750.fits,downloaded,656640
TRES-1260806121528,2026-08-06 12:15:28,https://mo-www.cfa.harvard.edu/ImageDirectory/TRES-1260806121528.FITS,Main,60.00,Clear,TRES-1,Cecilia,AZ,moguest,False,session_01,observations\2026-08-06\TRES-1\session_01\TRES-1260806121528.fits,downloaded,656640
TRES-1260806122303,2026-08-06 12:23:03,https://mo-www.cfa.harvard.edu/ImageDirectory/TRES-1260806122303.FITS,Main,60.00,Clear,TRES-1,Cecilia,AZ,moguest,False,session_01,observations\2026-08-06\TRES-1\session_01\TRES-1260806122303.fits,downloaded,656640
TRES-1260806123040,2026-08-06 12:30:40,https://mo-www.cfa.harvard.edu/ImageDirectory/TRES-1260806123040.FITS,Main,60.00,Clear,TRES-1,Cecilia,AZ,moguest,False,session_01,observations\2026-08-06\TRES-1\session_01\TRES-1260806123040.fits,downloaded,656640
TRES-1260806123815,2026-08-06 12:38:15,https://mo-www.cfa.harvard.edu/ImageDirectory/TRES-1260806123815.FITS,Main,60.00,Clear,TRES-1,Cecilia,AZ,moguest,False,session_01,observations\2026-08-06\TRES-1\session_01\TRES-1260806123815.fits,downloaded,656640
TRES-3260810060640,2026-08-10 06:06:40,https://mo-www.cfa.harvard.edu/ImageDirectory/TRES-3260810060640.FITS,Main,60.00,Clear,TRES-3,Cecilia,AZ,moguest,False,session_01,observations\2026-08-10\TRES-3\session_01\TRES-3260810060640.fits,downloaded,656640
TRES-3260810060916,2026-08-10 06:09:16,https://mo-www.cfa.harvard.edu/ImageDirectory/TRES-3260810060916.FITS,Main,60.00,Clear,TRES-3,Cecilia,AZ,moguest,False,session_01,observations\2026-08-10\TRES-3\session_01\TRES-3260810060916.fits,downloaded,656640
TRES-3260810061215,2026-08-10 06:12:15,https://mo-www.cfa.harvard.edu/ImageDirectory/TRES-3260810061215.FITS,Main,60.00,Clear,TRES-3,Cecilia,AZ,moguest,False,session_01,observations\2026-08-10\TRES-3\session_01\TRES-3260810061215.fits,downloaded,656640
TRES-3260810061516,2026-08-10 06:15:16,https://mo-www.cfa.harvard.edu/ImageDirectory/TRES-3260810061516.FITS,Main,60.00,Clear,TRES-3,Cecilia,AZ,moguest,False,session_01,observations\2026-08-10\TRES-3\session_01\TRES-3260810061516.fits,downloaded,656640
TRES-3260810061816,2026-08-10 06:18:16,https://mo-www.cfa.harvard.edu/ImageDirectory/TRES-3260810061816.FITS,Main,60.00,Clear,TRES-3,Cecilia,AZ,moguest,False,session_01,observations\2026-08-10\TRES-3\session_01\TRES-3260810061816.fits,downloaded,656640
TRES-3260810062117,2026-08-10 06:21:17,https://mo-www.cfa.harvard.edu/ImageDirectory/TRES-3260810062117.FITS,Main,60.00,Clear,TRES-3,Cecilia,AZ,moguest,False,session_01,observations\2026-08-10\TRES-3\session_01\TRES-3260810062117.fits,downloaded,656640
TRES-3260810062416,2026-08-10 06:24:16,https://mo-www.cfa.harvard.edu/ImageDirectory/TRES-3260810062416.FITS,Main,60.00,Clear,TRES-3,Cecilia,AZ,moguest,False,session_01,observations\2026-08-10\TRES-3\session_01\TRES-3260810062416.fits,downloaded,656640
TRES-3260810062715,2026-08-10 06:27:15,https://mo-www.cfa.harvard.edu/ImageDirectory/TRES-3260810062715.FITS,Main,60.00,Clear,TRES-3,Cecilia,AZ,moguest,False,session_01,observations\2026-08-10\TRES-3\session_01\TRES-3260810062715.fits,downloaded,656640
TRES-3260810063015,2026-08-10 06:30:15,https://mo-www.cfa.harvard.edu/ImageDirectory/TRES-3260810063015.FITS,Main,60.00,Clear,TRES-3,Cecilia,AZ,moguest,False,session_01,observations\2026-08-10\TRES-3\session_01\TRES-3260810063015.fits,downloaded,656640
TRES-3260810063316,2026-08-10 06:33:16,https://mo-www.cfa.harvard.edu/ImageDirectory/TRES-3260810063316.FITS,Main,60.00,Clear,TRES-3,Cecilia,AZ,moguest,False,session_01,observations\2026-08-10\TRES-3\session_01\TRES-3260810063316.fits,downloaded,656640
TRES-3260810063616,2026-08-10 06:36:16,https://mo-www.cfa.harvard.edu/ImageDirectory/TRES-3260810063616.FITS,Main,60.00,Clear,TRES-3,Cecilia,AZ,moguest,False,session_01,observations\2026-08-10\TRES-3\session_01\TRES-3260810063616.fits,downloaded,656640
TRES-3260810063915,2026-08-10 06:39:15,https://mo-www.cfa.harvard.edu/ImageDirectory/TRES-3260810063915.FITS,Main,60.00,Clear,TRES-3,Cecilia,AZ,moguest,False,session_01,observations\2026-08-10\TRES-3\session_01\TRES-3260810063915.fits,downloaded,656640
TRES-3260810064215,2026-08-10 06:42:15,https://mo-www.cfa.harvard.edu/ImageDirectory/TRES-3260810064215.FITS,Main,60.00,Clear,TRES-3,Cecilia,AZ,moguest,False,session_01,observations\2026-08-10\TRES-3\session_01\TRES-3260810064215.fits,downloaded,656640
TRES-3260810064516,2026-08-10 06:45:16,https://mo-www.cfa.harvard.edu/ImageDirectory/TRES-3260810064516.FITS,Main,60.00,Clear,TRES-3,Cecilia,AZ,moguest,False,session_01,observations\2026-08-10\TRES-3\session_01\TRES-3260810064516.fits,downloaded,656640
TRES-3260810064816,2026-08-10 06:48:16,https://mo-www.cfa.harvard.edu/ImageDirectory/TRES-3260810064816.FITS,Main,60.00,Clear,TRES-3,Cecilia,AZ,moguest,False,session_01,observations\2026-08-10\TRES-3\session_01\TRES-3260810064816.fits,downloaded,656640
TRES-3260810065115,2026-08-10 06:51:15,https://mo-www.cfa.harvard.edu/ImageDirectory/TRES-3260810065115.FITS,Main,60.00,Clear,TRES-3,Cecilia,AZ,moguest,False,session_01,observations\2026-08-10\TRES-3\session_01\TRES-3260810065115.fits,downloaded,656640
TRES-3260810065415,2026-08-10 06:54:15,https://mo-www.cfa.harvard.edu/ImageDirectory/TRES-3260810065415.FITS,Main,60.00,Clear,TRES-3,Cecilia,AZ,moguest,False,session_01,observations\2026-08-10\TRES-3\session_01\TRES-3260810065415.fits,downloaded,656640
TRES-3260810065717,2026-08-10 06:57:17,https://mo-www.cfa.harvard.edu/ImageDirectory/TRES-3260810065717.FITS,Main,60.00,Clear,TRES-3,Cecilia,AZ,moguest,False,session_01,observations\2026-08-10\TRES-3\session_01\TRES-3260810065717.fits,downloaded,656640
TRES-3260810070015,2026-08-10 07:00:15,https://mo-www.cfa.harvard.edu/ImageDirectory/TRES-3260810070015.FITS,Main,60.00,Clear,TRES-3,Cecilia,AZ,moguest,False,session_01,observations\2026-08-10\TRES-3\session_01\TRES-3260810070015.fits,downloaded,656640
TRES-3260810070316,2026-08-10 07:03:16,https://mo-www.cfa.harvard.edu/ImageDirectory/TRES-3260810070316.FITS,Main,60.00,Clear,TRES-3,Cecilia,AZ,moguest,False,session_01,observations\2026-08-10\TRES-3\session_01\TRES-3260810070316.fits,downloaded,656640
TRES-3260810070616,2026-08-10 07:06:16,https://mo-www.cfa.harvard.edu/ImageDirectory/TRES-3260810070616.FITS,Main,60.00,Clear,TRES-3,Cecilia,AZ,moguest,False,session_01,observations\2026-08-10\TRES-3\session_01\TRES-3260810070616.fits,downloaded,656640
TRES-3260810070915,2026-08-10 07:09:15,https://mo-www.cfa.harvard.edu/ImageDirectory/TRES-3260810070915.FITS,Main,60.00,Clear,TRES-3,Cecilia,AZ,moguest,False,session_01,observations\2026-08-10\TRES-3\session_01\TRES-3260810070915.fits,downloaded,656640
TRES-3260810071217,2026-08-10 07:12:17,https://mo-www.cfa.harvard.edu/ImageDirectory/TRES-3260810071217.FITS,Main,60.00,Clear,TRES-3,Cecilia,AZ,moguest,False,session_01,observations\2026-08-10\TRES-3\session_01\TRES-3260810071217.fits,downloaded,656640
TRES-3260810071516,2026-08-10 07:15:16,https://mo-www.cfa.harvard.edu/ImageDirectory/TRES-3260810071516.FITS,Main,60.00,Clear,TRES-3,Cecilia,AZ,moguest,False,session_01,observations\2026-08-10\TRES-3\session_01\TRES-3260810071516.fits,downloaded,656640
TRES-3260810071817,2026-08-10 07:18:17,https://mo-www.cfa.harvard.edu/ImageDirectory/TRES-3260810071817.FITS,Main,60.00,Clear,TRES-3,Cecilia,AZ,moguest,False,session_01,observations\2026-08-10\TRES-3\session_01\TRES-3260810071817.fits,downloaded,656640
TRES-3260810072115,2026-08-10 07:21:15,https://mo-www.cfa.harvard.edu/ImageDirectory/TRES-3260810072115.FITS,Main,60.00,Clear,TRES-3,Cecilia,AZ,moguest,False,session_01,observations\2026-08-10\TRES-3\session_01\TRES-3260810072115.fits,downloaded,656640
TRES-3260810072417,2026-08-10 07:24:17,https://mo-www.cfa.harvard.edu/ImageDirectory/TRES-3260810072417.FITS,Main,60.00,Clear,TRES-3,Cecilia,AZ,moguest,False,session_01,observations\2026-08-10\TRES-3\session_01\TRES-3260810072417.fits,downloaded,656640
TRES-3260810072715,2026-08-10 07:27:15,https://mo-www.cfa.harvard.edu/ImageDirectory/TRES-3260810072715.FITS,Main,60.00,Clear,TRES-3,Cecilia,AZ,moguest,False,session_01,observations\2026-08-10\TRES-3\session_01\TRES-3260810072715.fits,downloaded,656640
TRES-3260810073016,2026-08-10 07:30:16,https://mo-www.cfa.harvard.edu/ImageDirectory/TRES-3260810073016.FITS,Main,60.00,Clear,TRES-3,Cecilia,AZ,moguest,False,session_01,observations\2026-08-10\TRES-3\session_01\TRES-3260810073016.fits,downloaded,656640
TRES-3260810073315,2026-08-10 07:33:15,https://mo-www.cfa.harvard.edu/ImageDirectory/TRES-3260810073315.FITS,Main,60.00,Clear,TRES-3,Cecilia,AZ,moguest,False,session_01,observations\2026-08-10\TRES-3\session_01\TRES-3260810073315.fits,downloaded,656640
TRES-3260810073616,2026-08-10 07:36:16,https://mo-www.cfa.harvard.edu/ImageDirectory/TRES-3260810073616.FITS,Main,60.00,Clear,TRES-3,Cecilia,AZ,moguest,False,session_01,observations\2026-08-10\TRES-3\session_01\TRES-3260810073616.fits,downloaded,656640
TRES-3260810073915,2026-08-10 07:39:15,https://mo-www.cfa.harvard.edu/ImageDirectory/TRES-3260810073915.FITS,Main,60.00,Clear,TRES-3,Cecilia,AZ,moguest,False,session_01,observations\2026-08-10\TRES-3\session_01\TRES-3260810073915.fits,downloaded,656640
TRES-3260810074215,2026-08-10 07:42:15,https://mo-www.cfa.harvard.edu/ImageDirectory/TRES-3260810074215.FITS,Main,60.00,Clear,TRES-3,Cecilia,AZ,moguest,False,session_01,observations\2026-08-10\TRES-3\session_01\TRES-3260810074215.fits,downloaded,656640
TRES-3260810074516,2026-08-10 07:45:16,https://mo-www.cfa.harvard.edu/ImageDirectory/TRES-3260810074516.FITS,Main,60.00,Clear,TRES-3,Cecilia,AZ,moguest,False,session_01,observations\2026-08-10\TRES-3\session_01\TRES-3260810074516.fits,downloaded,656640
TRES-3260810074815,2026-08-10 07:48:15,https://mo-www.cfa.harvard.edu/ImageDirectory/TRES-3260810074815.FITS,Main,60.00,Clear,TRES-3,Cecilia,AZ,moguest,False,session_01,observations\2026-08-10\TRES-3\session_01\TRES-3260810074815.fits,downloaded,656640
TRES-3260810075116,2026-08-10 07:51:16,https://mo-www.cfa.harvard.edu/ImageDirectory/TRES-3260810075116.FITS,Main,60.00,Clear,TRES-3,Cecilia,AZ,moguest,False,session_01,observations\2026-08-10\TRES-3\session_01\TRES-3260810075116.fits,downloaded,656640
TRES-3260810075416,2026-08-10 07:54:16,https://mo-www.cfa.harvard.edu/ImageDirectory/TRES-3260810075416.FITS,Main,60.00,Clear,TRES-3,Cecilia,AZ,moguest,False,session_01,observations\2026-08-10\TRES-3\session_01\TRES-3260810075416.fits,downloaded,656640
TRES-3260810075716,2026-08-10 07:57:16,https://mo-www.cfa.harvard.edu/ImageDirectory/TRES-3260810075716.FITS,Main,60.00,Clear,TRES-3,Cecilia,AZ,moguest,False,session_01,observations\2026-08-10\TRES-3\session_01\TRES-3260810075716.fits,downloaded,656640
TRES-3260810080016,2026-08-10 08:00:16,https://mo-www.cfa.harvard.edu/ImageDirectory/TRES-3260810080016.FITS,Main,60.00,Clear,TRES-3,Cecilia,AZ,moguest,False,session_01,observations\2026-08-10\TRES-3\session_01\TRES-3260810080016.fits,downloaded,656640
TRES-3260810080315,2026-08-10 08:03:15,https://mo-www.cfa.harvard.edu/ImageDirectory/TRES-3260810080315.FITS,Main,60.00,Clear,TRES-3,Cecilia,AZ,moguest,False,session_01,observations\2026-08-10\TRES-3\session_01\TRES-3260810080315.fits,downloaded,656640
TRES-3260810080615,2026-08-10 08:06:15,https://mo-www.cfa.harvard.edu/ImageDirectory/TRES-3260810080615.FITS,Main,60.00,Clear,TRES-3,Cecilia,AZ,moguest,False,session_01,observations\2026-08-10\TRES-3\session_01\TRES-3260810080615.fits,downloaded,656640
TRES-3260810080915,2026-08-10 08:09:15,https://mo-www.cfa.harvard.edu/ImageDirectory/TRES-3260810080915.FITS,Main,60.00,Clear,TRES-3,Cecilia,AZ,moguest,False,session_01,observations\2026-08-10\TRES-3\session_01\TRES-3260810080915.fits,downloaded,656640
TRES-3260810081216,2026-08-10 08:12:16,https://mo-www.cfa.harvard.edu/ImageDirectory/TRES-3260810081216.FITS,Main,60.00,Clear,TRES-3,Cecilia,AZ,moguest,False,session_01,observations\2026-08-10\TRES-3\session_01\TRES-3260810081216.fits,downloaded,656640
TRES-3260810081515,2026-08-10 08:15:15,https://mo-www.cfa.harvard.edu/ImageDirectory/TRES-3260810081515.FITS,Main,60.00,Clear,TRES-3,Cecilia,AZ,moguest,False,session_01,observations\2026-08-10\TRES-3\session_01\TRES-3260810081515.fits,downloaded,656640
TRES-3260810081815,2026-08-10 08:18:15,https://mo-www.cfa.harvard.edu/ImageDirectory/TRES-3260810081815.FITS,Main,60.00,Clear,TRES-3,Cecilia,AZ,moguest,False,session_01,observations\2026-08-10\TRES-3\session_01\TRES-3260810081815.fits,downloaded,656640
TRES-3260810082115,2026-08-10 08:21:15,https://mo-www.cfa.harvard.edu/ImageDirectory/TRES-3260810082115.FITS,Main,60.00,Clear,TRES-3,Cecilia,AZ,moguest,False,session_01,observations\2026-08-10\TRES-3\session_01\TRES-3260810082115.fits,downloaded,656640
TRES-3260810082417,2026-08-10 08:24:17,https://mo-www.cfa.harvard.edu/ImageDirectory/TRES-3260810082417.FITS,Main,60.00,Clear,TRES-3,Cecilia,AZ,moguest,False,session_01,observations\2026-08-10\TRES-3\session_01\TRES-3260810082417.fits,downloaded,656640
TRES-3260810082715,2026-08-10 08:27:15,https://mo-www.cfa.harvard.edu/ImageDirectory/TRES-3260810082715.FITS,Main,60.00,Clear,TRES-3,Cecilia,AZ,moguest,False,session_01,observations\2026-08-10\TRES-3\session_01\TRES-3260810082715.fits,downloaded,656640
TRES-3260810083015,2026-08-10 08:30:15,https://mo-www.cfa.harvard.edu/ImageDirectory/TRES-3260810083015.FITS,Main,60.00,Clear,TRES-3,Cecilia,AZ,moguest,False,session_01,observations\2026-08-10\TRES-3\session_01\TRES-3260810083015.fits,downloaded,656640
TRES-3260810083315,2026-08-10 08:33:15,https://mo-www.cfa.harvard.edu/ImageDirectory/TRES-3260810083315.FITS,Main,60.00,Clear,TRES-3,Cecilia,AZ,moguest,False,session_01,observations\2026-08-10\TRES-3\session_01\TRES-3260810083315.fits,downloaded,656640
TRES-3260810083615,2026-08-10 08:36:15,https://mo-www.cfa.harvard.edu/ImageDirectory/TRES-3260810083615.FITS,Main,60.00,Clear,TRES-3,Cecilia,AZ,moguest,False,session_01,observations\2026-08-10\TRES-3\session_01\TRES-3260810083615.fits,downloaded,656640
TRES-3260810083916,2026-08-10 08:39:16,https://mo-www.cfa.harvard.edu/ImageDirectory/TRES-3260810083916.FITS,Main,60.00,Clear,TRES-3,Cecilia,AZ,moguest,False,session_01,observations\2026-08-10\TRES-3\session_01\TRES-3260810083916.fits,downloaded,656640
TRES-3260810084215,2026-08-10 08:42:15,https://mo-www.cfa.harvard.edu/ImageDirectory/TRES-3260810084215.FITS,Main,60.00,Clear,TRES-3,Cecilia,AZ,moguest,False,session_01,observations\2026-08-10\TRES-3\session_01\TRES-3260810084215.fits,downloaded,656640
TRES-3260810084516,2026-08-10 08:45:16,https://mo-www.cfa.harvard.edu/ImageDirectory/TRES-3260810084516.FITS,Main,60.00,Clear,TRES-3,Cecilia,AZ,moguest,False,session_01,observations\2026-08-10\TRES-3\session_01\TRES-3260810084516.fits,downloaded,656640
TRES-3260810084816,2026-08-10 08:48:16,https://mo-www.cfa.harvard.edu/ImageDirectory/TRES-3260810084816.FITS,Main,60.00,Clear,TRES-3,Cecilia,AZ,moguest,False,session_01,observations\2026-08-10\TRES-3\session_01\TRES-3260810084816.fits,downloaded,656640
TRES-3260810085117,2026-08-10 08:51:17,https://mo-www.cfa.harvard.edu/ImageDirectory/TRES-3260810085117.FITS,Main,60.00,Clear,TRES-3,Cecilia,AZ,moguest,False,session_01,observations\2026-08-10\TRES-3\session_01\TRES-3260810085117.fits,downloaded,656640
TRES-3260810085416,2026-08-10 08:54:16,https://mo-www.cfa.harvard.edu/ImageDirectory/TRES-3260810085416.FITS,Main,60.00,Clear,TRES-3,Cecilia,AZ,moguest,False,session_01,observations\2026-08-10\TRES-3\session_01\TRES-3260810085416.fits,downloaded,656640
TRES-3260810085717,2026-08-10 08:57:17,https://mo-www.cfa.harvard.edu/ImageDirectory/TRES-3260810085717.FITS,Main,60.00,Clear,TRES-3,Cecilia,AZ,moguest,False,session_01,observations\2026-08-10\TRES-3\session_01\TRES-3260810085717.fits,downloaded,656640
TRES-3260810090015,2026-08-10 09:00:15,https://mo-www.cfa.harvard.edu/ImageDirectory/TRES-3260810090015.FITS,Main,60.00,Clear,TRES-3,Cecilia,AZ,moguest,False,session_01,observations\2026-08-10\TRES-3\session_01\TRES-3260810090015.fits,downloaded,656640
TRES-3260810090708,2026-08-10 09:07:08,https://mo-www.cfa.harvard.edu/ImageDirectory/TRES-3260810090708.FITS,Main,60.00,Clear,TRES-3,Cecilia,AZ,moguest,False,session_01,observations\2026-08-10\TRES-3\session_01\TRES-3260810090708.fits,downloaded,656640
TRES-3260810091249,2026-08-10 09:12:49,https://mo-www.cfa.harvard.edu/ImageDirectory/TRES-3260810091249.FITS,Main,60.00,Clear,TRES-3,Cecilia,AZ,moguest,False,session_01,observations\2026-08-10\TRES-3\session_01\TRES-3260810091249.fits,downloaded,656640
TRES-3260810091436,2026-08-10 09:14:36,https://mo-www.cfa.harvard.edu/ImageDirectory/TRES-3260810091436.FITS,Main,60.00,Clear,TRES-3,Cecilia,AZ,moguest,False,session_01,observations\2026-08-10\TRES-3\session_01\TRES-3260810091436.fits,downloaded,656640
TRES-3260810092014,2026-08-10 09:20:14,https://mo-www.cfa.harvard.edu/ImageDirectory/TRES-3260810092014.FITS,Main,60.00,Clear,TRES-3,Cecilia,AZ,moguest,False,session_01,observations\2026-08-10\TRES-3\session_01\TRES-3260810092014.fits,downloaded,656640
TRES-3260810092552,2026-08-10 09:25:52,https://mo-www.cfa.harvard.edu/ImageDirectory/TRES-3260810092552.FITS,Main,60.00,Clear,TRES-3,Cecilia,AZ,moguest,False,session_01,observations\2026-08-10\TRES-3\session_01\TRES-3260810092552.fits,downloaded,656640
TRES-3260810093318,2026-08-10 09:33:18,https://mo-www.cfa.harvard.edu/ImageDirectory/TRES-3260810093318.FITS,Main,60.00,Clear,TRES-3,Cecilia,AZ,moguest,False,session_01,observations\2026-08-10\TRES-3\session_01\TRES-3260810093318.fits,downloaded,656640
TRES-3260810093856,2026-08-10 09:38:56,https://mo-www.cfa.harvard.edu/ImageDirectory/TRES-3260810093856.FITS,Main,60.00,Clear,TRES-3,Cecilia,AZ,moguest,False,session_01,observations\2026-08-10\TRES-3\session_01\TRES-3260810093856.fits,downloaded,656640
TRES-3260810094042,2026-08-10 09:40:42,https://mo-www.cfa.harvard.edu/ImageDirectory/TRES-3260810094042.FITS,Main,60.00,Clear,TRES-3,Cecilia,AZ,moguest,False,session_01,observations\2026-08-10\TRES-3\session_01\TRES-3260810094042.fits,downloaded,656640
TRES-3260810094809,2026-08-10 09:48:09,https://mo-www.cfa.harvard.edu/ImageDirectory/TRES-3260810094809.FITS,Main,60.00,Clear,TRES-3,Cecilia,AZ,moguest,False,session_01,observations\2026-08-10\TRES-3\session_01\TRES-3260810094809.fits,downloaded,656640
TRES-3260810094956,2026-08-10 09:49:56,https://mo-www.cfa.harvard.edu/ImageDirectory/TRES-3260810094956.FITS,Main,60.00,Clear,TRES-3,Cecilia,AZ,moguest,False,session_01,observations\2026-08-10\TRES-3\session_01\TRES-3260810094956.fits,downloaded,656640
TRES-3260810095534,2026-08-10 09:55:34,https://mo-www.cfa.harvard.edu/ImageDirectory/TRES-3260810095534.FITS,Main,60.00,Clear,TRES-3,Cecilia,AZ,moguest,False,session_01,observations\2026-08-10\TRES-3\session_01\TRES-3260810095534.fits,downloaded,656640
TRES-3260814040928,2026-08-14 04:09:28,https://mo-www.cfa.harvard.edu/ImageDirectory/TRES-3260814040928.FITS,Main,60.00,Clear,TRES-3,Cecilia,AZ,moguest,False,session_01,observations\2026-08-14\TRES-3\session_01\TRES-3260814040928.fits,downloaded,656640
TRES-3260814041319,2026-08-14 04:13:19,https://mo-www.cfa.harvard.edu/ImageDirectory/TRES-3260814041319.FITS,Main,60.00,Clear,TRES-3,Cecilia,AZ,moguest,False,session_01,observations\2026-08-14\TRES-3\session_01\TRES-3260814041319.fits,downloaded,656640
TRES-3260814041712,2026-08-14 04:17:12,https://mo-www.cfa.harvard.edu/ImageDirectory/TRES-3260814041712.FITS,Main,60.00,Clear,TRES-3,Cecilia,AZ,moguest,False,session_01,observations\2026-08-14\TRES-3\session_01\TRES-3260814041712.fits,downloaded,656640
TRES-3260814041858,2026-08-14 04:18:58,https://mo-www.cfa.harvard.edu/ImageDirectory/TRES-3260814041858.FITS,Main,60.00,Clear,TRES-3,Cecilia,AZ,moguest,False,session_01,observations\2026-08-14\TRES-3\session_01\TRES-3260814041858.fits,downloaded,656640
TRES-3260814042116,2026-08-14 04:21:16,https://mo-www.cfa.harvard.edu/ImageDirectory/TRES-3260814042116.FITS,Main,60.00,Clear,TRES-3,Cecilia,AZ,moguest,False,session_01,observations\2026-08-14\TRES-3\session_01\TRES-3260814042116.fits,downloaded,656640
TRES-3260814042416,2026-08-14 04:24:16,https://mo-www.cfa.harvard.edu/ImageDirectory/TRES-3260814042416.FITS,Main,60.00,Clear,TRES-3,Cecilia,AZ,moguest,False,session_01,observations\2026-08-14\TRES-3\session_01\TRES-3260814042416.fits,downloaded,656640
TRES-3260814042716,2026-08-14 04:27:16,https://mo-www.cfa.harvard.edu/ImageDirectory/TRES-3260814042716.FITS,Main,60.00,Clear,TRES-3,Cecilia,AZ,moguest,False,session_01,observations\2026-08-14\TRES-3\session_01\TRES-3260814042716.fits,downloaded,656640
TRES-3260814043015,2026-08-14 04:30:15,https://mo-www.cfa.harvard.edu/ImageDirectory/TRES-3260814043015.FITS,Main,60.00,Clear,TRES-3,Cecilia,AZ,moguest,False,session_01,observations\2026-08-14\TRES-3\session_01\TRES-3260814043015.fits,downloaded,656640
TRES-3260814043317,2026-08-14 04:33:17,https://mo-www.cfa.harvard.edu/ImageDirectory/TRES-3260814043317.FITS,Main,60.00,Clear,TRES-3,Cecilia,AZ,moguest,False,session_01,observations\2026-08-14\TRES-3\session_01\TRES-3260814043317.fits,downloaded,656640
TRES-3260814043615,2026-08-14 04:36:15,https://mo-www.cfa.harvard.edu/ImageDirectory/TRES-3260814043615.FITS,Main,60.00,Clear,TRES-3,Cecilia,AZ,moguest,False,session_01,observations\2026-08-14\TRES-3\session_01\TRES-3260814043615.fits,downloaded,656640
TRES-3260814043917,2026-08-14 04:39:17,https://mo-www.cfa.harvard.edu/ImageDirectory/TRES-3260814043917.FITS,Main,60.00,Clear,TRES-3,Cecilia,AZ,moguest,False,session_01,observations\2026-08-14\TRES-3\session_01\TRES-3260814043917.fits,downloaded,656640
TRES-3260814044216,2026-08-14 04:42:16,https://mo-www.cfa.harvard.edu/ImageDirectory/TRES-3260814044216.FITS,Main,60.00,Clear,TRES-3,Cecilia,AZ,moguest,False,session_01,observations\2026-08-14\TRES-3\session_01\TRES-3260814044216.fits,downloaded,656640
TRES-3260814044517,2026-08-14 04:45:17,https://mo-www.cfa.harvard.edu/ImageDirectory/TRES-3260814044517.FITS,Main,60.00,Clear,TRES-3,Cecilia,AZ,moguest,False,session_01,observations\2026-08-14\TRES-3\session_01\TRES-3260814044517.fits,downloaded,656640
TRES-3260814044816,2026-08-14 04:48:16,https://mo-www.cfa.harvard.edu/ImageDirectory/TRES-3260814044816.FITS,Main,60.00,Clear,TRES-3,Cecilia,AZ,moguest,False,session_01,observations\2026-08-14\TRES-3\session_01\TRES-3260814044816.fits,downloaded,656640
TRES-3260814045116,2026-08-14 04:51:16,https://mo-www.cfa.harvard.edu/ImageDirectory/TRES-3260814045116.FITS,Main,60.00,Clear,TRES-3,Cecilia,AZ,moguest,False,session_01,observations\2026-08-14\TRES-3\session_01\TRES-3260814045116.fits,downloaded,656640
TRES-3260814045417,2026-08-14 04:54:17,https://mo-www.cfa.harvard.edu/ImageDirectory/TRES-3260814045417.FITS,Main,60.00,Clear,TRES-3,Cecilia,AZ,moguest,False,session_01,observations\2026-08-14\TRES-3\session_01\TRES-3260814045417.fits,downloaded,656640
TRES-3260814045716,2026-08-14 04:57:16,https://mo-www.cfa.harvard.edu/ImageDirectory/TRES-3260814045716.FITS,Main,60.00,Clear,TRES-3,Cecilia,AZ,moguest,False,session_01,observations\2026-08-14\TRES-3\session_01\TRES-3260814045716.fits,downloaded,656640
TRES-3260814050017,2026-08-14 05:00:17,https://mo-www.cfa.harvard.edu/ImageDirectory/TRES-3260814050017.FITS,Main,60.00,Clear,TRES-3,Cecilia,AZ,moguest,False,session_01,observations\2026-08-14\TRES-3\session_01\TRES-3260814050017.fits,downloaded,656640
TRES-3260814050315,2026-08-14 05:03:15,https://mo-www.cfa.harvard.edu/ImageDirectory/TRES-3260814050315.FITS,Main,60.00,Clear,TRES-3,Cecilia,AZ,moguest,False,session_01,observations\2026-08-14\TRES-3\session_01\TRES-3260814050315.fits,downloaded,656640
TRES-3260814050616,2026-08-14 05:06:16,https://mo-www.cfa.harvard.edu/ImageDirectory/TRES-3260814050616.FITS,Main,60.00,Clear,TRES-3,Cecilia,AZ,moguest,False,session_01,observations\2026-08-14\TRES-3\session_01\TRES-3260814050616.fits,downloaded,656640
TRES-3260814050916,2026-08-14 05:09:16,https://mo-www.cfa.harvard.edu/ImageDirectory/TRES-3260814050916.FITS,Main,60.00,Clear,TRES-3,Cecilia,AZ,moguest,False,session_01,observations\2026-08-14\TRES-3\session_01\TRES-3260814050916.fits,downloaded,656640
TRES-3260814051216,2026-08-14 05:12:16,https://mo-www.cfa.harvard.edu/ImageDirectory/TRES-3260814051216.FITS,Main,60.00,Clear,TRES-3,Cecilia,AZ,moguest,False,session_01,observations\2026-08-14\TRES-3\session_01\TRES-3260814051216.fits,downloaded,656640
TRES-3260814051517,2026-08-14 05:15:17,https://mo-www.cfa.harvard.edu/ImageDirectory/TRES-3260814051517.FITS,Main,60.00,Clear,TRES-3,Cecilia,AZ,moguest,False,session_01,observations\2026-08-14\TRES-3\session_01\TRES-3260814051517.fits,downloaded,656640
TRES-3260814051817,2026-08-14 05:18:17,https://mo-www.cfa.harvard.edu/ImageDirectory/TRES-3260814051817.FITS,Main,60.00,Clear,TRES-3,Cecilia,AZ,moguest,False,session_01,observations\2026-08-14\TRES-3\session_01\TRES-3260814051817.fits,downloaded,656640
TRES-3260814052116,2026-08-14 05:21:16,https://mo-www.cfa.harvard.edu/ImageDirectory/TRES-3260814052116.FITS,Main,60.00,Clear,TRES-3,Cecilia,AZ,moguest,False,session_01,observations\2026-08-14\TRES-3\session_01\TRES-3260814052116.fits,downloaded,656640
TRES-3260814052416,2026-08-14 05:24:16,https://mo-www.cfa.harvard.edu/ImageDirectory/TRES-3260814052416.FITS,Main,60.00,Clear,TRES-3,Cecilia,AZ,moguest,False,session_01,observations\2026-08-14\TRES-3\session_01\TRES-3260814052416.fits,downloaded,656640
TRES-3260814052717,2026-08-14 05:27:17,https://mo-www.cfa.harvard.edu/ImageDirectory/TRES-3260814052717.FITS,Main,60.00,Clear,TRES-3,Cecilia,AZ,moguest,False,session_01,observations\2026-08-14\TRES-3\session_01\TRES-3260814052717.fits,downloaded,656640
TRES-3260814053017,2026-08-14 05:30:17,https://mo-www.cfa.harvard.edu/ImageDirectory/TRES-3260814053017.FITS,Main,60.00,Clear,TRES-3,Cecilia,AZ,moguest,False,session_01,observations\2026-08-14\TRES-3\session_01\TRES-3260814053017.fits,downloaded,656640
TRES-3260814053317,2026-08-14 05:33:17,https://mo-www.cfa.harvard.edu/ImageDirectory/TRES-3260814053317.FITS,Main,60.00,Clear,TRES-3,Cecilia,AZ,moguest,False,session_01,observations\2026-08-14\TRES-3\session_01\TRES-3260814053317.fits,downloaded,656640
TRES-3260814053616,2026-08-14 05:36:16,https://mo-www.cfa.harvard.edu/ImageDirectory/TRES-3260814053616.FITS,Main,60.00,Clear,TRES-3,Cecilia,AZ,moguest,False,session_01,observations\2026-08-14\TRES-3\session_01\TRES-3260814053616.fits,downloaded,656640
TRES-3260814053916,2026-08-14 05:39:16,https://mo-www.cfa.harvard.edu/ImageDirectory/TRES-3260814053916.FITS,Main,60.00,Clear,TRES-3,Cecilia,AZ,moguest,False,session_01,observations\2026-08-14\TRES-3\session_01\TRES-3260814053916.fits,downloaded,656640
TRES-3260814054217,2026-08-14 05:42:17,https://mo-www.cfa.harvard.edu/ImageDirectory/TRES-3260814054217.FITS,Main,60.00,Clear,TRES-3,Cecilia,AZ,moguest,False,session_01,observations\2026-08-14\TRES-3\session_01\TRES-3260814054217.fits,downloaded,656640
TRES-3260814054517,2026-08-14 05:45:17,https://mo-www.cfa.harvard.edu/ImageDirectory/TRES-3260814054517.FITS,Main,60.00,Clear,TRES-3,Cecilia,AZ,moguest,False,session_01,observations\2026-08-14\TRES-3\session_01\TRES-3260814054517.fits,downloaded,656640
TRES-3260814054816,2026-08-14 05:48:16,https://mo-www.cfa.harvard.edu/ImageDirectory/TRES-3260814054816.FITS,Main,60.00,Clear,TRES-3,Cecilia,AZ,moguest,False,session_01,observations\2026-08-14\TRES-3\session_01\TRES-3260814054816.fits,downloaded,656640
TRES-3260814055117,2026-08-14 05:51:17,https://mo-www.cfa.harvard.edu/ImageDirectory/TRES-3260814055117.FITS,Main,60.00,Clear,TRES-3,Cecilia,AZ,moguest,False,session_01,observations\2026-08-14\TRES-3\session_01\TRES-3260814055117.fits,downloaded,656640
TRES-3260814055417,2026-08-14 05:54:17,https://mo-www.cfa.harvard.edu/ImageDirectory/TRES-3260814055417.FITS,Main,60.00,Clear,TRES-3,Cecilia,AZ,moguest,False,session_01,observations\2026-08-14\TRES-3\session_01\TRES-3260814055417.fits,downloaded,656640
TRES-3260814055716,2026-08-14 05:57:16,https://mo-www.cfa.harvard.edu/ImageDirectory/TRES-3260814055716.FITS,Main,60.00,Clear,TRES-3,Cecilia,AZ,moguest,False,session_01,observations\2026-08-14\TRES-3\session_01\TRES-3260814055716.fits,downloaded,656640
TRES-3260814060017,2026-08-14 06:00:17,https://mo-www.cfa.harvard.edu/ImageDirectory/TRES-3260814060017.FITS,Main,60.00,Clear,TRES-3,Cecilia,AZ,moguest,False,session_01,observations\2026-08-14\TRES-3\session_01\TRES-3260814060017.fits,downloaded,656640
TRES-3260814060316,2026-08-14 06:03:16,https://mo-www.cfa.harvard.edu/ImageDirectory/TRES-3260814060316.FITS,Main,60.00,Clear,TRES-3,Cecilia,AZ,moguest,False,session_01,observations\2026-08-14\TRES-3\session_01\TRES-3260814060316.fits,downloaded,656640
TRES-3260814060616,2026-08-14 06:06:16,https://mo-www.cfa.harvard.edu/ImageDirectory/TRES-3260814060616.FITS,Main,60.00,Clear,TRES-3,Cecilia,AZ,moguest,False,session_01,observations\2026-08-14\TRES-3\session_01\TRES-3260814060616.fits,downloaded,656640
TRES-3260814060916,2026-08-14 06:09:16,https://mo-www.cfa.harvard.edu/ImageDirectory/TRES-3260814060916.FITS,Main,60.00,Clear,TRES-3,Cecilia,AZ,moguest,False,session_01,observations\2026-08-14\TRES-3\session_01\TRES-3260814060916.fits,downloaded,656640
TRES-3260814061216,2026-08-14 06:12:16,https://mo-www.cfa.harvard.edu/ImageDirectory/TRES-3260814061216.FITS,Main,60.00,Clear,TRES-3,Cecilia,AZ,moguest,False,session_01,observations\2026-08-14\TRES-3\session_01\TRES-3260814061216.fits,downloaded,656640
TRES-3260814061516,2026-08-14 06:15:16,https://mo-www.cfa.harvard.edu/ImageDirectory/TRES-3260814061516.FITS,Main,60.00,Clear,TRES-3,Cecilia,AZ,moguest,False,session_01,observations\2026-08-14\TRES-3\session_01\TRES-3260814061516.fits,downloaded,656640
TRES-3260814061816,2026-08-14 06:18:16,https://mo-www.cfa.harvard.edu/ImageDirectory/TRES-3260814061816.FITS,Main,60.00,Clear,TRES-3,Cecilia,AZ,moguest,False,session_01,observations\2026-08-14\TRES-3\session_01\TRES-3260814061816.fits,downloaded,656640
TRES-3260814062116,2026-08-14 06:21:16,https://mo-www.cfa.harvard.edu/ImageDirectory/TRES-3260814062116.FITS,Main,60.00,Clear,TRES-3,Cecilia,AZ,moguest,False,session_01,observations\2026-08-14\TRES-3\session_01\TRES-3260814062116.fits,downloaded,656640
TRES-3260814062416,2026-08-14 06:24:16,https://mo-www.cfa.harvard.edu/ImageDirectory/TRES-3260814062416.FITS,Main,60.00,Clear,TRES-3,Cecilia,AZ,moguest,False,session_01,observations\2026-08-14\TRES-3\session_01\TRES-3260814062416.fits,downloaded,656640
TRES-3260814062715,2026-08-14 06:27:15,https://mo-www.cfa.harvard.edu/ImageDirectory/TRES-3260814062715.FITS,Main,60.00,Clear,TRES-3,Cecilia,AZ,moguest,False,session_01,observations\2026-08-14\TRES-3\session_01\TRES-3260814062715.fits,downloaded,656640
TRES-3260814063016,2026-08-14 06:30:16,https://mo-www.cfa.harvard.edu/ImageDirectory/TRES-3260814063016.FITS,Main,60.00,Clear,TRES-3,Cecilia,AZ,moguest,False,session_01,observations\2026-08-14\TRES-3\session_01\TRES-3260814063016.fits,downloaded,656640
TRES-3260814063316,2026-08-14 06:33:16,https://mo-www.cfa.harvard.edu/ImageDirectory/TRES-3260814063316.FITS,Main,60.00,Clear,TRES-3,Cecilia,AZ,moguest,False,session_01,observations\2026-08-14\TRES-3\session_01\TRES-3260814063316.fits,downloaded,656640
TRES-3260814063616,2026-08-14 06:36:16,https://mo-www.cfa.harvard.edu/ImageDirectory/TRES-3260814063616.FITS,Main,60.00,Clear,TRES-3,Cecilia,AZ,moguest,False,session_01,observations\2026-08-14\TRES-3\session_01\TRES-3260814063616.fits,downloaded,656640
TRES-3260814063916,2026-08-14 06:39:16,https://mo-www.cfa.harvard.edu/ImageDirectory/TRES-3260814063916.FITS,Main,60.00,Clear,TRES-3,Cecilia,AZ,moguest,False,session_01,observations\2026-08-14\TRES-3\session_01\TRES-3260814063916.fits,downloaded,656640
TRES-3260827053937,2026-08-27 05:39:37,https://mo-www.cfa.harvard.edu/ImageDirectory/TRES-3260827053937.FITS,Main,60.00,Clear,TRES-3,Cecilia,AZ,moguest,False,session_01,observations\2026-08-27\TRES-3\session_01\TRES-3260827053937.fits,downloaded,656640
TRES-3260827054215,2026-08-27 05:42:15,https://mo-www.cfa.harvard.edu/ImageDirectory/TRES-3260827054215.FITS,Main,60.00,Clear,TRES-3,Cecilia,AZ,moguest,False,session_01,observations\2026-08-27\TRES-3\session_01\TRES-3260827054215.fits,downloaded,656640
TRES-3260827054515,2026-08-27 05:45:15,https://mo-www.cfa.harvard.edu/ImageDirectory/TRES-3260827054515.FITS,Main,60.00,Clear,TRES-3,Cecilia,AZ,moguest,False,session_01,observations\2026-08-27\TRES-3\session_01\TRES-3260827054515.fits,downloaded,656640
TRES-3260827054816,2026-08-27 05:48:16,https://mo-www.cfa.harvard.edu/ImageDirectory/TRES-3260827054816.FITS,Main,60.00,Clear,TRES-3,Cecilia,AZ,moguest,False,session_01,observations\2026-08-27\TRES-3\session_01\TRES-3260827054816.fits,downloaded,656640
TRES-3260827055115,2026-08-27 05:51:15,https://mo-www.cfa.harvard.edu/ImageDirectory/TRES-3260827055115.FITS,Main,60.00,Clear,TRES-3,Cecilia,AZ,moguest,False,session_01,observations\2026-08-27\TRES-3\session_01\TRES-3260827055115.fits,downloaded,656640
TRES-3260827055415,2026-08-27 05:54:15,https://mo-www.cfa.harvard.edu/ImageDirectory/TRES-3260827055415.FITS,Main,60.00,Clear,TRES-3,Cecilia,AZ,moguest,False,session_01,observations\2026-08-27\TRES-3\session_01\TRES-3260827055415.fits,downloaded,656640
TRES-3260827055716,2026-08-27 05:57:16,https://mo-www.cfa.harvard.edu/ImageDirectory/TRES-3260827055716.FITS,Main,60.00,Clear,TRES-3,Cecilia,AZ,moguest,False,session_01,observations\2026-08-27\TRES-3\session_01\TRES-3260827055716.fits,downloaded,656640
TRES-3260827060015,2026-08-27 06:00:15,https://mo-www.cfa.harvard.edu/ImageDirectory/TRES-3260827060015.FITS,Main,60.00,Clear,TRES-3,Cecilia,AZ,moguest,False,session_01,observations\2026-08-27\TRES-3\session_01\TRES-3260827060015.fits,downloaded,656640
TRES-3260827060315,2026-08-27 06:03:15,https://mo-www.cfa.harvard.edu/ImageDirectory/TRES-3260827060315.FITS,Main,60.00,Clear,TRES-3,Cecilia,AZ,moguest,False,session_01,observations\2026-08-27\TRES-3\session_01\TRES-3260827060315.fits,downloaded,656640
TRES-3260827060616,2026-08-27 06:06:16,https://mo-www.cfa.harvard.edu/ImageDirectory/TRES-3260827060616.FITS,Main,60.00,Clear,TRES-3,Cecilia,AZ,moguest,False,session_01,observations\2026-08-27\TRES-3\session_01\TRES-3260827060616.fits,downloaded,656640
TRES-3260827060915,2026-08-27 06:09:15,https://mo-www.cfa.harvard.edu/ImageDirectory/TRES-3260827060915.FITS,Main,60.00,Clear,TRES-3,Cecilia,AZ,moguest,False,session_01,observations\2026-08-27\TRES-3\session_01\TRES-3260827060915.fits,downloaded,656640
TRES-3260827061215,2026-08-27 06:12:15,https://mo-www.cfa.harvard.edu/ImageDirectory/TRES-3260827061215.FITS,Main,60.00,Clear,TRES-3,Cecilia,AZ,moguest,False,session_01,observations\2026-08-27\TRES-3\session_01\TRES-3260827061215.fits,downloaded,656640
TRES-3260827061515,2026-08-27 06:15:15,https://mo-www.cfa.harvard.edu/ImageDirectory/TRES-3260827061515.FITS,Main,60.00,Clear,TRES-3,Cecilia,AZ,moguest,False,session_01,observations\2026-08-27\TRES-3\session_01\TRES-3260827061515.fits,downloaded,656640
TRES-3260827061815,2026-08-27 06:18:15,https://mo-www.cfa.harvard.edu/ImageDirectory/TRES-3260827061815.FITS,Main,60.00,Clear,TRES-3,Cecilia,AZ,moguest,False,session_01,observations\2026-08-27\TRES-3\session_01\TRES-3260827061815.fits,downloaded,656640
TRES-3260827062115,2026-08-27 06:21:15,https://mo-www.cfa.harvard.edu/ImageDirectory/TRES-3260827062115.FITS,Main,60.00,Clear,TRES-3,Cecilia,AZ,moguest,False,session_01,observations\2026-08-27\TRES-3\session_01\TRES-3260827062115.fits,downloaded,656640
TRES-3260827062415,2026-08-27 06:24:15,https://mo-www.cfa.harvard.edu/ImageDirectory/TRES-3260827062415.FITS,Main,60.00,Clear,TRES-3,Cecilia,AZ,moguest,False,session_01,observations\2026-08-27\TRES-3\session_01\TRES-3260827062415.fits,downloaded,656640
TRES-3260827062716,2026-08-27 06:27:16,https://mo-www.cfa.harvard.edu/ImageDirectory/TRES-3260827062716.FITS,Main,60.00,Clear,TRES-3,Cecilia,AZ,moguest,False,session_01,observations\2026-08-27\TRES-3\session_01\TRES-3260827062716.fits,downloaded,656640
TRES-3260827063015,2026-08-27 06:30:15,https://mo-www.cfa.harvard.edu/ImageDirectory/TRES-3260827063015.FITS,Main,60.00,Clear,TRES-3,Cecilia,AZ,moguest,False,session_01,observations\2026-08-27\TRES-3\session_01\TRES-3260827063015.fits,downloaded,656640
TRES-3260827063315,2026-08-27 06:33:15,https://mo-www.cfa.harvard.edu/ImageDirectory/TRES-3260827063315.FITS,Main,60.00,Clear,TRES-3,Cecilia,AZ,moguest,False,session_01,observations\2026-08-27\TRES-3\session_01\TRES-3260827063315.fits,downloaded,656640
TRES-3260827063615,2026-08-27 06:36:15,https://mo-www.cfa.harvard.edu/ImageDirectory/TRES-3260827063615.FITS,Main,60.00,Clear,TRES-3,Cecilia,AZ,moguest,False,session_01,observations\2026-08-27\TRES-3\session_01\TRES-3260827063615.fits,downloaded,656640
TRES-3260827063915,2026-08-27 06:39:15,https://mo-www.cfa.harvard.edu/ImageDirectory/TRES-3260827063915.FITS,Main,60.00,Clear,TRES-3,Cecilia,AZ,moguest,False,session_01,observations\2026-08-27\TRES-3\session_01\TRES-3260827063915.fits,downloaded,656640
TRES-3260827064215,2026-08-27 06:42:15,https://mo-www.cfa.harvard.edu/ImageDirectory/TRES-3260827064215.FITS,Main,60.00,Clear,TRES-3,Cecilia,AZ,moguest,False,session_01,observations\2026-08-27\TRES-3\session_01\TRES-3260827064215.fits,downloaded,656640
TRES-3260827064515,2026-08-27 06:45:15,https://mo-www.cfa.harvard.edu/ImageDirectory/TRES-3260827064515.FITS,Main,60.00,Clear,TRES-3,Cecilia,AZ,moguest,False,session_01,observations\2026-08-27\TRES-3\session_01\TRES-3260827064515.fits,downloaded,656640
TRES-3260827064815,2026-08-27 06:48:15,https://mo-www.cfa.harvard.edu/ImageDirectory/TRES-3260827064815.FITS,Main,60.00,Clear,TRES-3,Cecilia,AZ,moguest,False,session_01,observations\2026-08-27\TRES-3\session_01\TRES-3260827064815.fits,downloaded,656640
TRES-3260827065116,2026-08-27 06:51:16,https://mo-www.cfa.harvard.edu/ImageDirectory/TRES-3260827065116.FITS,Main,60.00,Clear,TRES-3,Cecilia,AZ,moguest,False,session_01,observations\2026-08-27\TRES-3\session_01\TRES-3260827065116.fits,downloaded,656640
TRES-3260827065416,2026-08-27 06:54:16,https://mo-www.cfa.harvard.edu/ImageDirectory/TRES-3260827065416.FITS,Main,60.00,Clear,TRES-3,Cecilia,AZ,moguest,False,session_01,observations\2026-08-27\TRES-3\session_01\TRES-3260827065416.fits,downloaded,656640
TRES-3260827065715,2026-08-27 06:57:15,https://mo-www.cfa.harvard.edu/ImageDirectory/TRES-3260827065715.FITS,Main,60.00,Clear,TRES-3,Cecilia,AZ,moguest,False,session_01,observations\2026-08-27\TRES-3\session_01\TRES-3260827065715.fits,downloaded,656640
TRES-3260827070015,2026-08-27 07:00:15,https://mo-www.cfa.harvard.edu/ImageDirectory/TRES-3260827070015.FITS,Main,60.00,Clear,TRES-3,Cecilia,AZ,moguest,False,session_01,observations\2026-08-27\TRES-3\session_01\TRES-3260827070015.fits,downloaded,656640
TRES-3260827070315,2026-08-27 07:03:15,https://mo-www.cfa.harvard.edu/ImageDirectory/TRES-3260827070315.FITS,Main,60.00,Clear,TRES-3,Cecilia,AZ,moguest,False,session_01,observations\2026-08-27\TRES-3\session_01\TRES-3260827070315.fits,downloaded,656640
TRES-3260827070615,2026-08-27 07:06:15,https://mo-www.cfa.harvard.edu/ImageDirectory/TRES-3260827070615.FITS,Main,60.00,Clear,TRES-3,Cecilia,AZ,moguest,False,session_01,observations\2026-08-27\TRES-3\session_01\TRES-3260827070615.fits,downloaded,656640
TRES-3260827070916,2026-08-27 07:09:16,https://mo-www.cfa.harvard.edu/ImageDirectory/TRES-3260827070916.FITS,Main,60.00,Clear,TRES-3,Cecilia,AZ,moguest,False,session_01,observations\2026-08-27\TRES-3\session_01\TRES-3260827070916.fits,downloaded,656640
TRES-3260827071215,2026-08-27 07:12:15,https://mo-www.cfa.harvard.edu/ImageDirectory/TRES-3260827071215.FITS,Main,60.00,Clear,TRES-3,Cecilia,AZ,moguest,False,session_01,observations\2026-08-27\TRES-3\session_01\TRES-3260827071215.fits,downloaded,656640
TRES-3260827071516,2026-08-27 07:15:16,https://mo-www.cfa.harvard.edu/ImageDirectory/TRES-3260827071516.FITS,Main,60.00,Clear,TRES-3,Cecilia,AZ,moguest,False,session_01,observations\2026-08-27\TRES-3\session_01\TRES-3260827071516.fits,downloaded,656640
TRES-3260827071816,2026-08-27 07:18:16,https://mo-www.cfa.harvard.edu/ImageDirectory/TRES-3260827071816.FITS,Main,60.00,Clear,TRES-3,Cecilia,AZ,moguest,False,session_01,observations\2026-08-27\TRES-3\session_01\TRES-3260827071816.fits,downloaded,656640
TRES-3260827072115,2026-08-27 07:21:15,https://mo-www.cfa.harvard.edu/ImageDirectory/TRES-3260827072115.FITS,Main,60.00,Clear,TRES-3,Cecilia,AZ,moguest,False,session_01,observations\2026-08-27\TRES-3\session_01\TRES-3260827072115.fits,downloaded,656640
TRES-3260827072416,2026-08-27 07:24:16,https://mo-www.cfa.harvard.edu/ImageDirectory/TRES-3260827072416.FITS,Main,60.00,Clear,TRES-3,Cecilia,AZ,moguest,False,session_01,observations\2026-08-27\TRES-3\session_01\TRES-3260827072416.fits,downloaded,656640
TRES-3260827072715,2026-08-27 07:27:15,https://mo-www.cfa.harvard.edu/ImageDirectory/TRES-3260827072715.FITS,Main,60.00,Clear,TRES-3,Cecilia,AZ,moguest,False,session_01,observations\2026-08-27\TRES-3\session_01\TRES-3260827072715.fits,downloaded,656640
TRES-3260827073015,2026-08-27 07:30:15,https://mo-www.cfa.harvard.edu/ImageDirectory/TRES-3260827073015.FITS,Main,60.00,Clear,TRES-3,Cecilia,AZ,moguest,False,session_01,observations\2026-08-27\TRES-3\session_01\TRES-3260827073015.fits,downloaded,656640
TRES-3260827073315,2026-08-27 07:33:15,https://mo-www.cfa.harvard.edu/ImageDirectory/TRES-3260827073315.FITS,Main,60.00,Clear,TRES-3,Cecilia,AZ,moguest,False,session_01,observations\2026-08-27\TRES-3\session_01\TRES-3260827073315.fits,downloaded,656640
TRES-3260827073616,2026-08-27 07:36:16,https://mo-www.cfa.harvard.edu/ImageDirectory/TRES-3260827073616.FITS,Main,60.00,Clear,TRES-3,Cecilia,AZ,moguest,False,session_01,observations\2026-08-27\TRES-3\session_01\TRES-3260827073616.fits,downloaded,656640
TRES-3260827073916,2026-08-27 07:39:16,https://mo-www.cfa.harvard.edu/ImageDirectory/TRES-3260827073916.FITS,Main,60.00,Clear,TRES-3,Cecilia,AZ,moguest,False,session_01,observations\2026-08-27\TRES-3\session_01\TRES-3260827073916.fits,downloaded,656640
TRES-3260827074215,2026-08-27 07:42:15,https://mo-www.cfa.harvard.edu/ImageDirectory/TRES-3260827074215.FITS,Main,60.00,Clear,TRES-3,Cecilia,AZ,moguest,False,session_01,observations\2026-08-27\TRES-3\session_01\TRES-3260827074215.fits,downloaded,656640
TRES-3260827074516,2026-08-27 07:45:16,https://mo-www.cfa.harvard.edu/ImageDirectory/TRES-3260827074516.FITS,Main,60.00,Clear,TRES-3,Cecilia,AZ,moguest,False,session_01,observations\2026-08-27\TRES-3\session_01\TRES-3260827074516.fits,downloaded,656640
TRES-3260827074816,2026-08-27 07:48:16,https://mo-www.cfa.harvard.edu/ImageDirectory/TRES-3260827074816.FITS,Main,60.00,Clear,TRES-3,Cecilia,AZ,moguest,False,session_01,observations\2026-08-27\TRES-3\session_01\TRES-3260827074816.fits,downloaded,656640
TRES-3260827075115,2026-08-27 07:51:15,https://mo-www.cfa.harvard.edu/ImageDirectory/TRES-3260827075115.FITS,Main,60.00,Clear,TRES-3,Cecilia,AZ,moguest,False,session_01,observations\2026-08-27\TRES-3\session_01\TRES-3260827075115.fits,downloaded,656640
TRES-3260827075415,2026-08-27 07:54:15,https://mo-www.cfa.harvard.edu/ImageDirectory/TRES-3260827075415.FITS,Main,60.00,Clear,TRES-3,Cecilia,AZ,moguest,False,session_01,observations\2026-08-27\TRES-3\session_01\TRES-3260827075415.fits,downloaded,656640
TRES-3260827075716,2026-08-27 07:57:16,https://mo-www.cfa.harvard.edu/ImageDirectory/TRES-3260827075716.FITS,Main,60.00,Clear,TRES-3,Cecilia,AZ,moguest,False,session_01,observations\2026-08-27\TRES-3\session_01\TRES-3260827075716.fits,downloaded,656640
TRES-3260827080016,2026-08-27 08:00:16,https://mo-www.cfa.harvard.edu/ImageDirectory/TRES-3260827080016.FITS,Main,60.00,Clear,TRES-3,Cecilia,AZ,moguest,False,session_01,observations\2026-08-27\TRES-3\session_01\TRES-3260827080016.fits,downloaded,656640
TRES-3260827080316,2026-08-27 08:03:16,https://mo-www.cfa.harvard.edu/ImageDirectory/TRES-3260827080316.FITS,Main,60.00,Clear,TRES-3,Cecilia,AZ,moguest,False,session_01,observations\2026-08-27\TRES-3\session_01\TRES-3260827080316.fits,downloaded,656640
TRES-3260827080615,2026-08-27 08:06:15,https://mo-www.cfa.harvard.edu/ImageDirectory/TRES-3260827080615.FITS,Main,60.00,Clear,TRES-3,Cecilia,AZ,moguest,False,session_01,observations\2026-08-27\TRES-3\session_01\TRES-3260827080615.fits,downloaded,656640
TRES-3260827080915,2026-08-27 08:09:15,https://mo-www.cfa.harvard.edu/ImageDirectory/TRES-3260827080915.FITS,Main,60.00,Clear,TRES-3,Cecilia,AZ,moguest,False,session_01,observations\2026-08-27\TRES-3\session_01\TRES-3260827080915.fits,downloaded,656640
TRES-3260827081216,2026-08-27 08:12:16,https://mo-www.cfa.harvard.edu/ImageDirectory/TRES-3260827081216.FITS,Main,60.00,Clear,TRES-3,Cecilia,AZ,moguest,False,session_01,observations\2026-08-27\TRES-3\session_01\TRES-3260827081216.fits,downloaded,656640
TRES-3260827081515,2026-08-27 08:15:15,https://mo-www.cfa.harvard.edu/ImageDirectory/TRES-3260827081515.FITS,Main,60.00,Clear,TRES-3,Cecilia,AZ,moguest,False,session_01,observations\2026-08-27\TRES-3\session_01\TRES-3260827081515.fits,downloaded,656640
TRES-3260827081815,2026-08-27 08:18:15,https://mo-www.cfa.harvard.edu/ImageDirectory/TRES-3260827081815.FITS,Main,60.00,Clear,TRES-3,Cecilia,AZ,moguest,False,session_01,observations\2026-08-27\TRES-3\session_01\TRES-3260827081815.fits,downloaded,656640
TRES-3260827082115,2026-08-27 08:21:15,https://mo-www.cfa.harvard.edu/ImageDirectory/TRES-3260827082115.FITS,Main,60.00,Clear,TRES-3,Cecilia,AZ,moguest,False,session_01,observations\2026-08-27\TRES-3\session_01\TRES-3260827082115.fits,downloaded,656640
TRES-3260827082415,2026-08-27 08:24:15,https://mo-www.cfa.harvard.edu/ImageDirectory/TRES-3260827082415.FITS,Main,60.00,Clear,TRES-3,Cecilia,AZ,moguest,False,session_01,observations\2026-08-27\TRES-3\session_01\TRES-3260827082415.fits,downloaded,656640
TRES-3260827082716,2026-08-27 08:27:16,https://mo-www.cfa.harvard.edu/ImageDirectory/TRES-3260827082716.FITS,Main,60.00,Clear,TRES-3,Cecilia,AZ,moguest,False,session_01,observations\2026-08-27\TRES-3\session_01\TRES-3260827082716.fits,downloaded,656640
TRES-3260827083015,2026-08-27 08:30:15,https://mo-www.cfa.harvard.edu/ImageDirectory/TRES-3260827083015.FITS,Main,60.00,Clear,TRES-3,Cecilia,AZ,moguest,False,session_01,observations\2026-08-27\TRES-3\session_01\TRES-3260827083015.fits,downloaded,656640
TRES-3260827083315,2026-08-27 08:33:15,https://mo-www.cfa.harvard.edu/ImageDirectory/TRES-3260827083315.FITS,Main,60.00,Clear,TRES-3,Cecilia,AZ,moguest,False,session_01,observations\2026-08-27\TRES-3\session_01\TRES-3260827083315.fits,downloaded,656640
TRES-3260827083616,2026-08-27 08:36:16,https://mo-www.cfa.harvard.edu/ImageDirectory/TRES-3260827083616.FITS,Main,60.00,Clear,TRES-3,Cecilia,AZ,moguest,False,session_01,observations\2026-08-27\TRES-3\session_01\TRES-3260827083616.fits,downloaded,656640
TRES-3260827083915,2026-08-27 08:39:15,https://mo-www.cfa.harvard.edu/ImageDirectory/TRES-3260827083915.FITS,Main,60.00,Clear,TRES-3,Cecilia,AZ,moguest,False,session_01,observations\2026-08-27\TRES-3\session_01\TRES-3260827083915.fits,downloaded,656640
TRES-3260827084215,2026-08-27 08:42:15,https://mo-www.cfa.harvard.edu/ImageDirectory/TRES-3260827084215.FITS,Main,60.00,Clear,TRES-3,Cecilia,AZ,moguest,False,session_01,observations\2026-08-27\TRES-3\session_01\TRES-3260827084215.fits,downloaded,656640
TRES-3260827084515,2026-08-27 08:45:15,https://mo-www.cfa.harvard.edu/ImageDirectory/TRES-3260827084515.FITS,Main,60.00,Clear,TRES-3,Cecilia,AZ,moguest,False,session_01,observations\2026-08-27\TRES-3\session_01\TRES-3260827084515.fits,downloaded,656640
TRES-3260827084816,2026-08-27 08:48:16,https://mo-www.cfa.harvard.edu/ImageDirectory/TRES-3260827084816.FITS,Main,60.00,Clear,TRES-3,Cecilia,AZ,moguest,False,session_01,observations\2026-08-27\TRES-3\session_01\TRES-3260827084816.fits,downloaded,656640
TRES-3260827085115,2026-08-27 08:51:15,https://mo-www.cfa.harvard.edu/ImageDirectory/TRES-3260827085115.FITS,Main,60.00,Clear,TRES-3,Cecilia,AZ,moguest,False,session_01,observations\2026-08-27\TRES-3\session_01\TRES-3260827085115.fits,downloaded,656640
TRES-3260827085415,2026-08-27 08:54:15,https://mo-www.cfa.harvard.edu/ImageDirectory/TRES-3260827085415.FITS,Main,60.00,Clear,TRES-3,Cecilia,AZ,moguest,False,session_01,observations\2026-08-27\TRES-3\session_01\TRES-3260827085415.fits,downloaded,656640
TRES-3260827085715,2026-08-27 08:57:16,https://mo-www.cfa.harvard.edu/ImageDirectory/TRES-3260827085715.FITS,Main,60.00,Clear,TRES-3,Cecilia,AZ,moguest,False,session_01,observations\2026-08-27\TRES-3\session_01\TRES-3260827085715.fits,downloaded,656640
TRES-3260827090015,2026-08-27 09:00:15,https://mo-www.cfa.harvard.edu/ImageDirectory/TRES-3260827090015.FITS,Main,60.00,Clear,TRES-3,Cecilia,AZ,moguest,False,session_01,observations\2026-08-27\TRES-3\session_01\TRES-3260827090015.fits,downloaded,656640
TRES-3260827090316,2026-08-27 09:03:16,https://mo-www.cfa.harvard.edu/ImageDirectory/TRES-3260827090316.FITS,Main,60.00,Clear,TRES-3,Cecilia,AZ,moguest,False,session_01,observations\2026-08-27\TRES-3\session_01\TRES-3260827090316.fits,downloaded,656640
TRES-3260827090617,2026-08-27 09:06:17,https://mo-www.cfa.harvard.edu/ImageDirectory/TRES-3260827090617.FITS,Main,60.00,Clear,TRES-3,Cecilia,AZ,moguest,False,session_01,observations\2026-08-27\TRES-3\session_01\TRES-3260827090617.fits,downloaded,656640
TRES-3260831034710,2026-08-31 03:47:10,https://mo-www.cfa.harvard.edu/ImageDirectory/TRES-3260831034710.FITS,Main,60.00,Clear,TRES-3,Cecilia,AZ,moguest,False,session_01,observations\2026-08-31\TRES-3\session_01\TRES-3260831034710.fits,downloaded,656640
TRES-3260831034855,2026-08-31 03:48:55,https://mo-www.cfa.harvard.edu/ImageDirectory/TRES-3260831034855.FITS,Main,60.00,Clear,TRES-3,Cecilia,AZ,moguest,False,session_01,observations\2026-08-31\TRES-3\session_01\TRES-3260831034855.fits,downloaded,656640
TRES-3260831035040,2026-08-31 03:50:40,https://mo-www.cfa.harvard.edu/ImageDirectory/TRES-3260831035040.FITS,Main,60.00,Clear,TRES-3,Cecilia,AZ,moguest,False,session_01,observations\2026-08-31\TRES-3\session_01\TRES-3260831035040.fits,downloaded,656640
TRES-3260831035224,2026-08-31 03:52:24,https://mo-www.cfa.harvard.edu/ImageDirectory/TRES-3260831035224.FITS,Main,60.00,Clear,TRES-3,Cecilia,AZ,moguest,False,session_01,observations\2026-08-31\TRES-3\session_01\TRES-3260831035224.fits,downloaded,656640
TRES-3260831035416,2026-08-31 03:54:16,https://mo-www.cfa.harvard.edu/ImageDirectory/TRES-3260831035416.FITS,Main,60.00,Clear,TRES-3,Cecilia,AZ,moguest,False,session_01,observations\2026-08-31\TRES-3\session_01\TRES-3260831035416.fits,downloaded,656640
TRES-3260831035715,2026-08-31 03:57:15,https://mo-www.cfa.harvard.edu/ImageDirectory/TRES-3260831035715.FITS,Main,60.00,Clear,TRES-3,Cecilia,AZ,moguest,False,session_01,observations\2026-08-31\TRES-3\session_01\TRES-3260831035715.fits,downloaded,656640
TRES-3260831040015,2026-08-31 04:00:15,https://mo-www.cfa.harvard.edu/ImageDirectory/TRES-3260831040015.FITS,Main,60.00,Clear,TRES-3,Cecilia,AZ,moguest,False,session_01,observations\2026-08-31\TRES-3\session_01\TRES-3260831040015.fits,downloaded,656640
TRES-3260831040315,2026-08-31 04:03:15,https://mo-www.cfa.harvard.edu/ImageDirectory/TRES-3260831040315.FITS,Main,60.00,Clear,TRES-3,Cecilia,AZ,moguest,False,session_01,observations\2026-08-31\TRES-3\session_01\TRES-3260831040315.fits,downloaded,656640
TRES-3260831040615,2026-08-31 04:06:15,https://mo-www.cfa.harvard.edu/ImageDirectory/TRES-3260831040615.FITS,Main,60.00,Clear,TRES-3,Cecilia,AZ,moguest,False,session_01,observations\2026-08-31\TRES-3\session_01\TRES-3260831040615.fits,downloaded,656640
TRES-3260831040916,2026-08-31 04:09:16,https://mo-www.cfa.harvard.edu/ImageDirectory/TRES-3260831040916.FITS,Main,60.00,Clear,TRES-3,Cecilia,AZ,moguest,False,session_01,observations\2026-08-31\TRES-3\session_01\TRES-3260831040916.fits,downloaded,656640
TRES-3260831041215,2026-08-31 04:12:15,https://mo-www.cfa.harvard.edu/ImageDirectory/TRES-3260831041215.FITS,Main,60.00,Clear,TRES-3,Cecilia,AZ,moguest,False,session_01,observations\2026-08-31\TRES-3\session_01\TRES-3260831041215.fits,downloaded,656640
TRES-3260831041515,2026-08-31 04:15:15,https://mo-www.cfa.harvard.edu/ImageDirectory/TRES-3260831041515.FITS,Main,60.00,Clear,TRES-3,Cecilia,AZ,moguest,False,session_01,observations\2026-08-31\TRES-3\session_01\TRES-3260831041515.fits,downloaded,656640
TRES-3260831041816,2026-08-31 04:18:16,https://mo-www.cfa.harvard.edu/ImageDirectory/TRES-3260831041816.FITS,Main,60.00,Clear,TRES-3,Cecilia,AZ,moguest,False,session_01,observations\2026-08-31\TRES-3\session_01\TRES-3260831041816.fits,downloaded,656640
TRES-3260831042115,2026-08-31 04:21:15,https://mo-www.cfa.harvard.edu/ImageDirectory/TRES-3260831042115.FITS,Main,60.00,Clear,TRES-3,Cecilia,AZ,moguest,False,session_01,observations\2026-08-31\TRES-3\session_01\TRES-3260831042115.fits,downloaded,656640
TRES-3260831042415,2026-08-31 04:24:15,https://mo-www.cfa.harvard.edu/ImageDirectory/TRES-3260831042415.FITS,Main,60.00,Clear,TRES-3,Cecilia,AZ,moguest,False,session_01,observations\2026-08-31\TRES-3\session_01\TRES-3260831042415.fits,downloaded,656640
TRES-3260831042715,2026-08-31 04:27:15,https://mo-www.cfa.harvard.edu/ImageDirectory/TRES-3260831042715.FITS,Main,60.00,Clear,TRES-3,Cecilia,AZ,moguest,False,session_01,observations\2026-08-31\TRES-3\session_01\TRES-3260831042715.fits,downloaded,656640
TRES-3260831043015,2026-08-31 04:30:15,https://mo-www.cfa.harvard.edu/ImageDirectory/TRES-3260831043015.FITS,Main,60.00,Clear,TRES-3,Cecilia,AZ,moguest,False,session_01,observations\2026-08-31\TRES-3\session_01\TRES-3260831043015.fits,downloaded,656640
TRES-3260831043315,2026-08-31 04:33:15,https://mo-www.cfa.harvard.edu/ImageDirectory/TRES-3260831043315.FITS,Main,60.00,Clear,TRES-3,Cecilia,AZ,moguest,False,session_01,observations\2026-08-31\TRES-3\session_01\TRES-3260831043315.fits,downloaded,656640
TRES-3260831043616,2026-08-31 04:36:16,https://mo-www.cfa.harvard.edu/ImageDirectory/TRES-3260831043616.FITS,Main,60.00,Clear,TRES-3,Cecilia,AZ,moguest,False,session_01,observations\2026-08-31\TRES-3\session_01\TRES-3260831043616.fits,downloaded,656640
TRES-3260831043917,2026-08-31 04:39:17,https://mo-www.cfa.harvard.edu/ImageDirectory/TRES-3260831043917.FITS,Main,60.00,Clear,TRES-3,Cecilia,AZ,moguest,False,session_01,observations\2026-08-31\TRES-3\session_01\TRES-3260831043917.fits,downloaded,656640
TRES-3260831044215,2026-08-31 04:42:15,https://mo-www.cfa.harvard.edu/ImageDirectory/TRES-3260831044215.FITS,Main,60.00,Clear,TRES-3,Cecilia,AZ,moguest,False,session_01,observations\2026-08-31\TRES-3\session_01\TRES-3260831044215.fits,downloaded,656640
TRES-3260831044516,2026-08-31 04:45:16,https://mo-www.cfa.harvard.edu/ImageDirectory/TRES-3260831044516.FITS,Main,60.00,Clear,TRES-3,Cecilia,AZ,moguest,False,session_01,observations\2026-08-31\TRES-3\session_01\TRES-3260831044516.fits,downloaded,656640
TRES-3260831044816,2026-08-31 04:48:16,https://mo-www.cfa.harvard.edu/ImageDirectory/TRES-3260831044816.FITS,Main,60.00,Clear,TRES-3,Cecilia,AZ,moguest,False,session_01,observations\2026-08-31\TRES-3\session_01\TRES-3260831044816.fits,downloaded,656640
TRES-3260831045115,2026-08-31 04:51:15,https://mo-www.cfa.harvard.edu/ImageDirectory/TRES-3260831045115.FITS,Main,60.00,Clear,TRES-3,Cecilia,AZ,moguest,False,session_01,observations\2026-08-31\TRES-3\session_01\TRES-3260831045115.fits,downloaded,656640
TRES-3260831045415,2026-08-31 04:54:15,https://mo-www.cfa.harvard.edu/ImageDirectory/TRES-3260831045415.FITS,Main,60.00,Clear,TRES-3,Cecilia,AZ,moguest,False,session_01,observations\2026-08-31\TRES-3\session_01\TRES-3260831045415.fits,downloaded,656640
TRES-3260831045716,2026-08-31 04:57:16,https://mo-www.cfa.harvard.edu/ImageDirectory/TRES-3260831045716.FITS,Main,60.00,Clear,TRES-3,Cecilia,AZ,moguest,False,session_01,observations\2026-08-31\TRES-3\session_01\TRES-3260831045716.fits,downloaded,656640
TRES-3260831050016,2026-08-31 05:00:16,https://mo-www.cfa.harvard.edu/ImageDirectory/TRES-3260831050016.FITS,Main,60.00,Clear,TRES-3,Cecilia,AZ,moguest,False,session_01,observations\2026-08-31\TRES-3\session_01\TRES-3260831050016.fits,downloaded,656640
TRES-3260831050315,2026-08-31 05:03:15,https://mo-www.cfa.harvard.edu/ImageDirectory/TRES-3260831050315.FITS,Main,60.00,Clear,TRES-3,Cecilia,AZ,moguest,False,session_01,observations\2026-08-31\TRES-3\session_01\TRES-3260831050315.fits,downloaded,656640
TRES-3260831050615,2026-08-31 05:06:15,https://mo-www.cfa.harvard.edu/ImageDirectory/TRES-3260831050615.FITS,Main,60.00,Clear,TRES-3,Cecilia,AZ,moguest,False,session_01,observations\2026-08-31\TRES-3\session_01\TRES-3260831050615.fits,downloaded,656640
TRES-3260831050915,2026-08-31 05:09:15,https://mo-www.cfa.harvard.edu/ImageDirectory/TRES-3260831050915.FITS,Main,60.00,Clear,TRES-3,Cecilia,AZ,moguest,False,session_01,observations\2026-08-31\TRES-3\session_01\TRES-3260831050915.fits,downloaded,656640
TRES-3260831051216,2026-08-31 05:12:16,https://mo-www.cfa.harvard.edu/ImageDirectory/TRES-3260831051216.FITS,Main,60.00,Clear,TRES-3,Cecilia,AZ,moguest,False,session_01,observations\2026-08-31\TRES-3\session_01\TRES-3260831051216.fits,downloaded,656640
TRES-3260831051515,2026-08-31 05:15:15,https://mo-www.cfa.harvard.edu/ImageDirectory/TRES-3260831051515.FITS,Main,60.00,Clear,TRES-3,Cecilia,AZ,moguest,False,session_01,observations\2026-08-31\TRES-3\session_01\TRES-3260831051515.fits,downloaded,656640
TRES-3260831051816,2026-08-31 05:18:16,https://mo-www.cfa.harvard.edu/ImageDirectory/TRES-3260831051816.FITS,Main,60.00,Clear,TRES-3,Cecilia,AZ,moguest,False,session_01,observations\2026-08-31\TRES-3\session_01\TRES-3260831051816.fits,downloaded,656640
TRES-3260831052116,2026-08-31 05:21:16,https://mo-www.cfa.harvard.edu/ImageDirectory/TRES-3260831052116.FITS,Main,60.00,Clear,TRES-3,Cecilia,AZ,moguest,False,session_01,observations\2026-08-31\TRES-3\session_01\TRES-3260831052116.fits,downloaded,656640
TRES-3260831052416,2026-08-31 05:24:16,https://mo-www.cfa.harvard.edu/ImageDirectory/TRES-3260831052416.FITS,Main,60.00,Clear,TRES-3,Cecilia,AZ,moguest,False,session_01,observations\2026-08-31\TRES-3\session_01\TRES-3260831052416.fits,downloaded,656640
TRES-3260831052715,2026-08-31 05:27:15,https://mo-www.cfa.harvard.edu/ImageDirectory/TRES-3260831052715.FITS,Main,60.00,Clear,TRES-3,Cecilia,AZ,moguest,False,session_01,observations\2026-08-31\TRES-3\session_01\TRES-3260831052715.fits,downloaded,656640
TRES-3260831053016,2026-08-31 05:30:16,https://mo-www.cfa.harvard.edu/ImageDirectory/TRES-3260831053016.FITS,Main,60.00,Clear,TRES-3,Cecilia,AZ,moguest,False,session_01,observations\2026-08-31\TRES-3\session_01\TRES-3260831053016.fits,downloaded,656640
TRES-3260831053316,2026-08-31 05:33:16,https://mo-www.cfa.harvard.edu/ImageDirectory/TRES-3260831053316.FITS,Main,60.00,Clear,TRES-3,Cecilia,AZ,moguest,False,session_01,observations\2026-08-31\TRES-3\session_01\TRES-3260831053316.fits,downloaded,656640
TRES-3260831053616,2026-08-31 05:36:16,https://mo-www.cfa.harvard.edu/ImageDirectory/TRES-3260831053616.FITS,Main,60.00,Clear,TRES-3,Cecilia,AZ,moguest,False,session_01,observations\2026-08-31\TRES-3\session_01\TRES-3260831053616.fits,downloaded,656640
TRES-3260831053915,2026-08-31 05:39:15,https://mo-www.cfa.harvard.edu/ImageDirectory/TRES-3260831053915.FITS,Main,60.00,Clear,TRES-3,Cecilia,AZ,moguest,False,session_01,observations\2026-08-31\TRES-3\session_01\TRES-3260831053915.fits,downloaded,656640
TRES-3260831054215,2026-08-31 05:42:15,https://mo-www.cfa.harvard.edu/ImageDirectory/TRES-3260831054215.FITS,Main,60.00,Clear,TRES-3,Cecilia,AZ,moguest,False,session_01,observations\2026-08-31\TRES-3\session_01\TRES-3260831054215.fits,downloaded,656640
TRES-3260831054516,2026-08-31 05:45:16,https://mo-www.cfa.harvard.edu/ImageDirectory/TRES-3260831054516.FITS,Main,60.00,Clear,TRES-3,Cecilia,AZ,moguest,False,session_01,observations\2026-08-31\TRES-3\session_01\TRES-3260831054516.fits,downloaded,656640
TRES-3260831054815,2026-08-31 05:48:15,https://mo-www.cfa.harvard.edu/ImageDirectory/TRES-3260831054815.FITS,Main,60.00,Clear,TRES-3,Cecilia,AZ,moguest,False,session_01,observations\2026-08-31\TRES-3\session_01\TRES-3260831054815.fits,downloaded,656640
TRES-3260831055116,2026-08-31 05:51:16,https://mo-www.cfa.harvard.edu/ImageDirectory/TRES-3260831055116.FITS,Main,60.00,Clear,TRES-3,Cecilia,AZ,moguest,False,session_01,observations\2026-08-31\TRES-3\session_01\TRES-3260831055116.fits,downloaded,656640
TRES-3260831055415,2026-08-31 05:54:15,https://mo-www.cfa.harvard.edu/ImageDirectory/TRES-3260831055415.FITS,Main,60.00,Clear,TRES-3,Cecilia,AZ,moguest,False,session_01,observations\2026-08-31\TRES-3\session_01\TRES-3260831055415.fits,downloaded,656640
TRES-3260831055715,2026-08-31 05:57:15,https://mo-www.cfa.harvard.edu/ImageDirectory/TRES-3260831055715.FITS,Main,60.00,Clear,TRES-3,Cecilia,AZ,moguest,False,session_01,observations\2026-08-31\TRES-3\session_01\TRES-3260831055715.fits,downloaded,656640
TRES-3260831060015,2026-08-31 06:00:15,https://mo-www.cfa.harvard.edu/ImageDirectory/TRES-3260831060015.FITS,Main,60.00,Clear,TRES-3,Cecilia,AZ,moguest,False,session_01,observations\2026-08-31\TRES-3\session_01\TRES-3260831060015.fits,downloaded,656640
TRES-3260831060315,2026-08-31 06:03:15,https://mo-www.cfa.harvard.edu/ImageDirectory/TRES-3260831060315.FITS,Main,60.00,Clear,TRES-3,Cecilia,AZ,moguest,False,session_01,observations\2026-08-31\TRES-3\session_01\TRES-3260831060315.fits,downloaded,656640
TRES-3260831060616,2026-08-31 06:06:16,https://mo-www.cfa.harvard.edu/ImageDirectory/TRES-3260831060616.FITS,Main,60.00,Clear,TRES-3,Cecilia,AZ,moguest,False,session_01,observations\2026-08-31\TRES-3\session_01\TRES-3260831060616.fits,downloaded,656640
TRES-3260831060916,2026-08-31 06:09:16,https://mo-www.cfa.harvard.edu/ImageDirectory/TRES-3260831060916.FITS,Main,60.00,Clear,TRES-3,Cecilia,AZ,moguest,False,session_01,observations\2026-08-31\TRES-3\session_01\TRES-3260831060916.fits,downloaded,656640
TRES-3260831061215,2026-08-31 06:12:15,https://mo-www.cfa.harvard.edu/ImageDirectory/TRES-3260831061215.FITS,Main,60.00,Clear,TRES-3,Cecilia,AZ,moguest,False,session_01,observations\2026-08-31\TRES-3\session_01\TRES-3260831061215.fits,downloaded,656640
TRES-3260831061515,2026-08-31 06:15:15,https://mo-www.cfa.harvard.edu/ImageDirectory/TRES-3260831061515.FITS,Main,60.00,Clear,TRES-3,Cecilia,AZ,moguest,False,session_01,observations\2026-08-31\TRES-3\session_01\TRES-3260831061515.fits,downloaded,656640
TRES-3260831061815,2026-08-31 06:18:15,https://mo-www.cfa.harvard.edu/ImageDirectory/TRES-3260831061815.FITS,Main,60.00,Clear,TRES-3,Cecilia,AZ,moguest,False,session_01,observations\2026-08-31\TRES-3\session_01\TRES-3260831061815.fits,downloaded,656640
TRES-3260831062115,2026-08-31 06:21:15,https://mo-www.cfa.harvard.edu/ImageDirectory/TRES-3260831062115.FITS,Main,60.00,Clear,TRES-3,Cecilia,AZ,moguest,False,session_01,observations\2026-08-31\TRES-3\session_01\TRES-3260831062115.fits,downloaded,656640
TRES-3260831062415,2026-08-31 06:24:15,https://mo-www.cfa.harvard.edu/ImageDirectory/TRES-3260831062415.FITS,Main,60.00,Clear,TRES-3,Cecilia,AZ,moguest,False,session_01,observations\2026-08-31\TRES-3\session_01\TRES-3260831062415.fits,downloaded,656640
TRES-3260831062715,2026-08-31 06:27:15,https://mo-www.cfa.harvard.edu/ImageDirectory/TRES-3260831062715.FITS,Main,60.00,Clear,TRES-3,Cecilia,AZ,moguest,False,session_01,observations\2026-08-31\TRES-3\session_01\TRES-3260831062715.fits,downloaded,656640
TRES-3260831063016,2026-08-31 06:30:16,https://mo-www.cfa.harvard.edu/ImageDirectory/TRES-3260831063016.FITS,Main,60.00,Clear,TRES-3,Cecilia,AZ,moguest,False,session_01,observations\2026-08-31\TRES-3\session_01\TRES-3260831063016.fits,downloaded,656640
TRES-3260831063315,2026-08-31 06:33:15,https://mo-www.cfa.harvard.edu/ImageDirectory/TRES-3260831063315.FITS,Main,60.00,Clear,TRES-3,Cecilia,AZ,moguest,False,session_01,observations\2026-08-31\TRES-3\session_01\TRES-3260831063315.fits,downloaded,656640
TRES-3260831063615,2026-08-31 06:36:15,https://mo-www.cfa.harvard.edu/ImageDirectory/TRES-3260831063615.FITS,Main,60.00,Clear,TRES-3,Cecilia,AZ,moguest,False,session_01,observations\2026-08-31\TRES-3\session_01\TRES-3260831063615.fits,downloaded,656640
TRES-3260831063915,2026-08-31 06:39:15,https://mo-www.cfa.harvard.edu/ImageDirectory/TRES-3260831063915.FITS,Main,60.00,Clear,TRES-3,Cecilia,AZ,moguest,False,session_01,observations\2026-08-31\TRES-3\session_01\TRES-3260831063915.fits,downloaded,656640
TRES-3260831064215,2026-08-31 06:42:15,https://mo-www.cfa.harvard.edu/ImageDirectory/TRES-3260831064215.FITS,Main,60.00,Clear,TRES-3,Cecilia,AZ,moguest,False,session_01,observations\2026-08-31\TRES-3\session_01\TRES-3260831064215.fits,downloaded,656640
TRES-3260831064515,2026-08-31 06:45:15,https://mo-www.cfa.harvard.edu/ImageDirectory/TRES-3260831064515.FITS,Main,60.00,Clear,TRES-3,Cecilia,AZ,moguest,False,session_01,observations\2026-08-31\TRES-3\session_01\TRES-3260831064515.fits,downloaded,656640
TRES-3260831064815,2026-08-31 06:48:15,https://mo-www.cfa.harvard.edu/ImageDirectory/TRES-3260831064815.FITS,Main,60.00,Clear,TRES-3,Cecilia,AZ,moguest,False,session_01,observations\2026-08-31\TRES-3\session_01\TRES-3260831064815.fits,downloaded,656640
TRES-3260831065115,2026-08-31 06:51:15,https://mo-www.cfa.harvard.edu/ImageDirectory/TRES-3260831065115.FITS,Main,60.00,Clear,TRES-3,Cecilia,AZ,moguest,False,session_01,observations\2026-08-31\TRES-3\session_01\TRES-3260831065115.fits,downloaded,656640
TRES-3260831065415,2026-08-31 06:54:15,https://mo-www.cfa.harvard.edu/ImageDirectory/TRES-3260831065415.FITS,Main,60.00,Clear,TRES-3,Cecilia,AZ,moguest,False,session_01,observations\2026-08-31\TRES-3\session_01\TRES-3260831065415.fits,downloaded,656640
TRES-3260831065716,2026-08-31 06:57:16,https://mo-www.cfa.harvard.edu/ImageDirectory/TRES-3260831065716.FITS,Main,60.00,Clear,TRES-3,Cecilia,AZ,moguest,False,session_01,observations\2026-08-31\TRES-3\session_01\TRES-3260831065716.fits,downloaded,656640
TRES-3260831070015,2026-08-31 07:00:15,https://mo-www.cfa.harvard.edu/ImageDirectory/TRES-3260831070015.FITS,Main,60.00,Clear,TRES-3,Cecilia,AZ,moguest,False,session_01,observations\2026-08-31\TRES-3\session_01\TRES-3260831070015.fits,downloaded,656640
TRES-3260831070315,2026-08-31 07:03:15,https://mo-www.cfa.harvard.edu/ImageDirectory/TRES-3260831070315.FITS,Main,60.00,Clear,TRES-3,Cecilia,AZ,moguest,False,session_01,observations\2026-08-31\TRES-3\session_01\TRES-3260831070315.fits,downloaded,656640
TRES-3260831070615,2026-08-31 07:06:15,https://mo-www.cfa.harvard.edu/ImageDirectory/TRES-3260831070615.FITS,Main,60.00,Clear,TRES-3,Cecilia,AZ,moguest,False,session_01,observations\2026-08-31\TRES-3\session_01\TRES-3260831070615.fits,downloaded,656640
TRES-3260831070915,2026-08-31 07:09:15,https://mo-www.cfa.harvard.edu/ImageDirectory/TRES-3260831070915.FITS,Main,60.00,Clear,TRES-3,Cecilia,AZ,moguest,False,session_01,observations\2026-08-31\TRES-3\session_01\TRES-3260831070915.fits,downloaded,656640
TRES-5260817091750,2026-08-17 09:17:50,https://mo-www.cfa.harvard.edu/ImageDirectory/TRES-5260817091750.FITS,Main,60.00,Clear,TRES-5,Cecilia,AZ,moguest,False,session_01,observations\2026-08-17\TRES-5\session_01\TRES-5260817091750.fits,downloaded,656640
TRES-5260817092423,2026-08-17 09:24:23,https://mo-www.cfa.harvard.edu/ImageDirectory/TRES-5260817092423.FITS,Main,60.00,Clear,TRES-5,Cecilia,AZ,moguest,False,session_01,observations\2026-08-17\TRES-5\session_01\TRES-5260817092423.fits,downloaded,656640
TRES-5260817092606,2026-08-17 09:26:06,https://mo-www.cfa.harvard.edu/ImageDirectory/TRES-5260817092606.FITS,Main,60.00,Clear,TRES-5,Cecilia,AZ,moguest,False,session_01,observations\2026-08-17\TRES-5\session_01\TRES-5260817092606.fits,downloaded,656640
TRES-5260817093238,2026-08-17 09:32:38,https://mo-www.cfa.harvard.edu/ImageDirectory/TRES-5260817093238.FITS,Main,60.00,Clear,TRES-5,Cecilia,AZ,moguest,False,session_01,observations\2026-08-17\TRES-5\session_01\TRES-5260817093238.fits,downloaded,656640
TRES-5260817093730,2026-08-17 09:37:30,https://mo-www.cfa.harvard.edu/ImageDirectory/TRES-5260817093730.FITS,Main,60.00,Clear,TRES-5,Cecilia,AZ,moguest,False,session_01,observations\2026-08-17\TRES-5\session_01\TRES-5260817093730.fits,downloaded,656640
TRES-5260817093914,2026-08-17 09:39:14,https://mo-www.cfa.harvard.edu/ImageDirectory/TRES-5260817093914.FITS,Main,60.00,Clear,TRES-5,Cecilia,AZ,moguest,False,session_01,observations\2026-08-17\TRES-5\session_01\TRES-5260817093914.fits,downloaded,656640
TRES-5260817094059,2026-08-17 09:40:59,https://mo-www.cfa.harvard.edu/ImageDirectory/TRES-5260817094059.FITS,Main,60.00,Clear,TRES-5,Cecilia,AZ,moguest,False,session_01,observations\2026-08-17\TRES-5\session_01\TRES-5260817094059.fits,downloaded,656640
TRES-5260817094242,2026-08-17 09:42:42,https://mo-www.cfa.harvard.edu/ImageDirectory/TRES-5260817094242.FITS,Main,60.00,Clear,TRES-5,Cecilia,AZ,moguest,False,session_01,observations\2026-08-17\TRES-5\session_01\TRES-5260817094242.fits,downloaded,656640
TRES-5260817094427,2026-08-17 09:44:27,https://mo-www.cfa.harvard.edu/ImageDirectory/TRES-5260817094427.FITS,Main,60.00,Clear,TRES-5,Cecilia,AZ,moguest,False,session_01,observations\2026-08-17\TRES-5\session_01\TRES-5260817094427.fits,downloaded,656640
TRES-5260817094610,2026-08-17 09:46:10,https://mo-www.cfa.harvard.edu/ImageDirectory/TRES-5260817094610.FITS,Main,60.00,Clear,TRES-5,Cecilia,AZ,moguest,False,session_01,observations\2026-08-17\TRES-5\session_01\TRES-5260817094610.fits,downloaded,656640
TRES-5260817094753,2026-08-17 09:47:53,https://mo-www.cfa.harvard.edu/ImageDirectory/TRES-5260817094753.FITS,Main,60.00,Clear,TRES-5,Cecilia,AZ,moguest,False,session_01,observations\2026-08-17\TRES-5\session_01\TRES-5260817094753.fits,downloaded,656640
TRES-5260817094938,2026-08-17 09:49:38,https://mo-www.cfa.harvard.edu/ImageDirectory/TRES-5260817094938.FITS,Main,60.00,Clear,TRES-5,Cecilia,AZ,moguest,False,session_01,observations\2026-08-17\TRES-5\session_01\TRES-5260817094938.fits,downloaded,656640
TRES-5260817095122,2026-08-17 09:51:22,https://mo-www.cfa.harvard.edu/ImageDirectory/TRES-5260817095122.FITS,Main,60.00,Clear,TRES-5,Cecilia,AZ,moguest,False,session_01,observations\2026-08-17\TRES-5\session_01\TRES-5260817095122.fits,downloaded,656640
TRES-5260817095415,2026-08-17 09:54:15,https://mo-www.cfa.harvard.edu/ImageDirectory/TRES-5260817095415.FITS,Main,60.00,Clear,TRES-5,Cecilia,AZ,moguest,False,session_01,observations\2026-08-17\TRES-5\session_01\TRES-5260817095415.fits,downloaded,656640
TRES-5260817095716,2026-08-17 09:57:16,https://mo-www.cfa.harvard.edu/ImageDirectory/TRES-5260817095716.FITS,Main,60.00,Clear,TRES-5,Cecilia,AZ,moguest,False,session_01,observations\2026-08-17\TRES-5\session_01\TRES-5260817095716.fits,downloaded,656640
TRES-5260817100015,2026-08-17 10:00:15,https://mo-www.cfa.harvard.edu/ImageDirectory/TRES-5260817100015.FITS,Main,60.00,Clear,TRES-5,Cecilia,AZ,moguest,False,session_01,observations\2026-08-17\TRES-5\session_01\TRES-5260817100015.fits,downloaded,656640
TRES-5260817100315,2026-08-17 10:03:15,https://mo-www.cfa.harvard.edu/ImageDirectory/TRES-5260817100315.FITS,Main,60.00,Clear,TRES-5,Cecilia,AZ,moguest,False,session_01,observations\2026-08-17\TRES-5\session_01\TRES-5260817100315.fits,downloaded,656640
TRES-5260817100616,2026-08-17 10:06:16,https://mo-www.cfa.harvard.edu/ImageDirectory/TRES-5260817100616.FITS,Main,60.00,Clear,TRES-5,Cecilia,AZ,moguest,False,session_01,observations\2026-08-17\TRES-5\session_01\TRES-5260817100616.fits,downloaded,656640
TRES-5260817100915,2026-08-17 10:09:15,https://mo-www.cfa.harvard.edu/ImageDirectory/TRES-5260817100915.FITS,Main,60.00,Clear,TRES-5,Cecilia,AZ,moguest,False,session_01,observations\2026-08-17\TRES-5\session_01\TRES-5260817100915.fits,downloaded,656640
TRES-5260817101216,2026-08-17 10:12:16,https://mo-www.cfa.harvard.edu/ImageDirectory/TRES-5260817101216.FITS,Main,60.00,Clear,TRES-5,Cecilia,AZ,moguest,False,session_01,observations\2026-08-17\TRES-5\session_01\TRES-5260817101216.fits,downloaded,656640
TRES-5260817101515,2026-08-17 10:15:15,https://mo-www.cfa.harvard.edu/ImageDirectory/TRES-5260817101515.FITS,Main,60.00,Clear,TRES-5,Cecilia,AZ,moguest,False,session_01,observations\2026-08-17\TRES-5\session_01\TRES-5260817101515.fits,downloaded,656640
TRES-5260817101815,2026-08-17 10:18:15,https://mo-www.cfa.harvard.edu/ImageDirectory/TRES-5260817101815.FITS,Main,60.00,Clear,TRES-5,Cecilia,AZ,moguest,False,session_01,observations\2026-08-17\TRES-5\session_01\TRES-5260817101815.fits,downloaded,656640
TRES-5260817102116,2026-08-17 10:21:16,https://mo-www.cfa.harvard.edu/ImageDirectory/TRES-5260817102116.FITS,Main,60.00,Clear,TRES-5,Cecilia,AZ,moguest,False,session_01,observations\2026-08-17\TRES-5\session_01\TRES-5260817102116.fits,downloaded,656640
TRES-5260817102415,2026-08-17 10:24:15,https://mo-www.cfa.harvard.edu/ImageDirectory/TRES-5260817102415.FITS,Main,60.00,Clear,TRES-5,Cecilia,AZ,moguest,False,session_01,observations\2026-08-17\TRES-5\session_01\TRES-5260817102415.fits,downloaded,656640
TRES-5260817102715,2026-08-17 10:27:15,https://mo-www.cfa.harvard.edu/ImageDirectory/TRES-5260817102715.FITS,Main,60.00,Clear,TRES-5,Cecilia,AZ,moguest,False,session_01,observations\2026-08-17\TRES-5\session_01\TRES-5260817102715.fits,downloaded,656640
TRES-5260817103015,2026-08-17 10:30:15,https://mo-www.cfa.harvard.edu/ImageDirectory/TRES-5260817103015.FITS,Main,60.00,Clear,TRES-5,Cecilia,AZ,moguest,False,session_01,observations\2026-08-17\TRES-5\session_01\TRES-5260817103015.fits,downloaded,656640
TRES-5260817103316,2026-08-17 10:33:16,https://mo-www.cfa.harvard.edu/ImageDirectory/TRES-5260817103316.FITS,Main,60.00,Clear,TRES-5,Cecilia,AZ,moguest,False,session_01,observations\2026-08-17\TRES-5\session_01\TRES-5260817103316.fits,downloaded,656640
TRES-5260817103616,2026-08-17 10:36:16,https://mo-www.cfa.harvard.edu/ImageDirectory/TRES-5260817103616.FITS,Main,60.00,Clear,TRES-5,Cecilia,AZ,moguest,False,session_01,observations\2026-08-17\TRES-5\session_01\TRES-5260817103616.fits,downloaded,656640
TRES-5260817103915,2026-08-17 10:39:15,https://mo-www.cfa.harvard.edu/ImageDirectory/TRES-5260817103915.FITS,Main,60.00,Clear,TRES-5,Cecilia,AZ,moguest,False,session_01,observations\2026-08-17\TRES-5\session_01\TRES-5260817103915.fits,downloaded,656640
TRES-5260817104216,2026-08-17 10:42:16,https://mo-www.cfa.harvard.edu/ImageDirectory/TRES-5260817104216.FITS,Main,60.00,Clear,TRES-5,Cecilia,AZ,moguest,False,session_01,observations\2026-08-17\TRES-5\session_01\TRES-5260817104216.fits,downloaded,656640
TRES-5260817104515,2026-08-17 10:45:15,https://mo-www.cfa.harvard.edu/ImageDirectory/TRES-5260817104515.FITS,Main,60.00,Clear,TRES-5,Cecilia,AZ,moguest,False,session_01,observations\2026-08-17\TRES-5\session_01\TRES-5260817104515.fits,downloaded,656640
TRES-5260817104815,2026-08-17 10:48:15,https://mo-www.cfa.harvard.edu/ImageDirectory/TRES-5260817104815.FITS,Main,60.00,Clear,TRES-5,Cecilia,AZ,moguest,False,session_01,observations\2026-08-17\TRES-5\session_01\TRES-5260817104815.fits,downloaded,656640
TRES-5260817105115,2026-08-17 10:51:15,https://mo-www.cfa.harvard.edu/ImageDirectory/TRES-5260817105115.FITS,Main,60.00,Clear,TRES-5,Cecilia,AZ,moguest,False,session_01,observations\2026-08-17\TRES-5\session_01\TRES-5260817105115.fits,downloaded,656640
TRES-5260817105415,2026-08-17 10:54:15,https://mo-www.cfa.harvard.edu/ImageDirectory/TRES-5260817105415.FITS,Main,60.00,Clear,TRES-5,Cecilia,AZ,moguest,False,session_01,observations\2026-08-17\TRES-5\session_01\TRES-5260817105415.fits,downloaded,656640
TRES-5260817105715,2026-08-17 10:57:15,https://mo-www.cfa.harvard.edu/ImageDirectory/TRES-5260817105715.FITS,Main,60.00,Clear,TRES-5,Cecilia,AZ,moguest,False,session_01,observations\2026-08-17\TRES-5\session_01\TRES-5260817105715.fits,downloaded,656640
TRES-5260817110015,2026-08-17 11:00:15,https://mo-www.cfa.harvard.edu/ImageDirectory/TRES-5260817110015.FITS,Main,60.00,Clear,TRES-5,Cecilia,AZ,moguest,False,session_01,observations\2026-08-17\TRES-5\session_01\TRES-5260817110015.fits,downloaded,656640
TRES-5260817110315,2026-08-17 11:03:15,https://mo-www.cfa.harvard.edu/ImageDirectory/TRES-5260817110315.FITS,Main,60.00,Clear,TRES-5,Cecilia,AZ,moguest,False,session_01,observations\2026-08-17\TRES-5\session_01\TRES-5260817110315.fits,downloaded,656640
TRES-5260817110616,2026-08-17 11:06:16,https://mo-www.cfa.harvard.edu/ImageDirectory/TRES-5260817110616.FITS,Main,60.00,Clear,TRES-5,Cecilia,AZ,moguest,False,session_01,observations\2026-08-17\TRES-5\session_01\TRES-5260817110616.fits,downloaded,656640
TRES-5260817110915,2026-08-17 11:09:15,https://mo-www.cfa.harvard.edu/ImageDirectory/TRES-5260817110915.FITS,Main,60.00,Clear,TRES-5,Cecilia,AZ,moguest,False,session_01,observations\2026-08-17\TRES-5\session_01\TRES-5260817110915.fits,downloaded,656640
TRES-5260817111215,2026-08-17 11:12:15,https://mo-www.cfa.harvard.edu/ImageDirectory/TRES-5260817111215.FITS,Main,60.00,Clear,TRES-5,Cecilia,AZ,moguest,False,session_01,observations\2026-08-17\TRES-5\session_01\TRES-5260817111215.fits,downloaded,656640
TRES-5260817111515,2026-08-17 11:15:15,https://mo-www.cfa.harvard.edu/ImageDirectory/TRES-5260817111515.FITS,Main,60.00,Clear,TRES-5,Cecilia,AZ,moguest,False,session_01,observations\2026-08-17\TRES-5\session_01\TRES-5260817111515.fits,downloaded,656640
TRES-5260817111815,2026-08-17 11:18:15,https://mo-www.cfa.harvard.edu/ImageDirectory/TRES-5260817111815.FITS,Main,60.00,Clear,TRES-5,Cecilia,AZ,moguest,False,session_01,observations\2026-08-17\TRES-5\session_01\TRES-5260817111815.fits,downloaded,656640
TRES-5260817112115,2026-08-17 11:21:15,https://mo-www.cfa.harvard.edu/ImageDirectory/TRES-5260817112115.FITS,Main,60.00,Clear,TRES-5,Cecilia,AZ,moguest,False,session_01,observations\2026-08-17\TRES-5\session_01\TRES-5260817112115.fits,downloaded,656640
TRES-5260817112416,2026-08-17 11:24:16,https://mo-www.cfa.harvard.edu/ImageDirectory/TRES-5260817112416.FITS,Main,60.00,Clear,TRES-5,Cecilia,AZ,moguest,False,session_01,observations\2026-08-17\TRES-5\session_01\TRES-5260817112416.fits,downloaded,656640
TRES-5260817112715,2026-08-17 11:27:15,https://mo-www.cfa.harvard.edu/ImageDirectory/TRES-5260817112715.FITS,Main,60.00,Clear,TRES-5,Cecilia,AZ,moguest,False,session_01,observations\2026-08-17\TRES-5\session_01\TRES-5260817112715.fits,downloaded,656640
TRES-5260817113015,2026-08-17 11:30:15,https://mo-www.cfa.harvard.edu/ImageDirectory/TRES-5260817113015.FITS,Main,60.00,Clear,TRES-5,Cecilia,AZ,moguest,False,session_01,observations\2026-08-17\TRES-5\session_01\TRES-5260817113015.fits,downloaded,656640
TRES-5260817113315,2026-08-17 11:33:15,https://mo-www.cfa.harvard.edu/ImageDirectory/TRES-5260817113315.FITS,Main,60.00,Clear,TRES-5,Cecilia,AZ,moguest,False,session_01,observations\2026-08-17\TRES-5\session_01\TRES-5260817113315.fits,downloaded,656640
TRES-5260817113615,2026-08-17 11:36:15,https://mo-www.cfa.harvard.edu/ImageDirectory/TRES-5260817113615.FITS,Main,60.00,Clear,TRES-5,Cecilia,AZ,moguest,False,session_01,observations\2026-08-17\TRES-5\session_01\TRES-5260817113615.fits,downloaded,656640
TRES-5260817113915,2026-08-17 11:39:15,https://mo-www.cfa.harvard.edu/ImageDirectory/TRES-5260817113915.FITS,Main,60.00,Clear,TRES-5,Cecilia,AZ,moguest,False,session_01,observations\2026-08-17\TRES-5\session_01\TRES-5260817113915.fits,downloaded,656640
TRES-5260817114216,2026-08-17 11:42:16,https://mo-www.cfa.harvard.edu/ImageDirectory/TRES-5260817114216.FITS,Main,60.00,Clear,TRES-5,Cecilia,AZ,moguest,False,session_01,observations\2026-08-17\TRES-5\session_01\TRES-5260817114216.fits,downloaded,656640
TRES-5260817114516,2026-08-17 11:45:16,https://mo-www.cfa.harvard.edu/ImageDirectory/TRES-5260817114516.FITS,Main,60.00,Clear,TRES-5,Cecilia,AZ,moguest,False,session_01,observations\2026-08-17\TRES-5\session_01\TRES-5260817114516.fits,downloaded,656640
TRES-5260817114815,2026-08-17 11:48:15,https://mo-www.cfa.harvard.edu/ImageDirectory/TRES-5260817114815.FITS,Main,60.00,Clear,TRES-5,Cecilia,AZ,moguest,False,session_01,observations\2026-08-17\TRES-5\session_01\TRES-5260817114815.fits,downloaded,656640
TRES-5260817115116,2026-08-17 11:51:16,https://mo-www.cfa.harvard.edu/ImageDirectory/TRES-5260817115116.FITS,Main,60.00,Clear,TRES-5,Cecilia,AZ,moguest,False,session_01,observations\2026-08-17\TRES-5\session_01\TRES-5260817115116.fits,downloaded,656640
TRES-5260817115416,2026-08-17 11:54:16,https://mo-www.cfa.harvard.edu/ImageDirectory/TRES-5260817115416.FITS,Main,60.00,Clear,TRES-5,Cecilia,AZ,moguest,False,session_01,observations\2026-08-17\TRES-5\session_01\TRES-5260817115416.fits,downloaded,656640
TRES-5260817120203,2026-08-17 12:02:03,https://mo-www.cfa.harvard.edu/ImageDirectory/TRES-5260817120203.FITS,Main,60.00,Clear,TRES-5,Cecilia,AZ,moguest,False,session_01,observations\2026-08-17\TRES-5\session_01\TRES-5260817120203.fits,downloaded,656640
TRES-5260817120952,2026-08-17 12:09:52,https://mo-www.cfa.harvard.edu/ImageDirectory/TRES-5260817120952.FITS,Main,60.00,Clear,TRES-5,Cecilia,AZ,moguest,False,session_01,observations\2026-08-17\TRES-5\session_01\TRES-5260817120952.fits,downloaded,656640
TRES-5260817121746,2026-08-17 12:17:46,https://mo-www.cfa.harvard.edu/ImageDirectory/TRES-5260817121746.FITS,Main,60.00,Clear,TRES-5,Cecilia,AZ,moguest,False,session_01,observations\2026-08-17\TRES-5\session_01\TRES-5260817121746.fits,downloaded,656640
TRES-5260817122550,2026-08-17 12:25:50,https://mo-www.cfa.harvard.edu/ImageDirectory/TRES-5260817122550.FITS,Main,60.00,Clear,TRES-5,Cecilia,AZ,moguest,False,session_01,observations\2026-08-17\TRES-5\session_01\TRES-5260817122550.fits,downloaded,656640
TRES-5260817123344,2026-08-17 12:33:44,https://mo-www.cfa.harvard.edu/ImageDirectory/TRES-5260817123344.FITS,Main,60.00,Clear,TRES-5,Cecilia,AZ,moguest,False,session_01,observations\2026-08-17\TRES-5\session_01\TRES-5260817123344.fits,downloaded,656640
TRES-5260817124139,2026-08-17 12:41:39,https://mo-www.cfa.harvard.edu/ImageDirectory/TRES-5260817124139.FITS,Main,60.00,Clear,TRES-5,Cecilia,AZ,moguest,False,session_01,observations\2026-08-17\TRES-5\session_01\TRES-5260817124139.fits,downloaded,656640
TRES-5260817124936,2026-08-17 12:49:36,https://mo-www.cfa.harvard.edu/ImageDirectory/TRES-5260817124936.FITS,Main,60.00,Clear,TRES-5,Cecilia,AZ,moguest,False,session_01,observations\2026-08-17\TRES-5\session_01\TRES-5260817124936.fits,downloaded,656640
TRES-5260817125735,2026-08-17 12:57:35,https://mo-www.cfa.harvard.edu/ImageDirectory/TRES-5260817125735.FITS,Main,60.00,Clear,TRES-5,Cecilia,AZ,moguest,False,session_01,observations\2026-08-17\TRES-5\session_01\TRES-5260817125735.fits,downloaded,656640
TRES-5260817130536,2026-08-17 13:05:36,https://mo-www.cfa.harvard.edu/ImageDirectory/TRES-5260817130536.FITS,Main,60.00,Clear,TRES-5,Cecilia,AZ,moguest,False,session_01,observations\2026-08-17\TRES-5\session_01\TRES-5260817130536.fits,downloaded,656640
TRES-5260817131349,2026-08-17 13:13:49,https://mo-www.cfa.harvard.edu/ImageDirectory/TRES-5260817131349.FITS,Main,60.00,Clear,TRES-5,Cecilia,AZ,moguest,False,session_01,observations\2026-08-17\TRES-5\session_01\TRES-5260817131349.fits,downloaded,656640
TRES-5260817132155,2026-08-17 13:21:55,https://mo-www.cfa.harvard.edu/ImageDirectory/TRES-5260817132155.FITS,Main,60.00,Clear,TRES-5,Cecilia,AZ,moguest,False,session_01,observations\2026-08-17\TRES-5\session_01\TRES-5260817132155.fits,downloaded,656640
TRES-5260817133002,2026-08-17 13:30:02,https://mo-www.cfa.harvard.edu/ImageDirectory/TRES-5260817133002.FITS,Main,60.00,Clear,TRES-5,Cecilia,AZ,moguest,False,session_01,observations\2026-08-17\TRES-5\session_01\TRES-5260817133002.fits,downloaded,656640
TRES-5260817133809,2026-08-17 13:38:09,https://mo-www.cfa.harvard.edu/ImageDirectory/TRES-5260817133809.FITS,Main,60.00,Clear,TRES-5,Cecilia,AZ,moguest,False,session_01,observations\2026-08-17\TRES-5\session_01\TRES-5260817133809.fits,downloaded,656640
TRES-5260817134616,2026-08-17 13:46:16,https://mo-www.cfa.harvard.edu/ImageDirectory/TRES-5260817134616.FITS,Main,60.00,Clear,TRES-5,Cecilia,AZ,moguest,False,session_01,observations\2026-08-17\TRES-5\session_01\TRES-5260817134616.fits,downloaded,656640
TRES-5260817135425,2026-08-17 13:54:25,https://mo-www.cfa.harvard.edu/ImageDirectory/TRES-5260817135425.FITS,Main,60.00,Clear,TRES-5,Cecilia,AZ,moguest,False,session_01,observations\2026-08-17\TRES-5\session_01\TRES-5260817135425.fits,downloaded,656640
TRES-5260817140233,2026-08-17 14:02:33,https://mo-www.cfa.harvard.edu/ImageDirectory/TRES-5260817140233.FITS,Main,60.00,Clear,TRES-5,Cecilia,AZ,moguest,False,session_01,observations\2026-08-17\TRES-5\session_01\TRES-5260817140233.fits,downloaded,656640
TRES-5260817140932,2026-08-17 14:09:32,https://mo-www.cfa.harvard.edu/ImageDirectory/TRES-5260817140932.FITS,Main,60.00,Clear,TRES-5,Cecilia,AZ,moguest,False,session_01,observations\2026-08-17\TRES-5\session_01\TRES-5260817140932.fits,downloaded,656640
TRES-5260817141136,2026-08-17 14:11:36,https://mo-www.cfa.harvard.edu/ImageDirectory/TRES-5260817141136.FITS,Main,60.00,Clear,TRES-5,Cecilia,AZ,moguest,False,session_01,observations\2026-08-17\TRES-5\session_01\TRES-5260817141136.fits,downloaded,656640
TRES-5260817141952,2026-08-17 14:19:52,https://mo-www.cfa.harvard.edu/ImageDirectory/TRES-5260817141952.FITS,Main,60.00,Clear,TRES-5,Cecilia,AZ,moguest,False,session_01,observations\2026-08-17\TRES-5\session_01\TRES-5260817141952.fits,downloaded,656640
TRES-5260817142801,2026-08-17 14:28:01,https://mo-www.cfa.harvard.edu/ImageDirectory/TRES-5260817142801.FITS,Main,60.00,Clear,TRES-5,Cecilia,AZ,moguest,False,session_01,observations\2026-08-17\TRES-5\session_01\TRES-5260817142801.fits,downloaded,656640
TRES-5260820082456,2026-08-20 08:24:56,https://mo-www.cfa.harvard.edu/ImageDirectory/TRES-5260820082456.FITS,Main,60.00,Clear,TRES-5,Cecilia,AZ,moguest,False,session_01,observations\2026-08-20\TRES-5\session_01\TRES-5260820082456.fits,downloaded,656640
TRES-5260820082716,2026-08-20 08:27:16,https://mo-www.cfa.harvard.edu/ImageDirectory/TRES-5260820082716.FITS,Main,60.00,Clear,TRES-5,Cecilia,AZ,moguest,False,session_01,observations\2026-08-20\TRES-5\session_01\TRES-5260820082716.fits,downloaded,656640
TRES-5260820083016,2026-08-20 08:30:16,https://mo-www.cfa.harvard.edu/ImageDirectory/TRES-5260820083016.FITS,Main,60.00,Clear,TRES-5,Cecilia,AZ,moguest,False,session_01,observations\2026-08-20\TRES-5\session_01\TRES-5260820083016.fits,downloaded,656640
TRES-5260820083615,2026-08-20 08:36:15,https://mo-www.cfa.harvard.edu/ImageDirectory/TRES-5260820083615.FITS,Main,60.00,Clear,TRES-5,Cecilia,AZ,moguest,False,session_01,observations\2026-08-20\TRES-5\session_01\TRES-5260820083615.fits,downloaded,656640
TRES-5260820083915,2026-08-20 08:39:15,https://mo-www.cfa.harvard.edu/ImageDirectory/TRES-5260820083915.FITS,Main,60.00,Clear,TRES-5,Cecilia,AZ,moguest,False,session_01,observations\2026-08-20\TRES-5\session_01\TRES-5260820083915.fits,downloaded,656640
TRES-5260820084216,2026-08-20 08:42:16,https://mo-www.cfa.harvard.edu/ImageDirectory/TRES-5260820084216.FITS,Main,60.00,Clear,TRES-5,Cecilia,AZ,moguest,False,session_01,observations\2026-08-20\TRES-5\session_01\TRES-5260820084216.fits,downloaded,656640
TRES-5260820084515,2026-08-20 08:45:15,https://mo-www.cfa.harvard.edu/ImageDirectory/TRES-5260820084515.FITS,Main,60.00,Clear,TRES-5,Cecilia,AZ,moguest,False,session_01,observations\2026-08-20\TRES-5\session_01\TRES-5260820084515.fits,downloaded,656640
TRES-5260820084815,2026-08-20 08:48:15,https://mo-www.cfa.harvard.edu/ImageDirectory/TRES-5260820084815.FITS,Main,60.00,Clear,TRES-5,Cecilia,AZ,moguest,False,session_01,observations\2026-08-20\TRES-5\session_01\TRES-5260820084815.fits,downloaded,656640
TRES-5260820085115,2026-08-20 08:51:15,https://mo-www.cfa.harvard.edu/ImageDirectory/TRES-5260820085115.FITS,Main,60.00,Clear,TRES-5,Cecilia,AZ,moguest,False,session_01,observations\2026-08-20\TRES-5\session_01\TRES-5260820085115.fits,downloaded,656640
TRES-5260820085416,2026-08-20 08:54:16,https://mo-www.cfa.harvard.edu/ImageDirectory/TRES-5260820085416.FITS,Main,60.00,Clear,TRES-5,Cecilia,AZ,moguest,False,session_01,observations\2026-08-20\TRES-5\session_01\TRES-5260820085416.fits,downloaded,656640
TRES-5260820085716,2026-08-20 08:57:16,https://mo-www.cfa.harvard.edu/ImageDirectory/TRES-5260820085716.FITS,Main,60.00,Clear,TRES-5,Cecilia,AZ,moguest,False,session_01,observations\2026-08-20\TRES-5\session_01\TRES-5260820085716.fits,downloaded,656640
TRES-5260820090015,2026-08-20 09:00:15,https://mo-www.cfa.harvard.edu/ImageDirectory/TRES-5260820090015.FITS,Main,60.00,Clear,TRES-5,Cecilia,AZ,moguest,False,session_01,observations\2026-08-20\TRES-5\session_01\TRES-5260820090015.fits,downloaded,656640
TRES-5260820090315,2026-08-20 09:03:15,https://mo-www.cfa.harvard.edu/ImageDirectory/TRES-5260820090315.FITS,Main,60.00,Clear,TRES-5,Cecilia,AZ,moguest,False,session_01,observations\2026-08-20\TRES-5\session_01\TRES-5260820090315.fits,downloaded,656640
TRES-5260820090617,2026-08-20 09:06:17,https://mo-www.cfa.harvard.edu/ImageDirectory/TRES-5260820090617.FITS,Main,60.00,Clear,TRES-5,Cecilia,AZ,moguest,False,session_01,observations\2026-08-20\TRES-5\session_01\TRES-5260820090617.fits,downloaded,656640
TRES-5260820090915,2026-08-20 09:09:15,https://mo-www.cfa.harvard.edu/ImageDirectory/TRES-5260820090915.FITS,Main,60.00,Clear,TRES-5,Cecilia,AZ,moguest,False,session_01,observations\2026-08-20\TRES-5\session_01\TRES-5260820090915.fits,downloaded,656640
TRES-5260820091215,2026-08-20 09:12:15,https://mo-www.cfa.harvard.edu/ImageDirectory/TRES-5260820091215.FITS,Main,60.00,Clear,TRES-5,Cecilia,AZ,moguest,False,session_01,observations\2026-08-20\TRES-5\session_01\TRES-5260820091215.fits,downloaded,656640
TRES-5260820091515,2026-08-20 09:15:15,https://mo-www.cfa.harvard.edu/ImageDirectory/TRES-5260820091515.FITS,Main,60.00,Clear,TRES-5,Cecilia,AZ,moguest,False,session_01,observations\2026-08-20\TRES-5\session_01\TRES-5260820091515.fits,downloaded,656640
TRES-5260820091815,2026-08-20 09:18:15,https://mo-www.cfa.harvard.edu/ImageDirectory/TRES-5260820091815.FITS,Main,60.00,Clear,TRES-5,Cecilia,AZ,moguest,False,session_01,observations\2026-08-20\TRES-5\session_01\TRES-5260820091815.fits,downloaded,656640
TRES-5260820092116,2026-08-20 09:21:16,https://mo-www.cfa.harvard.edu/ImageDirectory/TRES-5260820092116.FITS,Main,60.00,Clear,TRES-5,Cecilia,AZ,moguest,False,session_01,observations\2026-08-20\TRES-5\session_01\TRES-5260820092116.fits,downloaded,656640
TRES-5260820092415,2026-08-20 09:24:15,https://mo-www.cfa.harvard.edu/ImageDirectory/TRES-5260820092415.FITS,Main,60.00,Clear,TRES-5,Cecilia,AZ,moguest,False,session_01,observations\2026-08-20\TRES-5\session_01\TRES-5260820092415.fits,downloaded,656640
TRES-5260820092716,2026-08-20 09:27:16,https://mo-www.cfa.harvard.edu/ImageDirectory/TRES-5260820092716.FITS,Main,60.00,Clear,TRES-5,Cecilia,AZ,moguest,False,session_01,observations\2026-08-20\TRES-5\session_01\TRES-5260820092716.fits,downloaded,656640
TRES-5260820093016,2026-08-20 09:30:16,https://mo-www.cfa.harvard.edu/ImageDirectory/TRES-5260820093016.FITS,Main,60.00,Clear,TRES-5,Cecilia,AZ,moguest,False,session_01,observations\2026-08-20\TRES-5\session_01\TRES-5260820093016.fits,downloaded,656640
TRES-5260820093315,2026-08-20 09:33:15,https://mo-www.cfa.harvard.edu/ImageDirectory/TRES-5260820093315.FITS,Main,60.00,Clear,TRES-5,Cecilia,AZ,moguest,False,session_01,observations\2026-08-20\TRES-5\session_01\TRES-5260820093315.fits,downloaded,656640
TRES-5260820093615,2026-08-20 09:36:15,https://mo-www.cfa.harvard.edu/ImageDirectory/TRES-5260820093615.FITS,Main,60.00,Clear,TRES-5,Cecilia,AZ,moguest,False,session_01,observations\2026-08-20\TRES-5\session_01\TRES-5260820093615.fits,downloaded,656640
TRES-5260820093915,2026-08-20 09:39:15,https://mo-www.cfa.harvard.edu/ImageDirectory/TRES-5260820093915.FITS,Main,60.00,Clear,TRES-5,Cecilia,AZ,moguest,False,session_01,observations\2026-08-20\TRES-5\session_01\TRES-5260820093915.fits,downloaded,656640
TRES-5260820094215,2026-08-20 09:42:15,https://mo-www.cfa.harvard.edu/ImageDirectory/TRES-5260820094215.FITS,Main,60.00,Clear,TRES-5,Cecilia,AZ,moguest,False,session_01,observations\2026-08-20\TRES-5\session_01\TRES-5260820094215.fits,downloaded,656640
TRES-5260820094516,2026-08-20 09:45:16,https://mo-www.cfa.harvard.edu/ImageDirectory/TRES-5260820094516.FITS,Main,60.00,Clear,TRES-5,Cecilia,AZ,moguest,False,session_01,observations\2026-08-20\TRES-5\session_01\TRES-5260820094516.fits,downloaded,656640
TRES-5260820094815,2026-08-20 09:48:15,https://mo-www.cfa.harvard.edu/ImageDirectory/TRES-5260820094815.FITS,Main,60.00,Clear,TRES-5,Cecilia,AZ,moguest,False,session_01,observations\2026-08-20\TRES-5\session_01\TRES-5260820094815.fits,downloaded,656640
TRES-5260820095115,2026-08-20 09:51:15,https://mo-www.cfa.harvard.edu/ImageDirectory/TRES-5260820095115.FITS,Main,60.00,Clear,TRES-5,Cecilia,AZ,moguest,False,session_01,observations\2026-08-20\TRES-5\session_01\TRES-5260820095115.fits,downloaded,656640
TRES-5260820095415,2026-08-20 09:54:15,https://mo-www.cfa.harvard.edu/ImageDirectory/TRES-5260820095415.FITS,Main,60.00,Clear,TRES-5,Cecilia,AZ,moguest,False,session_01,observations\2026-08-20\TRES-5\session_01\TRES-5260820095415.fits,downloaded,656640
TRES-5260820095715,2026-08-20 09:57:15,https://mo-www.cfa.harvard.edu/ImageDirectory/TRES-5260820095715.FITS,Main,60.00,Clear,TRES-5,Cecilia,AZ,moguest,False,session_01,observations\2026-08-20\TRES-5\session_01\TRES-5260820095715.fits,downloaded,656640
TRES-5260820100015,2026-08-20 10:00:15,https://mo-www.cfa.harvard.edu/ImageDirectory/TRES-5260820100015.FITS,Main,60.00,Clear,TRES-5,Cecilia,AZ,moguest,False,session_01,observations\2026-08-20\TRES-5\session_01\TRES-5260820100015.fits,downloaded,656640
TRES-5260820100315,2026-08-20 10:03:15,https://mo-www.cfa.harvard.edu/ImageDirectory/TRES-5260820100315.FITS,Main,60.00,Clear,TRES-5,Cecilia,AZ,moguest,False,session_01,observations\2026-08-20\TRES-5\session_01\TRES-5260820100315.fits,downloaded,656640
TRES-5260820100616,2026-08-20 10:06:16,https://mo-www.cfa.harvard.edu/ImageDirectory/TRES-5260820100616.FITS,Main,60.00,Clear,TRES-5,Cecilia,AZ,moguest,False,session_01,observations\2026-08-20\TRES-5\session_01\TRES-5260820100616.fits,downloaded,656640
TRES-5260820100915,2026-08-20 10:09:15,https://mo-www.cfa.harvard.edu/ImageDirectory/TRES-5260820100915.FITS,Main,60.00,Clear,TRES-5,Cecilia,AZ,moguest,False,session_01,observations\2026-08-20\TRES-5\session_01\TRES-5260820100915.fits,downloaded,656640
TRES-5260820101215,2026-08-20 10:12:15,https://mo-www.cfa.harvard.edu/ImageDirectory/TRES-5260820101215.FITS,Main,60.00,Clear,TRES-5,Cecilia,AZ,moguest,False,session_01,observations\2026-08-20\TRES-5\session_01\TRES-5260820101215.fits,downloaded,656640
TRES-5260820101515,2026-08-20 10:15:15,https://mo-www.cfa.harvard.edu/ImageDirectory/TRES-5260820101515.FITS,Main,60.00,Clear,TRES-5,Cecilia,AZ,moguest,False,session_01,observations\2026-08-20\TRES-5\session_01\TRES-5260820101515.fits,downloaded,656640
TRES-5260820101816,2026-08-20 10:18:16,https://mo-www.cfa.harvard.edu/ImageDirectory/TRES-5260820101816.FITS,Main,60.00,Clear,TRES-5,Cecilia,AZ,moguest,False,session_01,observations\2026-08-20\TRES-5\session_01\TRES-5260820101816.fits,downloaded,656640
TRES-5260820102115,2026-08-20 10:21:15,https://mo-www.cfa.harvard.edu/ImageDirectory/TRES-5260820102115.FITS,Main,60.00,Clear,TRES-5,Cecilia,AZ,moguest,False,session_01,observations\2026-08-20\TRES-5\session_01\TRES-5260820102115.fits,downloaded,656640
TRES-5260820102415,2026-08-20 10:24:15,https://mo-www.cfa.harvard.edu/ImageDirectory/TRES-5260820102415.FITS,Main,60.00,Clear,TRES-5,Cecilia,AZ,moguest,False,session_01,observations\2026-08-20\TRES-5\session_01\TRES-5260820102415.fits,downloaded,656640
TRES-5260820102715,2026-08-20 10:27:15,https://mo-www.cfa.harvard.edu/ImageDirectory/TRES-5260820102715.FITS,Main,60.00,Clear,TRES-5,Cecilia,AZ,moguest,False,session_01,observations\2026-08-20\TRES-5\session_01\TRES-5260820102715.fits,downloaded,656640
TRES-5260820103015,2026-08-20 10:30:15,https://mo-www.cfa.harvard.edu/ImageDirectory/TRES-5260820103015.FITS,Main,60.00,Clear,TRES-5,Cecilia,AZ,moguest,False,session_01,observations\2026-08-20\TRES-5\session_01\TRES-5260820103015.fits,downloaded,656640
TRES-5260820103315,2026-08-20 10:33:15,https://mo-www.cfa.harvard.edu/ImageDirectory/TRES-5260820103315.FITS,Main,60.00,Clear,TRES-5,Cecilia,AZ,moguest,False,session_01,observations\2026-08-20\TRES-5\session_01\TRES-5260820103315.fits,downloaded,656640
TRES-5260820103616,2026-08-20 10:36:16,https://mo-www.cfa.harvard.edu/ImageDirectory/TRES-5260820103616.FITS,Main,60.00,Clear,TRES-5,Cecilia,AZ,moguest,False,session_01,observations\2026-08-20\TRES-5\session_01\TRES-5260820103616.fits,downloaded,656640
TRES-5260820103915,2026-08-20 10:39:15,https://mo-www.cfa.harvard.edu/ImageDirectory/TRES-5260820103915.FITS,Main,60.00,Clear,TRES-5,Cecilia,AZ,moguest,False,session_01,observations\2026-08-20\TRES-5\session_01\TRES-5260820103915.fits,downloaded,656640
TRES-5260820104215,2026-08-20 10:42:15,https://mo-www.cfa.harvard.edu/ImageDirectory/TRES-5260820104215.FITS,Main,60.00,Clear,TRES-5,Cecilia,AZ,moguest,False,session_01,observations\2026-08-20\TRES-5\session_01\TRES-5260820104215.fits,downloaded,656640
TRES-5260820104516,2026-08-20 10:45:16,https://mo-www.cfa.harvard.edu/ImageDirectory/TRES-5260820104516.FITS,Main,60.00,Clear,TRES-5,Cecilia,AZ,moguest,False,session_01,observations\2026-08-20\TRES-5\session_01\TRES-5260820104516.fits,downloaded,656640
TRES-5260820104815,2026-08-20 10:48:15,https://mo-www.cfa.harvard.edu/ImageDirectory/TRES-5260820104815.FITS,Main,60.00,Clear,TRES-5,Cecilia,AZ,moguest,False,session_01,observations\2026-08-20\TRES-5\session_01\TRES-5260820104815.fits,downloaded,656640
TRES-5260820105115,2026-08-20 10:51:15,https://mo-www.cfa.harvard.edu/ImageDirectory/TRES-5260820105115.FITS,Main,60.00,Clear,TRES-5,Cecilia,AZ,moguest,False,session_01,observations\2026-08-20\TRES-5\session_01\TRES-5260820105115.fits,downloaded,656640
TRES-5260820105415,2026-08-20 10:54:15,https://mo-www.cfa.harvard.edu/ImageDirectory/TRES-5260820105415.FITS,Main,60.00,Clear,TRES-5,Cecilia,AZ,moguest,False,session_01,observations\2026-08-20\TRES-5\session_01\TRES-5260820105415.fits,downloaded,656640
TRES-5260820105715,2026-08-20 10:57:15,https://mo-www.cfa.harvard.edu/ImageDirectory/TRES-5260820105715.FITS,Main,60.00,Clear,TRES-5,Cecilia,AZ,moguest,False,session_01,observations\2026-08-20\TRES-5\session_01\TRES-5260820105715.fits,downloaded,656640
TRES-5260820110016,2026-08-20 11:00:16,https://mo-www.cfa.harvard.edu/ImageDirectory/TRES-5260820110016.FITS,Main,60.00,Clear,TRES-5,Cecilia,AZ,moguest,False,session_01,observations\2026-08-20\TRES-5\session_01\TRES-5260820110016.fits,downloaded,656640
TRES-5260820110315,2026-08-20 11:03:15,https://mo-www.cfa.harvard.edu/ImageDirectory/TRES-5260820110315.FITS,Main,60.00,Clear,TRES-5,Cecilia,AZ,moguest,False,session_01,observations\2026-08-20\TRES-5\session_01\TRES-5260820110315.fits,downloaded,656640
TRES-5260820110615,2026-08-20 11:06:15,https://mo-www.cfa.harvard.edu/ImageDirectory/TRES-5260820110615.FITS,Main,60.00,Clear,TRES-5,Cecilia,AZ,moguest,False,session_01,observations\2026-08-20\TRES-5\session_01\TRES-5260820110615.fits,downloaded,656640
TRES-5260820110916,2026-08-20 11:09:16,https://mo-www.cfa.harvard.edu/ImageDirectory/TRES-5260820110916.FITS,Main,60.00,Clear,TRES-5,Cecilia,AZ,moguest,False,session_01,observations\2026-08-20\TRES-5\session_01\TRES-5260820110916.fits,downloaded,656640
TRES-5260820111216,2026-08-20 11:12:16,https://mo-www.cfa.harvard.edu/ImageDirectory/TRES-5260820111216.FITS,Main,60.00,Clear,TRES-5,Cecilia,AZ,moguest,False,session_01,observations\2026-08-20\TRES-5\session_01\TRES-5260820111216.fits,downloaded,656640
TRES-5260820111516,2026-08-20 11:15:16,https://mo-www.cfa.harvard.edu/ImageDirectory/TRES-5260820111516.FITS,Main,60.00,Clear,TRES-5,Cecilia,AZ,moguest,False,session_01,observations\2026-08-20\TRES-5\session_01\TRES-5260820111516.fits,downloaded,656640
TRES-5260820111815,2026-08-20 11:18:15,https://mo-www.cfa.harvard.edu/ImageDirectory/TRES-5260820111815.FITS,Main,60.00,Clear,TRES-5,Cecilia,AZ,moguest,False,session_01,observations\2026-08-20\TRES-5\session_01\TRES-5260820111815.fits,downloaded,656640
TRES-5260820112115,2026-08-20 11:21:15,https://mo-www.cfa.harvard.edu/ImageDirectory/TRES-5260820112115.FITS,Main,60.00,Clear,TRES-5,Cecilia,AZ,moguest,False,session_01,observations\2026-08-20\TRES-5\session_01\TRES-5260820112115.fits,downloaded,656640
TRES-5260820112416,2026-08-20 11:24:16,https://mo-www.cfa.harvard.edu/ImageDirectory/TRES-5260820112416.FITS,Main,60.00,Clear,TRES-5,Cecilia,AZ,moguest,False,session_01,observations\2026-08-20\TRES-5\session_01\TRES-5260820112416.fits,downloaded,656640
TRES-5260820112716,2026-08-20 11:27:16,https://mo-www.cfa.harvard.edu/ImageDirectory/TRES-5260820112716.FITS,Main,60.00,Clear,TRES-5,Cecilia,AZ,moguest,False,session_01,observations\2026-08-20\TRES-5\session_01\TRES-5260820112716.fits,downloaded,656640
TRES-5260820113015,2026-08-20 11:30:15,https://mo-www.cfa.harvard.edu/ImageDirectory/TRES-5260820113015.FITS,Main,60.00,Clear,TRES-5,Cecilia,AZ,moguest,False,session_01,observations\2026-08-20\TRES-5\session_01\TRES-5260820113015.fits,downloaded,656640
TRES-5260820113316,2026-08-20 11:33:16,https://mo-www.cfa.harvard.edu/ImageDirectory/TRES-5260820113316.FITS,Main,60.00,Clear,TRES-5,Cecilia,AZ,moguest,False,session_01,observations\2026-08-20\TRES-5\session_01\TRES-5260820113316.fits,downloaded,656640
TRES-5260820113615,2026-08-20 11:36:15,https://mo-www.cfa.harvard.edu/ImageDirectory/TRES-5260820113615.FITS,Main,60.00,Clear,TRES-5,Cecilia,AZ,moguest,False,session_01,observations\2026-08-20\TRES-5\session_01\TRES-5260820113615.fits,downloaded,656640
TRES-5260820113915,2026-08-20 11:39:15,https://mo-www.cfa.harvard.edu/ImageDirectory/TRES-5260820113915.FITS,Main,60.00,Clear,TRES-5,Cecilia,AZ,moguest,False,session_01,observations\2026-08-20\TRES-5\session_01\TRES-5260820113915.fits,downloaded,656640
TRES-5260820114216,2026-08-20 11:42:16,https://mo-www.cfa.harvard.edu/ImageDirectory/TRES-5260820114216.FITS,Main,60.00,Clear,TRES-5,Cecilia,AZ,moguest,False,session_01,observations\2026-08-20\TRES-5\session_01\TRES-5260820114216.fits,downloaded,656640
TRES-5260820114515,2026-08-20 11:45:15,https://mo-www.cfa.harvard.edu/ImageDirectory/TRES-5260820114515.FITS,Main,60.00,Clear,TRES-5,Cecilia,AZ,moguest,False,session_01,observations\2026-08-20\TRES-5\session_01\TRES-5260820114515.fits,downloaded,656640
TRES-5260820114817,2026-08-20 11:48:17,https://mo-www.cfa.harvard.edu/ImageDirectory/TRES-5260820114817.FITS,Main,60.00,Clear,TRES-5,Cecilia,AZ,moguest,False,session_01,observations\2026-08-20\TRES-5\session_01\TRES-5260820114817.fits,downloaded,656640
TRES-5260820115115,2026-08-20 11:51:15,https://mo-www.cfa.harvard.edu/ImageDirectory/TRES-5260820115115.FITS,Main,60.00,Clear,TRES-5,Cecilia,AZ,moguest,False,session_01,observations\2026-08-20\TRES-5\session_01\TRES-5260820115115.fits,downloaded,656640
TRES-5260820115415,2026-08-20 11:54:15,https://mo-www.cfa.harvard.edu/ImageDirectory/TRES-5260820115415.FITS,Main,60.00,Clear,TRES-5,Cecilia,AZ,moguest,False,session_01,observations\2026-08-20\TRES-5\session_01\TRES-5260820115415.fits,downloaded,656640
TRES-5260820115716,2026-08-20 11:57:16,https://mo-www.cfa.harvard.edu/ImageDirectory/TRES-5260820115716.FITS,Main,60.00,Clear,TRES-5,Cecilia,AZ,moguest,False,session_01,observations\2026-08-20\TRES-5\session_01\TRES-5260820115716.fits,downloaded,656640
TRES-5260820120508,2026-08-20 12:05:08,https://mo-www.cfa.harvard.edu/ImageDirectory/TRES-5260820120508.FITS,Main,60.00,Clear,TRES-5,Cecilia,AZ,moguest,False,session_01,observations\2026-08-20\TRES-5\session_01\TRES-5260820120508.fits,downloaded,656640
TRES-5260820121301,2026-08-20 12:13:01,https://mo-www.cfa.harvard.edu/ImageDirectory/TRES-5260820121301.FITS,Main,60.00,Clear,TRES-5,Cecilia,AZ,moguest,False,session_01,observations\2026-08-20\TRES-5\session_01\TRES-5260820121301.fits,downloaded,656640
TRES-5260820122059,2026-08-20 12:20:59,https://mo-www.cfa.harvard.edu/ImageDirectory/TRES-5260820122059.FITS,Main,60.00,Clear,TRES-5,Cecilia,AZ,moguest,False,session_01,observations\2026-08-20\TRES-5\session_01\TRES-5260820122059.fits,downloaded,656640
TRES-5260826064446,2026-08-26 06:44:46,https://mo-www.cfa.harvard.edu/ImageDirectory/TRES-5260826064446.FITS,Main,60.00,Clear,TRES-5,Cecilia,AZ,moguest,False,session_01,observations\2026-08-26\TRES-5\session_01\TRES-5260826064446.fits,downloaded,656640
TRES-5260826064630,2026-08-26 06:46:30,https://mo-www.cfa.harvard.edu/ImageDirectory/TRES-5260826064630.FITS,Main,60.00,Clear,TRES-5,Cecilia,AZ,moguest,False,session_01,observations\2026-08-26\TRES-5\session_01\TRES-5260826064630.fits,downloaded,656640
TRES-5260826064815,2026-08-26 06:48:15,https://mo-www.cfa.harvard.edu/ImageDirectory/TRES-5260826064815.FITS,Main,60.00,Clear,TRES-5,Cecilia,AZ,moguest,False,session_01,observations\2026-08-26\TRES-5\session_01\TRES-5260826064815.fits,downloaded,656640
TRES-5260826065116,2026-08-26 06:51:16,https://mo-www.cfa.harvard.edu/ImageDirectory/TRES-5260826065116.FITS,Main,60.00,Clear,TRES-5,Cecilia,AZ,moguest,False,session_01,observations\2026-08-26\TRES-5\session_01\TRES-5260826065116.fits,downloaded,656640
TRES-5260826065416,2026-08-26 06:54:16,https://mo-www.cfa.harvard.edu/ImageDirectory/TRES-5260826065416.FITS,Main,60.00,Clear,TRES-5,Cecilia,AZ,moguest,False,session_01,observations\2026-08-26\TRES-5\session_01\TRES-5260826065416.fits,downloaded,656640
TRES-5260826065715,2026-08-26 06:57:15,https://mo-www.cfa.harvard.edu/ImageDirectory/TRES-5260826065715.FITS,Main,60.00,Clear,TRES-5,Cecilia,AZ,moguest,False,session_01,observations\2026-08-26\TRES-5\session_01\TRES-5260826065715.fits,downloaded,656640
TRES-5260826070015,2026-08-26 07:00:15,https://mo-www.cfa.harvard.edu/ImageDirectory/TRES-5260826070015.FITS,Main,60.00,Clear,TRES-5,Cecilia,AZ,moguest,False,session_01,observations\2026-08-26\TRES-5\session_01\TRES-5260826070015.fits,downloaded,656640
TRES-5260826070315,2026-08-26 07:03:15,https://mo-www.cfa.harvard.edu/ImageDirectory/TRES-5260826070315.FITS,Main,60.00,Clear,TRES-5,Cecilia,AZ,moguest,False,session_01,observations\2026-08-26\TRES-5\session_01\TRES-5260826070315.fits,downloaded,656640
TRES-5260826070615,2026-08-26 07:06:15,https://mo-www.cfa.harvard.edu/ImageDirectory/TRES-5260826070615.FITS,Main,60.00,Clear,TRES-5,Cecilia,AZ,moguest,False,session_01,observations\2026-08-26\TRES-5\session_01\TRES-5260826070615.fits,downloaded,656640
TRES-5260826070915,2026-08-26 07:09:15,https://mo-www.cfa.harvard.edu/ImageDirectory/TRES-5260826070915.FITS,Main,60.00,Clear,TRES-5,Cecilia,AZ,moguest,False,session_01,observations\2026-08-26\TRES-5\session_01\TRES-5260826070915.fits,downloaded,656640
TRES-5260826071215,2026-08-26 07:12:15,https://mo-www.cfa.harvard.edu/ImageDirectory/TRES-5260826071215.FITS,Main,60.00,Clear,TRES-5,Cecilia,AZ,moguest,False,session_01,observations\2026-08-26\TRES-5\session_01\TRES-5260826071215.fits,downloaded,656640
TRES-5260826071516,2026-08-26 07:15:16,https://mo-www.cfa.harvard.edu/ImageDirectory/TRES-5260826071516.FITS,Main,60.00,Clear,TRES-5,Cecilia,AZ,moguest,False,session_01,observations\2026-08-26\TRES-5\session_01\TRES-5260826071516.fits,downloaded,656640
TRES-5260826071816,2026-08-26 07:18:16,https://mo-www.cfa.harvard.edu/ImageDirectory/TRES-5260826071816.FITS,Main,60.00,Clear,TRES-5,Cecilia,AZ,moguest,False,session_01,observations\2026-08-26\TRES-5\session_01\TRES-5260826071816.fits,downloaded,656640
TRES-5260826072115,2026-08-26 07:21:15,https://mo-www.cfa.harvard.edu/ImageDirectory/TRES-5260826072115.FITS,Main,60.00,Clear,TRES-5,Cecilia,AZ,moguest,False,session_01,observations\2026-08-26\TRES-5\session_01\TRES-5260826072115.fits,downloaded,656640
TRES-5260826072415,2026-08-26 07:24:15,https://mo-www.cfa.harvard.edu/ImageDirectory/TRES-5260826072415.FITS,Main,60.00,Clear,TRES-5,Cecilia,AZ,moguest,False,session_01,observations\2026-08-26\TRES-5\session_01\TRES-5260826072415.fits,downloaded,656640
TRES-5260826072716,2026-08-26 07:27:16,https://mo-www.cfa.harvard.edu/ImageDirectory/TRES-5260826072716.FITS,Main,60.00,Clear,TRES-5,Cecilia,AZ,moguest,False,session_01,observations\2026-08-26\TRES-5\session_01\TRES-5260826072716.fits,downloaded,656640
TRES-5260826073016,2026-08-26 07:30:16,https://mo-www.cfa.harvard.edu/ImageDirectory/TRES-5260826073016.FITS,Main,60.00,Clear,TRES-5,Cecilia,AZ,moguest,False,session_01,observations\2026-08-26\TRES-5\session_01\TRES-5260826073016.fits,downloaded,656640
TRES-5260826073315,2026-08-26 07:33:15,https://mo-www.cfa.harvard.edu/ImageDirectory/TRES-5260826073315.FITS,Main,60.00,Clear,TRES-5,Cecilia,AZ,moguest,False,session_01,observations\2026-08-26\TRES-5\session_01\TRES-5260826073315.fits,downloaded,656640
TRES-5260826073615,2026-08-26 07:36:15,https://mo-www.cfa.harvard.edu/ImageDirectory/TRES-5260826073615.FITS,Main,60.00,Clear,TRES-5,Cecilia,AZ,moguest,False,session_01,observations\2026-08-26\TRES-5\session_01\TRES-5260826073615.fits,downloaded,656640
TRES-5260826073915,2026-08-26 07:39:15,https://mo-www.cfa.harvard.edu/ImageDirectory/TRES-5260826073915.FITS,Main,60.00,Clear,TRES-5,Cecilia,AZ,moguest,False,session_01,observations\2026-08-26\TRES-5\session_01\TRES-5260826073915.fits,downloaded,656640
TRES-5260826074215,2026-08-26 07:42:15,https://mo-www.cfa.harvard.edu/ImageDirectory/TRES-5260826074215.FITS,Main,60.00,Clear,TRES-5,Cecilia,AZ,moguest,False,session_01,observations\2026-08-26\TRES-5\session_01\TRES-5260826074215.fits,downloaded,656640
TRES-5260826074516,2026-08-26 07:45:16,https://mo-www.cfa.harvard.edu/ImageDirectory/TRES-5260826074516.FITS,Main,60.00,Clear,TRES-5,Cecilia,AZ,moguest,False,session_01,observations\2026-08-26\TRES-5\session_01\TRES-5260826074516.fits,downloaded,656640
TRES-5260826074815,2026-08-26 07:48:15,https://mo-www.cfa.harvard.edu/ImageDirectory/TRES-5260826074815.FITS,Main,60.00,Clear,TRES-5,Cecilia,AZ,moguest,False,session_01,observations\2026-08-26\TRES-5\session_01\TRES-5260826074815.fits,downloaded,656640
TRES-5260826075115,2026-08-26 07:51:15,https://mo-www.cfa.harvard.edu/ImageDirectory/TRES-5260826075115.FITS,Main,60.00,Clear,TRES-5,Cecilia,AZ,moguest,False,session_01,observations\2026-08-26\TRES-5\session_01\TRES-5260826075115.fits,downloaded,656640
TRES-5260826075416,2026-08-26 07:54:16,https://mo-www.cfa.harvard.edu/ImageDirectory/TRES-5260826075416.FITS,Main,60.00,Clear,TRES-5,Cecilia,AZ,moguest,False,session_01,observations\2026-08-26\TRES-5\session_01\TRES-5260826075416.fits,downloaded,656640
TRES-5260826075716,2026-08-26 07:57:16,https://mo-www.cfa.harvard.edu/ImageDirectory/TRES-5260826075716.FITS,Main,60.00,Clear,TRES-5,Cecilia,AZ,moguest,False,session_01,observations\2026-08-26\TRES-5\session_01\TRES-5260826075716.fits,downloaded,656640
TRES-5260826080015,2026-08-26 08:00:15,https://mo-www.cfa.harvard.edu/ImageDirectory/TRES-5260826080015.FITS,Main,60.00,Clear,TRES-5,Cecilia,AZ,moguest,False,session_01,observations\2026-08-26\TRES-5\session_01\TRES-5260826080015.fits,downloaded,656640
TRES-5260826080315,2026-08-26 08:03:15,https://mo-www.cfa.harvard.edu/ImageDirectory/TRES-5260826080315.FITS,Main,60.00,Clear,TRES-5,Cecilia,AZ,moguest,False,session_01,observations\2026-08-26\TRES-5\session_01\TRES-5260826080315.fits,downloaded,656640
TRES-5260826080615,2026-08-26 08:06:15,https://mo-www.cfa.harvard.edu/ImageDirectory/TRES-5260826080615.FITS,Main,60.00,Clear,TRES-5,Cecilia,AZ,moguest,False,session_01,observations\2026-08-26\TRES-5\session_01\TRES-5260826080615.fits,downloaded,656640
TRES-5260826080916,2026-08-26 08:09:16,https://mo-www.cfa.harvard.edu/ImageDirectory/TRES-5260826080916.FITS,Main,60.00,Clear,TRES-5,Cecilia,AZ,moguest,False,session_01,observations\2026-08-26\TRES-5\session_01\TRES-5260826080916.fits,downloaded,656640
TRES-5260826081215,2026-08-26 08:12:15,https://mo-www.cfa.harvard.edu/ImageDirectory/TRES-5260826081215.FITS,Main,60.00,Clear,TRES-5,Cecilia,AZ,moguest,False,session_01,observations\2026-08-26\TRES-5\session_01\TRES-5260826081215.fits,downloaded,656640
TRES-5260826081516,2026-08-26 08:15:16,https://mo-www.cfa.harvard.edu/ImageDirectory/TRES-5260826081516.FITS,Main,60.00,Clear,TRES-5,Cecilia,AZ,moguest,False,session_01,observations\2026-08-26\TRES-5\session_01\TRES-5260826081516.fits,downloaded,656640
TRES-5260826081815,2026-08-26 08:18:15,https://mo-www.cfa.harvard.edu/ImageDirectory/TRES-5260826081815.FITS,Main,60.00,Clear,TRES-5,Cecilia,AZ,moguest,False,session_01,observations\2026-08-26\TRES-5\session_01\TRES-5260826081815.fits,downloaded,656640
TRES-5260826082115,2026-08-26 08:21:15,https://mo-www.cfa.harvard.edu/ImageDirectory/TRES-5260826082115.FITS,Main,60.00,Clear,TRES-5,Cecilia,AZ,moguest,False,session_01,observations\2026-08-26\TRES-5\session_01\TRES-5260826082115.fits,downloaded,656640
TRES-5260826082415,2026-08-26 08:24:15,https://mo-www.cfa.harvard.edu/ImageDirectory/TRES-5260826082415.FITS,Main,60.00,Clear,TRES-5,Cecilia,AZ,moguest,False,session_01,observations\2026-08-26\TRES-5\session_01\TRES-5260826082415.fits,downloaded,656640
TRES-5260826082715,2026-08-26 08:27:15,https://mo-www.cfa.harvard.edu/ImageDirectory/TRES-5260826082715.FITS,Main,60.00,Clear,TRES-5,Cecilia,AZ,moguest,False,session_01,observations\2026-08-26\TRES-5\session_01\TRES-5260826082715.fits,downloaded,656640
TRES-5260826083015,2026-08-26 08:30:15,https://mo-www.cfa.harvard.edu/ImageDirectory/TRES-5260826083015.FITS,Main,60.00,Clear,TRES-5,Cecilia,AZ,moguest,False,session_01,observations\2026-08-26\TRES-5\session_01\TRES-5260826083015.fits,downloaded,656640
TRES-5260826083316,2026-08-26 08:33:16,https://mo-www.cfa.harvard.edu/ImageDirectory/TRES-5260826083316.FITS,Main,60.00,Clear,TRES-5,Cecilia,AZ,moguest,False,session_01,observations\2026-08-26\TRES-5\session_01\TRES-5260826083316.fits,downloaded,656640
TRES-5260826083616,2026-08-26 08:36:16,https://mo-www.cfa.harvard.edu/ImageDirectory/TRES-5260826083616.FITS,Main,60.00,Clear,TRES-5,Cecilia,AZ,moguest,False,session_01,observations\2026-08-26\TRES-5\session_01\TRES-5260826083616.fits,downloaded,656640
TRES-5260826083915,2026-08-26 08:39:15,https://mo-www.cfa.harvard.edu/ImageDirectory/TRES-5260826083915.FITS,Main,60.00,Clear,TRES-5,Cecilia,AZ,moguest,False,session_01,observations\2026-08-26\TRES-5\session_01\TRES-5260826083915.fits,downloaded,656640
TRES-5260826084215,2026-08-26 08:42:15,https://mo-www.cfa.harvard.edu/ImageDirectory/TRES-5260826084215.FITS,Main,60.00,Clear,TRES-5,Cecilia,AZ,moguest,False,session_01,observations\2026-08-26\TRES-5\session_01\TRES-5260826084215.fits,downloaded,656640
TRES-5260826084515,2026-08-26 08:45:15,https://mo-www.cfa.harvard.edu/ImageDirectory/TRES-5260826084515.FITS,Main,60.00,Clear,TRES-5,Cecilia,AZ,moguest,False,session_01,observations\2026-08-26\TRES-5\session_01\TRES-5260826084515.fits,downloaded,656640
TRES-5260826084816,2026-08-26 08:48:16,https://mo-www.cfa.harvard.edu/ImageDirectory/TRES-5260826084816.FITS,Main,60.00,Clear,TRES-5,Cecilia,AZ,moguest,False,session_01,observations\2026-08-26\TRES-5\session_01\TRES-5260826084816.fits,downloaded,656640
TRES-5260826085116,2026-08-26 08:51:16,https://mo-www.cfa.harvard.edu/ImageDirectory/TRES-5260826085116.FITS,Main,60.00,Clear,TRES-5,Cecilia,AZ,moguest,False,session_01,observations\2026-08-26\TRES-5\session_01\TRES-5260826085116.fits,downloaded,656640
TRES-5260826085417,2026-08-26 08:54:17,https://mo-www.cfa.harvard.edu/ImageDirectory/TRES-5260826085417.FITS,Main,60.00,Clear,TRES-5,Cecilia,AZ,moguest,False,session_01,observations\2026-08-26\TRES-5\session_01\TRES-5260826085417.fits,downloaded,656640
TRES-5260826085715,2026-08-26 08:57:15,https://mo-www.cfa.harvard.edu/ImageDirectory/TRES-5260826085715.FITS,Main,60.00,Clear,TRES-5,Cecilia,AZ,moguest,False,session_01,observations\2026-08-26\TRES-5\session_01\TRES-5260826085715.fits,downloaded,656640
TRES-5260826090015,2026-08-26 09:00:15,https://mo-www.cfa.harvard.edu/ImageDirectory/TRES-5260826090015.FITS,Main,60.00,Clear,TRES-5,Cecilia,AZ,moguest,False,session_01,observations\2026-08-26\TRES-5\session_01\TRES-5260826090015.fits,downloaded,656640
TRES-5260826090315,2026-08-26 09:03:15,https://mo-www.cfa.harvard.edu/ImageDirectory/TRES-5260826090315.FITS,Main,60.00,Clear,TRES-5,Cecilia,AZ,moguest,False,session_01,observations\2026-08-26\TRES-5\session_01\TRES-5260826090315.fits,downloaded,656640
TRES-5260826090615,2026-08-26 09:06:15,https://mo-www.cfa.harvard.edu/ImageDirectory/TRES-5260826090615.FITS,Main,60.00,Clear,TRES-5,Cecilia,AZ,moguest,False,session_01,observations\2026-08-26\TRES-5\session_01\TRES-5260826090615.fits,downloaded,656640
TRES-5260826090916,2026-08-26 09:09:16,https://mo-www.cfa.harvard.edu/ImageDirectory/TRES-5260826090916.FITS,Main,60.00,Clear,TRES-5,Cecilia,AZ,moguest,False,session_01,observations\2026-08-26\TRES-5\session_01\TRES-5260826090916.fits,downloaded,656640
TRES-5260826091215,2026-08-26 09:12:15,https://mo-www.cfa.harvard.edu/ImageDirectory/TRES-5260826091215.FITS,Main,60.00,Clear,TRES-5,Cecilia,AZ,moguest,False,session_01,observations\2026-08-26\TRES-5\session_01\TRES-5260826091215.fits,downloaded,656640
TRES-5260826091515,2026-08-26 09:15:15,https://mo-www.cfa.harvard.edu/ImageDirectory/TRES-5260826091515.FITS,Main,60.00,Clear,TRES-5,Cecilia,AZ,moguest,False,session_01,observations\2026-08-26\TRES-5\session_01\TRES-5260826091515.fits,downloaded,656640
TRES-5260826091815,2026-08-26 09:18:15,https://mo-www.cfa.harvard.edu/ImageDirectory/TRES-5260826091815.FITS,Main,60.00,Clear,TRES-5,Cecilia,AZ,moguest,False,session_01,observations\2026-08-26\TRES-5\session_01\TRES-5260826091815.fits,downloaded,656640
TRES-5260826092115,2026-08-26 09:21:15,https://mo-www.cfa.harvard.edu/ImageDirectory/TRES-5260826092115.FITS,Main,60.00,Clear,TRES-5,Cecilia,AZ,moguest,False,session_01,observations\2026-08-26\TRES-5\session_01\TRES-5260826092115.fits,downloaded,656640
TRES-5260826092415,2026-08-26 09:24:15,https://mo-www.cfa.harvard.edu/ImageDirectory/TRES-5260826092415.FITS,Main,60.00,Clear,TRES-5,Cecilia,AZ,moguest,False,session_01,observations\2026-08-26\TRES-5\session_01\TRES-5260826092415.fits,downloaded,656640
TRES-5260826092715,2026-08-26 09:27:15,https://mo-www.cfa.harvard.edu/ImageDirectory/TRES-5260826092715.FITS,Main,60.00,Clear,TRES-5,Cecilia,AZ,moguest,False,session_01,observations\2026-08-26\TRES-5\session_01\TRES-5260826092715.fits,downloaded,656640
TRES-5260826093016,2026-08-26 09:30:16,https://mo-www.cfa.harvard.edu/ImageDirectory/TRES-5260826093016.FITS,Main,60.00,Clear,TRES-5,Cecilia,AZ,moguest,False,session_01,observations\2026-08-26\TRES-5\session_01\TRES-5260826093016.fits,downloaded,656640
TRES-5260826093315,2026-08-26 09:33:15,https://mo-www.cfa.harvard.edu/ImageDirectory/TRES-5260826093315.FITS,Main,60.00,Clear,TRES-5,Cecilia,AZ,moguest,False,session_01,observations\2026-08-26\TRES-5\session_01\TRES-5260826093315.fits,downloaded,656640
TRES-5260826093615,2026-08-26 09:36:15,https://mo-www.cfa.harvard.edu/ImageDirectory/TRES-5260826093615.FITS,Main,60.00,Clear,TRES-5,Cecilia,AZ,moguest,False,session_01,observations\2026-08-26\TRES-5\session_01\TRES-5260826093615.fits,downloaded,656640
TRES-5260826093916,2026-08-26 09:39:16,https://mo-www.cfa.harvard.edu/ImageDirectory/TRES-5260826093916.FITS,Main,60.00,Clear,TRES-5,Cecilia,AZ,moguest,False,session_01,observations\2026-08-26\TRES-5\session_01\TRES-5260826093916.fits,downloaded,656640
TRES-5260826094215,2026-08-26 09:42:15,https://mo-www.cfa.harvard.edu/ImageDirectory/TRES-5260826094215.FITS,Main,60.00,Clear,TRES-5,Cecilia,AZ,moguest,False,session_01,observations\2026-08-26\TRES-5\session_01\TRES-5260826094215.fits,downloaded,656640
TRES-5260826094515,2026-08-26 09:45:15,https://mo-www.cfa.harvard.edu/ImageDirectory/TRES-5260826094515.FITS,Main,60.00,Clear,TRES-5,Cecilia,AZ,moguest,False,session_01,observations\2026-08-26\TRES-5\session_01\TRES-5260826094515.fits,downloaded,656640
TRES-5260826094816,2026-08-26 09:48:16,https://mo-www.cfa.harvard.edu/ImageDirectory/TRES-5260826094816.FITS,Main,60.00,Clear,TRES-5,Cecilia,AZ,moguest,False,session_01,observations\2026-08-26\TRES-5\session_01\TRES-5260826094816.fits,downloaded,656640
TRES-5260826095115,2026-08-26 09:51:15,https://mo-www.cfa.harvard.edu/ImageDirectory/TRES-5260826095115.FITS,Main,60.00,Clear,TRES-5,Cecilia,AZ,moguest,False,session_01,observations\2026-08-26\TRES-5\session_01\TRES-5260826095115.fits,downloaded,656640
TRES-5260826095415,2026-08-26 09:54:15,https://mo-www.cfa.harvard.edu/ImageDirectory/TRES-5260826095415.FITS,Main,60.00,Clear,TRES-5,Cecilia,AZ,moguest,False,session_01,observations\2026-08-26\TRES-5\session_01\TRES-5260826095415.fits,downloaded,656640
TRES-5260826095715,2026-08-26 09:57:15,https://mo-www.cfa.harvard.edu/ImageDirectory/TRES-5260826095715.FITS,Main,60.00,Clear,TRES-5,Cecilia,AZ,moguest,False,session_01,observations\2026-08-26\TRES-5\session_01\TRES-5260826095715.fits,downloaded,656640
TRES-5260826100015,2026-08-26 10:00:15,https://mo-www.cfa.harvard.edu/ImageDirectory/TRES-5260826100015.FITS,Main,60.00,Clear,TRES-5,Cecilia,AZ,moguest,False,session_01,observations\2026-08-26\TRES-5\session_01\TRES-5260826100015.fits,downloaded,656640
TRES-5260826100315,2026-08-26 10:03:15,https://mo-www.cfa.harvard.edu/ImageDirectory/TRES-5260826100315.FITS,Main,60.00,Clear,TRES-5,Cecilia,AZ,moguest,False,session_01,observations\2026-08-26\TRES-5\session_01\TRES-5260826100315.fits,downloaded,656640
TRES-5260826100615,2026-08-26 10:06:15,https://mo-www.cfa.harvard.edu/ImageDirectory/TRES-5260826100615.FITS,Main,60.00,Clear,TRES-5,Cecilia,AZ,moguest,False,session_01,observations\2026-08-26\TRES-5\session_01\TRES-5260826100615.fits,downloaded,656640
TRES-5260826100915,2026-08-26 10:09:15,https://mo-www.cfa.harvard.edu/ImageDirectory/TRES-5260826100915.FITS,Main,60.00,Clear,TRES-5,Cecilia,AZ,moguest,False,session_01,observations\2026-08-26\TRES-5\session_01\TRES-5260826100915.fits,downloaded,656640
TRES-5260826101215,2026-08-26 10:12:15,https://mo-www.cfa.harvard.edu/ImageDirectory/TRES-5260826101215.FITS,Main,60.00,Clear,TRES-5,Cecilia,AZ,moguest,False,session_01,observations\2026-08-26\TRES-5\session_01\TRES-5260826101215.fits,downloaded,656640
TRES-5260826101516,2026-08-26 10:15:16,https://mo-www.cfa.harvard.edu/ImageDirectory/TRES-5260826101516.FITS,Main,60.00,Clear,TRES-5,Cecilia,AZ,moguest,False,session_01,observations\2026-08-26\TRES-5\session_01\TRES-5260826101516.fits,downloaded,656640
TRES-5260826101817,2026-08-26 10:18:17,https://mo-www.cfa.harvard.edu/ImageDirectory/TRES-5260826101817.FITS,Main,60.00,Clear,TRES-5,Cecilia,AZ,moguest,False,session_01,observations\2026-08-26\TRES-5\session_01\TRES-5260826101817.fits,downloaded,656640
TRES-5260826102115,2026-08-26 10:21:15,https://mo-www.cfa.harvard.edu/ImageDirectory/TRES-5260826102115.FITS,Main,60.00,Clear,TRES-5,Cecilia,AZ,moguest,False,session_01,observations\2026-08-26\TRES-5\session_01\TRES-5260826102115.fits,downloaded,656640
TRES-5260829055250,2026-08-29 05:52:50,https://mo-www.cfa.harvard.edu/ImageDirectory/TRES-5260829055250.FITS,Main,60.00,Clear,TRES-5,Cecilia,AZ,moguest,False,session_01,observations\2026-08-29\TRES-5\session_01\TRES-5260829055250.fits,downloaded,656640
TRES-5260829055721,2026-08-29 05:57:21,https://mo-www.cfa.harvard.edu/ImageDirectory/TRES-5260829055721.FITS,Main,60.00,Clear,TRES-5,Cecilia,AZ,moguest,False,session_01,observations\2026-08-29\TRES-5\session_01\TRES-5260829055721.fits,downloaded,656640
TRES-5260829060207,2026-08-29 06:02:07,https://mo-www.cfa.harvard.edu/ImageDirectory/TRES-5260829060207.FITS,Main,60.00,Clear,TRES-5,Cecilia,AZ,moguest,False,session_01,observations\2026-08-29\TRES-5\session_01\TRES-5260829060207.fits,downloaded,656640
TRES-5260829060706,2026-08-29 06:07:06,https://mo-www.cfa.harvard.edu/ImageDirectory/TRES-5260829060706.FITS,Main,60.00,Clear,TRES-5,Cecilia,AZ,moguest,False,session_01,observations\2026-08-29\TRES-5\session_01\TRES-5260829060706.fits,downloaded,656640
TRES-5260829060851,2026-08-29 06:08:51,https://mo-www.cfa.harvard.edu/ImageDirectory/TRES-5260829060851.FITS,Main,60.00,Clear,TRES-5,Cecilia,AZ,moguest,False,session_01,observations\2026-08-29\TRES-5\session_01\TRES-5260829060851.fits,downloaded,656640
TRES-5260829061035,2026-08-29 06:10:35,https://mo-www.cfa.harvard.edu/ImageDirectory/TRES-5260829061035.FITS,Main,60.00,Clear,TRES-5,Cecilia,AZ,moguest,False,session_01,observations\2026-08-29\TRES-5\session_01\TRES-5260829061035.fits,downloaded,656640
TRES-5260829061219,2026-08-29 06:12:19,https://mo-www.cfa.harvard.edu/ImageDirectory/TRES-5260829061219.FITS,Main,60.00,Clear,TRES-5,Cecilia,AZ,moguest,False,session_01,observations\2026-08-29\TRES-5\session_01\TRES-5260829061219.fits,downloaded,656640
TRES-5260829061402,2026-08-29 06:14:02,https://mo-www.cfa.harvard.edu/ImageDirectory/TRES-5260829061402.FITS,Main,60.00,Clear,TRES-5,Cecilia,AZ,moguest,False,session_01,observations\2026-08-29\TRES-5\session_01\TRES-5260829061402.fits,downloaded,656640
TRES-5260829061546,2026-08-29 06:15:46,https://mo-www.cfa.harvard.edu/ImageDirectory/TRES-5260829061546.FITS,Main,60.00,Clear,TRES-5,Cecilia,AZ,moguest,False,session_01,observations\2026-08-29\TRES-5\session_01\TRES-5260829061546.fits,downloaded,656640
TRES-5260829061815,2026-08-29 06:18:15,https://mo-www.cfa.harvard.edu/ImageDirectory/TRES-5260829061815.FITS,Main,60.00,Clear,TRES-5,Cecilia,AZ,moguest,False,session_01,observations\2026-08-29\TRES-5\session_01\TRES-5260829061815.fits,downloaded,656640
TRES-5260829062115,2026-08-29 06:21:15,https://mo-www.cfa.harvard.edu/ImageDirectory/TRES-5260829062115.FITS,Main,60.00,Clear,TRES-5,Cecilia,AZ,moguest,False,session_01,observations\2026-08-29\TRES-5\session_01\TRES-5260829062115.fits,downloaded,656640
TRES-5260829062415,2026-08-29 06:24:15,https://mo-www.cfa.harvard.edu/ImageDirectory/TRES-5260829062415.FITS,Main,60.00,Clear,TRES-5,Cecilia,AZ,moguest,False,session_01,observations\2026-08-29\TRES-5\session_01\TRES-5260829062415.fits,downloaded,656640
TRES-5260829062715,2026-08-29 06:27:15,https://mo-www.cfa.harvard.edu/ImageDirectory/TRES-5260829062715.FITS,Main,60.00,Clear,TRES-5,Cecilia,AZ,moguest,False,session_01,observations\2026-08-29\TRES-5\session_01\TRES-5260829062715.fits,downloaded,656640
TRES-5260829063015,2026-08-29 06:30:15,https://mo-www.cfa.harvard.edu/ImageDirectory/TRES-5260829063015.FITS,Main,60.00,Clear,TRES-5,Cecilia,AZ,moguest,False,session_01,observations\2026-08-29\TRES-5\session_01\TRES-5260829063015.fits,downloaded,656640
TRES-5260829063315,2026-08-29 06:33:15,https://mo-www.cfa.harvard.edu/ImageDirectory/TRES-5260829063315.FITS,Main,60.00,Clear,TRES-5,Cecilia,AZ,moguest,False,session_01,observations\2026-08-29\TRES-5\session_01\TRES-5260829063315.fits,downloaded,656640
TRES-5260829063616,2026-08-29 06:36:16,https://mo-www.cfa.harvard.edu/ImageDirectory/TRES-5260829063616.FITS,Main,60.00,Clear,TRES-5,Cecilia,AZ,moguest,False,session_01,observations\2026-08-29\TRES-5\session_01\TRES-5260829063616.fits,downloaded,656640
TRES-5260829063915,2026-08-29 06:39:15,https://mo-www.cfa.harvard.edu/ImageDirectory/TRES-5260829063915.FITS,Main,60.00,Clear,TRES-5,Cecilia,AZ,moguest,False,session_01,observations\2026-08-29\TRES-5\session_01\TRES-5260829063915.fits,downloaded,656640
TRES-5260829064216,2026-08-29 06:42:16,https://mo-www.cfa.harvard.edu/ImageDirectory/TRES-5260829064216.FITS,Main,60.00,Clear,TRES-5,Cecilia,AZ,moguest,False,session_01,observations\2026-08-29\TRES-5\session_01\TRES-5260829064216.fits,downloaded,656640
TRES-5260829064515,2026-08-29 06:45:15,https://mo-www.cfa.harvard.edu/ImageDirectory/TRES-5260829064515.FITS,Main,60.00,Clear,TRES-5,Cecilia,AZ,moguest,False,session_01,observations\2026-08-29\TRES-5\session_01\TRES-5260829064515.fits,downloaded,656640
TRES-5260829064815,2026-08-29 06:48:15,https://mo-www.cfa.harvard.edu/ImageDirectory/TRES-5260829064815.FITS,Main,60.00,Clear,TRES-5,Cecilia,AZ,moguest,False,session_01,observations\2026-08-29\TRES-5\session_01\TRES-5260829064815.fits,downloaded,656640
TRES-5260829065115,2026-08-29 06:51:15,https://mo-www.cfa.harvard.edu/ImageDirectory/TRES-5260829065115.FITS,Main,60.00,Clear,TRES-5,Cecilia,AZ,moguest,False,session_01,observations\2026-08-29\TRES-5\session_01\TRES-5260829065115.fits,downloaded,656640
TRES-5260829065415,2026-08-29 06:54:15,https://mo-www.cfa.harvard.edu/ImageDirectory/TRES-5260829065415.FITS,Main,60.00,Clear,TRES-5,Cecilia,AZ,moguest,False,session_01,observations\2026-08-29\TRES-5\session_01\TRES-5260829065415.fits,downloaded,656640
TRES-5260829065715,2026-08-29 06:57:15,https://mo-www.cfa.harvard.edu/ImageDirectory/TRES-5260829065715.FITS,Main,60.00,Clear,TRES-5,Cecilia,AZ,moguest,False,session_01,observations\2026-08-29\TRES-5\session_01\TRES-5260829065715.fits,downloaded,656640
TRES-5260829070015,2026-08-29 07:00:15,https://mo-www.cfa.harvard.edu/ImageDirectory/TRES-5260829070015.FITS,Main,60.00,Clear,TRES-5,Cecilia,AZ,moguest,False,session_01,observations\2026-08-29\TRES-5\session_01\TRES-5260829070015.fits,downloaded,656640
TRES-5260829070315,2026-08-29 07:03:15,https://mo-www.cfa.harvard.edu/ImageDirectory/TRES-5260829070315.FITS,Main,60.00,Clear,TRES-5,Cecilia,AZ,moguest,False,session_01,observations\2026-08-29\TRES-5\session_01\TRES-5260829070315.fits,downloaded,656640
TRES-5260829070615,2026-08-29 07:06:15,https://mo-www.cfa.harvard.edu/ImageDirectory/TRES-5260829070615.FITS,Main,60.00,Clear,TRES-5,Cecilia,AZ,moguest,False,session_01,observations\2026-08-29\TRES-5\session_01\TRES-5260829070615.fits,downloaded,656640
TRES-5260829070915,2026-08-29 07:09:15,https://mo-www.cfa.harvard.edu/ImageDirectory/TRES-5260829070915.FITS,Main,60.00,Clear,TRES-5,Cecilia,AZ,moguest,False,session_01,observations\2026-08-29\TRES-5\session_01\TRES-5260829070915.fits,downloaded,656640
TRES-5260829071215,2026-08-29 07:12:15,https://mo-www.cfa.harvard.edu/ImageDirectory/TRES-5260829071215.FITS,Main,60.00,Clear,TRES-5,Cecilia,AZ,moguest,False,session_01,observations\2026-08-29\TRES-5\session_01\TRES-5260829071215.fits,downloaded,656640
TRES-5260829071516,2026-08-29 07:15:16,https://mo-www.cfa.harvard.edu/ImageDirectory/TRES-5260829071516.FITS,Main,60.00,Clear,TRES-5,Cecilia,AZ,moguest,False,session_01,observations\2026-08-29\TRES-5\session_01\TRES-5260829071516.fits,downloaded,656640
TRES-5260829071815,2026-08-29 07:18:15,https://mo-www.cfa.harvard.edu/ImageDirectory/TRES-5260829071815.FITS,Main,60.00,Clear,TRES-5,Cecilia,AZ,moguest,False,session_01,observations\2026-08-29\TRES-5\session_01\TRES-5260829071815.fits,downloaded,656640
TRES-5260829072115,2026-08-29 07:21:15,https://mo-www.cfa.harvard.edu/ImageDirectory/TRES-5260829072115.FITS,Main,60.00,Clear,TRES-5,Cecilia,AZ,moguest,False,session_01,observations\2026-08-29\TRES-5\session_01\TRES-5260829072115.fits,downloaded,656640
TRES-5260829072415,2026-08-29 07:24:15,https://mo-www.cfa.harvard.edu/ImageDirectory/TRES-5260829072415.FITS,Main,60.00,Clear,TRES-5,Cecilia,AZ,moguest,False,session_01,observations\2026-08-29\TRES-5\session_01\TRES-5260829072415.fits,downloaded,656640
TRES-5260829072716,2026-08-29 07:27:16,https://mo-www.cfa.harvard.edu/ImageDirectory/TRES-5260829072716.FITS,Main,60.00,Clear,TRES-5,Cecilia,AZ,moguest,False,session_01,observations\2026-08-29\TRES-5\session_01\TRES-5260829072716.fits,downloaded,656640
TRES-5260829073016,2026-08-29 07:30:16,https://mo-www.cfa.harvard.edu/ImageDirectory/TRES-5260829073016.FITS,Main,60.00,Clear,TRES-5,Cecilia,AZ,moguest,False,session_01,observations\2026-08-29\TRES-5\session_01\TRES-5260829073016.fits,downloaded,656640
TRES-5260829073315,2026-08-29 07:33:15,https://mo-www.cfa.harvard.edu/ImageDirectory/TRES-5260829073315.FITS,Main,60.00,Clear,TRES-5,Cecilia,AZ,moguest,False,session_01,observations\2026-08-29\TRES-5\session_01\TRES-5260829073315.fits,downloaded,656640
TRES-5260829073615,2026-08-29 07:36:15,https://mo-www.cfa.harvard.edu/ImageDirectory/TRES-5260829073615.FITS,Main,60.00,Clear,TRES-5,Cecilia,AZ,moguest,False,session_01,observations\2026-08-29\TRES-5\session_01\TRES-5260829073615.fits,downloaded,656640
TRES-5260829073915,2026-08-29 07:39:15,https://mo-www.cfa.harvard.edu/ImageDirectory/TRES-5260829073915.FITS,Main,60.00,Clear,TRES-5,Cecilia,AZ,moguest,False,session_01,observations\2026-08-29\TRES-5\session_01\TRES-5260829073915.fits,downloaded,656640
TRES-5260829074217,2026-08-29 07:42:17,https://mo-www.cfa.harvard.edu/ImageDirectory/TRES-5260829074217.FITS,Main,60.00,Clear,TRES-5,Cecilia,AZ,moguest,False,session_01,observations\2026-08-29\TRES-5\session_01\TRES-5260829074217.fits,downloaded,656640
TRES-5260829074515,2026-08-29 07:45:15,https://mo-www.cfa.harvard.edu/ImageDirectory/TRES-5260829074515.FITS,Main,60.00,Clear,TRES-5,Cecilia,AZ,moguest,False,session_01,observations\2026-08-29\TRES-5\session_01\TRES-5260829074515.fits,downloaded,656640
TRES-5260829074815,2026-08-29 07:48:15,https://mo-www.cfa.harvard.edu/ImageDirectory/TRES-5260829074815.FITS,Main,60.00,Clear,TRES-5,Cecilia,AZ,moguest,False,session_01,observations\2026-08-29\TRES-5\session_01\TRES-5260829074815.fits,downloaded,656640
TRES-5260829075115,2026-08-29 07:51:15,https://mo-www.cfa.harvard.edu/ImageDirectory/TRES-5260829075115.FITS,Main,60.00,Clear,TRES-5,Cecilia,AZ,moguest,False,session_01,observations\2026-08-29\TRES-5\session_01\TRES-5260829075115.fits,downloaded,656640
TRES-5260829075415,2026-08-29 07:54:15,https://mo-www.cfa.harvard.edu/ImageDirectory/TRES-5260829075415.FITS,Main,60.00,Clear,TRES-5,Cecilia,AZ,moguest,False,session_01,observations\2026-08-29\TRES-5\session_01\TRES-5260829075415.fits,downloaded,656640
TRES-5260829075716,2026-08-29 07:57:16,https://mo-www.cfa.harvard.edu/ImageDirectory/TRES-5260829075716.FITS,Main,60.00,Clear,TRES-5,Cecilia,AZ,moguest,False,session_01,observations\2026-08-29\TRES-5\session_01\TRES-5260829075716.fits,downloaded,656640
TRES-5260829080015,2026-08-29 08:00:15,https://mo-www.cfa.harvard.edu/ImageDirectory/TRES-5260829080015.FITS,Main,60.00,Clear,TRES-5,Cecilia,AZ,moguest,False,session_01,observations\2026-08-29\TRES-5\session_01\TRES-5260829080015.fits,downloaded,656640
TRES-5260829080315,2026-08-29 08:03:15,https://mo-www.cfa.harvard.edu/ImageDirectory/TRES-5260829080315.FITS,Main,60.00,Clear,TRES-5,Cecilia,AZ,moguest,False,session_01,observations\2026-08-29\TRES-5\session_01\TRES-5260829080315.fits,downloaded,656640
TRES-5260829080615,2026-08-29 08:06:15,https://mo-www.cfa.harvard.edu/ImageDirectory/TRES-5260829080615.FITS,Main,60.00,Clear,TRES-5,Cecilia,AZ,moguest,False,session_01,observations\2026-08-29\TRES-5\session_01\TRES-5260829080615.fits,downloaded,656640
TRES-5260829080915,2026-08-29 08:09:15,https://mo-www.cfa.harvard.edu/ImageDirectory/TRES-5260829080915.FITS,Main,60.00,Clear,TRES-5,Cecilia,AZ,moguest,False,session_01,observations\2026-08-29\TRES-5\session_01\TRES-5260829080915.fits,downloaded,656640
TRES-5260829081216,2026-08-29 08:12:16,https://mo-www.cfa.harvard.edu/ImageDirectory/TRES-5260829081216.FITS,Main,60.00,Clear,TRES-5,Cecilia,AZ,moguest,False,session_01,observations\2026-08-29\TRES-5\session_01\TRES-5260829081216.fits,downloaded,656640
TRES-5260829081515,2026-08-29 08:15:15,https://mo-www.cfa.harvard.edu/ImageDirectory/TRES-5260829081515.FITS,Main,60.00,Clear,TRES-5,Cecilia,AZ,moguest,False,session_01,observations\2026-08-29\TRES-5\session_01\TRES-5260829081515.fits,downloaded,656640
TRES-5260829081815,2026-08-29 08:18:15,https://mo-www.cfa.harvard.edu/ImageDirectory/TRES-5260829081815.FITS,Main,60.00,Clear,TRES-5,Cecilia,AZ,moguest,False,session_01,observations\2026-08-29\TRES-5\session_01\TRES-5260829081815.fits,downloaded,656640
TRES-5260829082115,2026-08-29 08:21:15,https://mo-www.cfa.harvard.edu/ImageDirectory/TRES-5260829082115.FITS,Main,60.00,Clear,TRES-5,Cecilia,AZ,moguest,False,session_01,observations\2026-08-29\TRES-5\session_01\TRES-5260829082115.fits,downloaded,656640
TRES-5260829082415,2026-08-29 08:24:15,https://mo-www.cfa.harvard.edu/ImageDirectory/TRES-5260829082415.FITS,Main,60.00,Clear,TRES-5,Cecilia,AZ,moguest,False,session_01,observations\2026-08-29\TRES-5\session_01\TRES-5260829082415.fits,downloaded,656640
TRES-5260829082715,2026-08-29 08:27:15,https://mo-www.cfa.harvard.edu/ImageDirectory/TRES-5260829082715.FITS,Main,60.00,Clear,TRES-5,Cecilia,AZ,moguest,False,session_01,observations\2026-08-29\TRES-5\session_01\TRES-5260829082715.fits,downloaded,656640
TRES-5260829083016,2026-08-29 08:30:16,https://mo-www.cfa.harvard.edu/ImageDirectory/TRES-5260829083016.FITS,Main,60.00,Clear,TRES-5,Cecilia,AZ,moguest,False,session_01,observations\2026-08-29\TRES-5\session_01\TRES-5260829083016.fits,downloaded,656640
TRES-5260829083315,2026-08-29 08:33:15,https://mo-www.cfa.harvard.edu/ImageDirectory/TRES-5260829083315.FITS,Main,60.00,Clear,TRES-5,Cecilia,AZ,moguest,False,session_01,observations\2026-08-29\TRES-5\session_01\TRES-5260829083315.fits,downloaded,656640
TRES-5260829083615,2026-08-29 08:36:15,https://mo-www.cfa.harvard.edu/ImageDirectory/TRES-5260829083615.FITS,Main,60.00,Clear,TRES-5,Cecilia,AZ,moguest,False,session_01,observations\2026-08-29\TRES-5\session_01\TRES-5260829083615.fits,downloaded,656640
TRES-5260829083915,2026-08-29 08:39:15,https://mo-www.cfa.harvard.edu/ImageDirectory/TRES-5260829083915.FITS,Main,60.00,Clear,TRES-5,Cecilia,AZ,moguest,False,session_01,observations\2026-08-29\TRES-5\session_01\TRES-5260829083915.fits,downloaded,656640
TRES-5260829084215,2026-08-29 08:42:15,https://mo-www.cfa.harvard.edu/ImageDirectory/TRES-5260829084215.FITS,Main,60.00,Clear,TRES-5,Cecilia,AZ,moguest,False,session_01,observations\2026-08-29\TRES-5\session_01\TRES-5260829084215.fits,downloaded,656640
TRES-5260829084516,2026-08-29 08:45:16,https://mo-www.cfa.harvard.edu/ImageDirectory/TRES-5260829084516.FITS,Main,60.00,Clear,TRES-5,Cecilia,AZ,moguest,False,session_01,observations\2026-08-29\TRES-5\session_01\TRES-5260829084516.fits,downloaded,656640
TRES-5260829084815,2026-08-29 08:48:15,https://mo-www.cfa.harvard.edu/ImageDirectory/TRES-5260829084815.FITS,Main,60.00,Clear,TRES-5,Cecilia,AZ,moguest,False,session_01,observations\2026-08-29\TRES-5\session_01\TRES-5260829084815.fits,downloaded,656640
TRES-5260829085115,2026-08-29 08:51:15,https://mo-www.cfa.harvard.edu/ImageDirectory/TRES-5260829085115.FITS,Main,60.00,Clear,TRES-5,Cecilia,AZ,moguest,False,session_01,observations\2026-08-29\TRES-5\session_01\TRES-5260829085115.fits,downloaded,656640
TRES-5260829085415,2026-08-29 08:54:15,https://mo-www.cfa.harvard.edu/ImageDirectory/TRES-5260829085415.FITS,Main,60.00,Clear,TRES-5,Cecilia,AZ,moguest,False,session_01,observations\2026-08-29\TRES-5\session_01\TRES-5260829085415.fits,downloaded,656640
TRES-5260829085715,2026-08-29 08:57:15,https://mo-www.cfa.harvard.edu/ImageDirectory/TRES-5260829085715.FITS,Main,60.00,Clear,TRES-5,Cecilia,AZ,moguest,False,session_01,observations\2026-08-29\TRES-5\session_01\TRES-5260829085715.fits,downloaded,656640
TRES-5260829090015,2026-08-29 09:00:15,https://mo-www.cfa.harvard.edu/ImageDirectory/TRES-5260829090015.FITS,Main,60.00,Clear,TRES-5,Cecilia,AZ,moguest,False,session_01,observations\2026-08-29\TRES-5\session_01\TRES-5260829090015.fits,downloaded,656640
TRES-5260829090315,2026-08-29 09:03:15,https://mo-www.cfa.harvard.edu/ImageDirectory/TRES-5260829090315.FITS,Main,60.00,Clear,TRES-5,Cecilia,AZ,moguest,False,session_01,observations\2026-08-29\TRES-5\session_01\TRES-5260829090315.fits,downloaded,656640
TRES-5260829090617,2026-08-29 09:06:17,https://mo-www.cfa.harvard.edu/ImageDirectory/TRES-5260829090617.FITS,Main,60.00,Clear,TRES-5,Cecilia,AZ,moguest,False,session_01,observations\2026-08-29\TRES-5\session_01\TRES-5260829090617.fits,downloaded,656640
TRES-5260829090915,2026-08-29 09:09:15,https://mo-www.cfa.harvard.edu/ImageDirectory/TRES-5260829090915.FITS,Main,60.00,Clear,TRES-5,Cecilia,AZ,moguest,False,session_01,observations\2026-08-29\TRES-5\session_01\TRES-5260829090915.fits,downloaded,656640
TRES-5260829091216,2026-08-29 09:12:16,https://mo-www.cfa.harvard.edu/ImageDirectory/TRES-5260829091216.FITS,Main,60.00,Clear,TRES-5,Cecilia,AZ,moguest,False,session_01,observations\2026-08-29\TRES-5\session_01\TRES-5260829091216.fits,downloaded,656640
TRES-5260829091516,2026-08-29 09:15:16,https://mo-www.cfa.harvard.edu/ImageDirectory/TRES-5260829091516.FITS,Main,60.00,Clear,TRES-5,Cecilia,AZ,moguest,False,session_01,observations\2026-08-29\TRES-5\session_01\TRES-5260829091516.fits,downloaded,656640
TRES-5260829091817,2026-08-29 09:18:17,https://mo-www.cfa.harvard.edu/ImageDirectory/TRES-5260829091817.FITS,Main,60.00,Clear,TRES-5,Cecilia,AZ,moguest,False,session_01,observations\2026-08-29\TRES-5\session_01\TRES-5260829091817.fits,downloaded,656640
TRES-5260829092115,2026-08-29 09:21:15,https://mo-www.cfa.harvard.edu/ImageDirectory/TRES-5260829092115.FITS,Main,60.00,Clear,TRES-5,Cecilia,AZ,moguest,False,session_01,observations\2026-08-29\TRES-5\session_01\TRES-5260829092115.fits,downloaded,656640
TRES-5260829092415,2026-08-29 09:24:15,https://mo-www.cfa.harvard.edu/ImageDirectory/TRES-5260829092415.FITS,Main,60.00,Clear,TRES-5,Cecilia,AZ,moguest,False,session_01,observations\2026-08-29\TRES-5\session_01\TRES-5260829092415.fits,downloaded,656640
TRES-5260829092716,2026-08-29 09:27:16,https://mo-www.cfa.harvard.edu/ImageDirectory/TRES-5260829092716.FITS,Main,60.00,Clear,TRES-5,Cecilia,AZ,moguest,False,session_01,observations\2026-08-29\TRES-5\session_01\TRES-5260829092716.fits,downloaded,656640
TRES-5260829093015,2026-08-29 09:30:15,https://mo-www.cfa.harvard.edu/ImageDirectory/TRES-5260829093015.FITS,Main,60.00,Clear,TRES-5,Cecilia,AZ,moguest,False,session_01,observations\2026-08-29\TRES-5\session_01\TRES-5260829093015.fits,downloaded,656640
TRES-5260901050038,2026-09-01 05:00:38,https://mo-www.cfa.harvard.edu/ImageDirectory/TRES-5260901050038.FITS,Main,60.00,Clear,TRES-5,Cecilia,AZ,moguest,False,session_01,observations\2026-09-01\TRES-5\session_01\TRES-5260901050038.fits,downloaded,656640
TRES-5260901050316,2026-09-01 05:03:16,https://mo-www.cfa.harvard.edu/ImageDirectory/TRES-5260901050316.FITS,Main,60.00,Clear,TRES-5,Cecilia,AZ,moguest,False,session_01,observations\2026-09-01\TRES-5\session_01\TRES-5260901050316.fits,downloaded,656640
TRES-5260901050615,2026-09-01 05:06:15,https://mo-www.cfa.harvard.edu/ImageDirectory/TRES-5260901050615.FITS,Main,60.00,Clear,TRES-5,Cecilia,AZ,moguest,False,session_01,observations\2026-09-01\TRES-5\session_01\TRES-5260901050615.fits,downloaded,656640
TRES-5260901050915,2026-09-01 05:09:15,https://mo-www.cfa.harvard.edu/ImageDirectory/TRES-5260901050915.FITS,Main,60.00,Clear,TRES-5,Cecilia,AZ,moguest,False,session_01,observations\2026-09-01\TRES-5\session_01\TRES-5260901050915.fits,downloaded,656640
TRES-5260901051215,2026-09-01 05:12:15,https://mo-www.cfa.harvard.edu/ImageDirectory/TRES-5260901051215.FITS,Main,60.00,Clear,TRES-5,Cecilia,AZ,moguest,False,session_01,observations\2026-09-01\TRES-5\session_01\TRES-5260901051215.fits,downloaded,656640
TRES-5260901051515,2026-09-01 05:15:15,https://mo-www.cfa.harvard.edu/ImageDirectory/TRES-5260901051515.FITS,Main,60.00,Clear,TRES-5,Cecilia,AZ,moguest,False,session_01,observations\2026-09-01\TRES-5\session_01\TRES-5260901051515.fits,downloaded,656640
TRES-5260901051816,2026-09-01 05:18:16,https://mo-www.cfa.harvard.edu/ImageDirectory/TRES-5260901051816.FITS,Main,60.00,Clear,TRES-5,Cecilia,AZ,moguest,False,session_01,observations\2026-09-01\TRES-5\session_01\TRES-5260901051816.fits,downloaded,656640
TRES-5260901052115,2026-09-01 05:21:15,https://mo-www.cfa.harvard.edu/ImageDirectory/TRES-5260901052115.FITS,Main,60.00,Clear,TRES-5,Cecilia,AZ,moguest,False,session_01,observations\2026-09-01\TRES-5\session_01\TRES-5260901052115.fits,downloaded,656640
TRES-5260901052415,2026-09-01 05:24:15,https://mo-www.cfa.harvard.edu/ImageDirectory/TRES-5260901052415.FITS,Main,60.00,Clear,TRES-5,Cecilia,AZ,moguest,False,session_01,observations\2026-09-01\TRES-5\session_01\TRES-5260901052415.fits,downloaded,656640
TRES-5260901052716,2026-09-01 05:27:16,https://mo-www.cfa.harvard.edu/ImageDirectory/TRES-5260901052716.FITS,Main,60.00,Clear,TRES-5,Cecilia,AZ,moguest,False,session_01,observations\2026-09-01\TRES-5\session_01\TRES-5260901052716.fits,downloaded,656640
TRES-5260901053015,2026-09-01 05:30:15,https://mo-www.cfa.harvard.edu/ImageDirectory/TRES-5260901053015.FITS,Main,60.00,Clear,TRES-5,Cecilia,AZ,moguest,False,session_01,observations\2026-09-01\TRES-5\session_01\TRES-5260901053015.fits,downloaded,656640
TRES-5260901053316,2026-09-01 05:33:16,https://mo-www.cfa.harvard.edu/ImageDirectory/TRES-5260901053316.FITS,Main,60.00,Clear,TRES-5,Cecilia,AZ,moguest,False,session_01,observations\2026-09-01\TRES-5\session_01\TRES-5260901053316.fits,downloaded,656640
TRES-5260901053615,2026-09-01 05:36:15,https://mo-www.cfa.harvard.edu/ImageDirectory/TRES-5260901053615.FITS,Main,60.00,Clear,TRES-5,Cecilia,AZ,moguest,False,session_01,observations\2026-09-01\TRES-5\session_01\TRES-5260901053615.fits,downloaded,656640
TRES-5260901053916,2026-09-01 05:39:16,https://mo-www.cfa.harvard.edu/ImageDirectory/TRES-5260901053916.FITS,Main,60.00,Clear,TRES-5,Cecilia,AZ,moguest,False,session_01,observations\2026-09-01\TRES-5\session_01\TRES-5260901053916.fits,downloaded,656640
TRES-5260901054215,2026-09-01 05:42:15,https://mo-www.cfa.harvard.edu/ImageDirectory/TRES-5260901054215.FITS,Main,60.00,Clear,TRES-5,Cecilia,AZ,moguest,False,session_01,observations\2026-09-01\TRES-5\session_01\TRES-5260901054215.fits,downloaded,656640
TRES-5260901054516,2026-09-01 05:45:16,https://mo-www.cfa.harvard.edu/ImageDirectory/TRES-5260901054516.FITS,Main,60.00,Clear,TRES-5,Cecilia,AZ,moguest,False,session_01,observations\2026-09-01\TRES-5\session_01\TRES-5260901054516.fits,downloaded,656640
TRES-5260901054817,2026-09-01 05:48:17,https://mo-www.cfa.harvard.edu/ImageDirectory/TRES-5260901054817.FITS,Main,60.00,Clear,TRES-5,Cecilia,AZ,moguest,False,session_01,observations\2026-09-01\TRES-5\session_01\TRES-5260901054817.fits,downloaded,656640
TRES-5260901055115,2026-09-01 05:51:15,https://mo-www.cfa.harvard.edu/ImageDirectory/TRES-5260901055115.FITS,Main,60.00,Clear,TRES-5,Cecilia,AZ,moguest,False,session_01,observations\2026-09-01\TRES-5\session_01\TRES-5260901055115.fits,downloaded,656640
TRES-5260901055415,2026-09-01 05:54:15,https://mo-www.cfa.harvard.edu/ImageDirectory/TRES-5260901055415.FITS,Main,60.00,Clear,TRES-5,Cecilia,AZ,moguest,False,session_01,observations\2026-09-01\TRES-5\session_01\TRES-5260901055415.fits,downloaded,656640
TRES-5260901055716,2026-09-01 05:57:16,https://mo-www.cfa.harvard.edu/ImageDirectory/TRES-5260901055716.FITS,Main,60.00,Clear,TRES-5,Cecilia,AZ,moguest,False,session_01,observations\2026-09-01\TRES-5\session_01\TRES-5260901055716.fits,downloaded,656640
TRES-5260901060015,2026-09-01 06:00:15,https://mo-www.cfa.harvard.edu/ImageDirectory/TRES-5260901060015.FITS,Main,60.00,Clear,TRES-5,Cecilia,AZ,moguest,False,session_01,observations\2026-09-01\TRES-5\session_01\TRES-5260901060015.fits,downloaded,656640
TRES-5260901060315,2026-09-01 06:03:15,https://mo-www.cfa.harvard.edu/ImageDirectory/TRES-5260901060315.FITS,Main,60.00,Clear,TRES-5,Cecilia,AZ,moguest,False,session_01,observations\2026-09-01\TRES-5\session_01\TRES-5260901060315.fits,downloaded,656640
TRES-5260901060615,2026-09-01 06:06:15,https://mo-www.cfa.harvard.edu/ImageDirectory/TRES-5260901060615.FITS,Main,60.00,Clear,TRES-5,Cecilia,AZ,moguest,False,session_01,observations\2026-09-01\TRES-5\session_01\TRES-5260901060615.fits,downloaded,656640
TRES-5260901060916,2026-09-01 06:09:16,https://mo-www.cfa.harvard.edu/ImageDirectory/TRES-5260901060916.FITS,Main,60.00,Clear,TRES-5,Cecilia,AZ,moguest,False,session_01,observations\2026-09-01\TRES-5\session_01\TRES-5260901060916.fits,downloaded,656640
TRES-5260901061215,2026-09-01 06:12:15,https://mo-www.cfa.harvard.edu/ImageDirectory/TRES-5260901061215.FITS,Main,60.00,Clear,TRES-5,Cecilia,AZ,moguest,False,session_01,observations\2026-09-01\TRES-5\session_01\TRES-5260901061215.fits,downloaded,656640
TRES-5260901061515,2026-09-01 06:15:15,https://mo-www.cfa.harvard.edu/ImageDirectory/TRES-5260901061515.FITS,Main,60.00,Clear,TRES-5,Cecilia,AZ,moguest,False,session_01,observations\2026-09-01\TRES-5\session_01\TRES-5260901061515.fits,downloaded,656640
TRES-5260901061815,2026-09-01 06:18:15,https://mo-www.cfa.harvard.edu/ImageDirectory/TRES-5260901061815.FITS,Main,60.00,Clear,TRES-5,Cecilia,AZ,moguest,False,session_01,observations\2026-09-01\TRES-5\session_01\TRES-5260901061815.fits,downloaded,656640
TRES-5260901062115,2026-09-01 06:21:15,https://mo-www.cfa.harvard.edu/ImageDirectory/TRES-5260901062115.FITS,Main,60.00,Clear,TRES-5,Cecilia,AZ,moguest,False,session_01,observations\2026-09-01\TRES-5\session_01\TRES-5260901062115.fits,downloaded,656640
TRES-5260901062416,2026-09-01 06:24:16,https://mo-www.cfa.harvard.edu/ImageDirectory/TRES-5260901062416.FITS,Main,60.00,Clear,TRES-5,Cecilia,AZ,moguest,False,session_01,observations\2026-09-01\TRES-5\session_01\TRES-5260901062416.fits,downloaded,656640
TRES-5260901062715,2026-09-01 06:27:15,https://mo-www.cfa.harvard.edu/ImageDirectory/TRES-5260901062715.FITS,Main,60.00,Clear,TRES-5,Cecilia,AZ,moguest,False,session_01,observations\2026-09-01\TRES-5\session_01\TRES-5260901062715.fits,downloaded,656640
TRES-5260901063015,2026-09-01 06:30:15,https://mo-www.cfa.harvard.edu/ImageDirectory/TRES-5260901063015.FITS,Main,60.00,Clear,TRES-5,Cecilia,AZ,moguest,False,session_01,observations\2026-09-01\TRES-5\session_01\TRES-5260901063015.fits,downloaded,656640
TRES-5260901063315,2026-09-01 06:33:15,https://mo-www.cfa.harvard.edu/ImageDirectory/TRES-5260901063315.FITS,Main,60.00,Clear,TRES-5,Cecilia,AZ,moguest,False,session_01,observations\2026-09-01\TRES-5\session_01\TRES-5260901063315.fits,downloaded,656640
TRES-5260901063615,2026-09-01 06:36:15,https://mo-www.cfa.harvard.edu/ImageDirectory/TRES-5260901063615.FITS,Main,60.00,Clear,TRES-5,Cecilia,AZ,moguest,False,session_01,observations\2026-09-01\TRES-5\session_01\TRES-5260901063615.fits,downloaded,656640
TRES-5260901063916,2026-09-01 06:39:16,https://mo-www.cfa.harvard.edu/ImageDirectory/TRES-5260901063916.FITS,Main,60.00,Clear,TRES-5,Cecilia,AZ,moguest,False,session_01,observations\2026-09-01\TRES-5\session_01\TRES-5260901063916.fits,downloaded,656640
TRES-5260901064215,2026-09-01 06:42:15,https://mo-www.cfa.harvard.edu/ImageDirectory/TRES-5260901064215.FITS,Main,60.00,Clear,TRES-5,Cecilia,AZ,moguest,False,session_01,observations\2026-09-01\TRES-5\session_01\TRES-5260901064215.fits,downloaded,656640
TRES-5260901064516,2026-09-01 06:45:16,https://mo-www.cfa.harvard.edu/ImageDirectory/TRES-5260901064516.FITS,Main,60.00,Clear,TRES-5,Cecilia,AZ,moguest,False,session_01,observations\2026-09-01\TRES-5\session_01\TRES-5260901064516.fits,downloaded,656640
TRES-5260901064815,2026-09-01 06:48:15,https://mo-www.cfa.harvard.edu/ImageDirectory/TRES-5260901064815.FITS,Main,60.00,Clear,TRES-5,Cecilia,AZ,moguest,False,session_01,observations\2026-09-01\TRES-5\session_01\TRES-5260901064815.fits,downloaded,656640
TRES-5260901065116,2026-09-01 06:51:16,https://mo-www.cfa.harvard.edu/ImageDirectory/TRES-5260901065116.FITS,Main,60.00,Clear,TRES-5,Cecilia,AZ,moguest,False,session_01,observations\2026-09-01\TRES-5\session_01\TRES-5260901065116.fits,downloaded,656640
TRES-5260901065416,2026-09-01 06:54:16,https://mo-www.cfa.harvard.edu/ImageDirectory/TRES-5260901065416.FITS,Main,60.00,Clear,TRES-5,Cecilia,AZ,moguest,False,session_01,observations\2026-09-01\TRES-5\session_01\TRES-5260901065416.fits,downloaded,656640
TRES-5260901065716,2026-09-01 06:57:16,https://mo-www.cfa.harvard.edu/ImageDirectory/TRES-5260901065716.FITS,Main,60.00,Clear,TRES-5,Cecilia,AZ,moguest,False,session_01,observations\2026-09-01\TRES-5\session_01\TRES-5260901065716.fits,downloaded,656640
TRES-5260901070016,2026-09-01 07:00:16,https://mo-www.cfa.harvard.edu/ImageDirectory/TRES-5260901070016.FITS,Main,60.00,Clear,TRES-5,Cecilia,AZ,moguest,False,session_01,observations\2026-09-01\TRES-5\session_01\TRES-5260901070016.fits,downloaded,656640
TRES-5260901070315,2026-09-01 07:03:15,https://mo-www.cfa.harvard.edu/ImageDirectory/TRES-5260901070315.FITS,Main,60.00,Clear,TRES-5,Cecilia,AZ,moguest,False,session_01,observations\2026-09-01\TRES-5\session_01\TRES-5260901070315.fits,downloaded,656640
TRES-5260901070615,2026-09-01 07:06:15,https://mo-www.cfa.harvard.edu/ImageDirectory/TRES-5260901070615.FITS,Main,60.00,Clear,TRES-5,Cecilia,AZ,moguest,False,session_01,observations\2026-09-01\TRES-5\session_01\TRES-5260901070615.fits,downloaded,656640
TRES-5260901070915,2026-09-01 07:09:15,https://mo-www.cfa.harvard.edu/ImageDirectory/TRES-5260901070915.FITS,Main,60.00,Clear,TRES-5,Cecilia,AZ,moguest,False,session_01,observations\2026-09-01\TRES-5\session_01\TRES-5260901070915.fits,downloaded,656640
TRES-5260901071215,2026-09-01 07:12:15,https://mo-www.cfa.harvard.edu/ImageDirectory/TRES-5260901071215.FITS,Main,60.00,Clear,TRES-5,Cecilia,AZ,moguest,False,session_01,observations\2026-09-01\TRES-5\session_01\TRES-5260901071215.fits,downloaded,656640
TRES-5260901071515,2026-09-01 07:15:15,https://mo-www.cfa.harvard.edu/ImageDirectory/TRES-5260901071515.FITS,Main,60.00,Clear,TRES-5,Cecilia,AZ,moguest,False,session_01,observations\2026-09-01\TRES-5\session_01\TRES-5260901071515.fits,downloaded,656640
TRES-5260901071817,2026-09-01 07:18:17,https://mo-www.cfa.harvard.edu/ImageDirectory/TRES-5260901071817.FITS,Main,60.00,Clear,TRES-5,Cecilia,AZ,moguest,False,session_01,observations\2026-09-01\TRES-5\session_01\TRES-5260901071817.fits,downloaded,656640
TRES-5260901072115,2026-09-01 07:21:15,https://mo-www.cfa.harvard.edu/ImageDirectory/TRES-5260901072115.FITS,Main,60.00,Clear,TRES-5,Cecilia,AZ,moguest,False,session_01,observations\2026-09-01\TRES-5\session_01\TRES-5260901072115.fits,downloaded,656640
TRES-5260901072416,2026-09-01 07:24:16,https://mo-www.cfa.harvard.edu/ImageDirectory/TRES-5260901072416.FITS,Main,60.00,Clear,TRES-5,Cecilia,AZ,moguest,False,session_01,observations\2026-09-01\TRES-5\session_01\TRES-5260901072416.fits,downloaded,656640
TRES-5260901072715,2026-09-01 07:27:15,https://mo-www.cfa.harvard.edu/ImageDirectory/TRES-5260901072715.FITS,Main,60.00,Clear,TRES-5,Cecilia,AZ,moguest,False,session_01,observations\2026-09-01\TRES-5\session_01\TRES-5260901072715.fits,downloaded,656640
TRES-5260901073015,2026-09-01 07:30:15,https://mo-www.cfa.harvard.edu/ImageDirectory/TRES-5260901073015.FITS,Main,60.00,Clear,TRES-5,Cecilia,AZ,moguest,False,session_01,observations\2026-09-01\TRES-5\session_01\TRES-5260901073015.fits,downloaded,656640
TRES-5260901073315,2026-09-01 07:33:15,https://mo-www.cfa.harvard.edu/ImageDirectory/TRES-5260901073315.FITS,Main,60.00,Clear,TRES-5,Cecilia,AZ,moguest,False,session_01,observations\2026-09-01\TRES-5\session_01\TRES-5260901073315.fits,downloaded,656640
TRES-5260901073616,2026-09-01 07:36:16,https://mo-www.cfa.harvard.edu/ImageDirectory/TRES-5260901073616.FITS,Main,60.00,Clear,TRES-5,Cecilia,AZ,moguest,False,session_01,observations\2026-09-01\TRES-5\session_01\TRES-5260901073616.fits,downloaded,656640
TRES-5260901073915,2026-09-01 07:39:15,https://mo-www.cfa.harvard.edu/ImageDirectory/TRES-5260901073915.FITS,Main,60.00,Clear,TRES-5,Cecilia,AZ,moguest,False,session_01,observations\2026-09-01\TRES-5\session_01\TRES-5260901073915.fits,downloaded,656640
TRES-5260901074215,2026-09-01 07:42:15,https://mo-www.cfa.harvard.edu/ImageDirectory/TRES-5260901074215.FITS,Main,60.00,Clear,TRES-5,Cecilia,AZ,moguest,False,session_01,observations\2026-09-01\TRES-5\session_01\TRES-5260901074215.fits,downloaded,656640
TRES-5260901074516,2026-09-01 07:45:16,https://mo-www.cfa.harvard.edu/ImageDirectory/TRES-5260901074516.FITS,Main,60.00,Clear,TRES-5,Cecilia,AZ,moguest,False,session_01,observations\2026-09-01\TRES-5\session_01\TRES-5260901074516.fits,downloaded,656640
TRES-5260901074815,2026-09-01 07:48:15,https://mo-www.cfa.harvard.edu/ImageDirectory/TRES-5260901074815.FITS,Main,60.00,Clear,TRES-5,Cecilia,AZ,moguest,False,session_01,observations\2026-09-01\TRES-5\session_01\TRES-5260901074815.fits,downloaded,656640
TRES-5260901075115,2026-09-01 07:51:15,https://mo-www.cfa.harvard.edu/ImageDirectory/TRES-5260901075115.FITS,Main,60.00,Clear,TRES-5,Cecilia,AZ,moguest,False,session_01,observations\2026-09-01\TRES-5\session_01\TRES-5260901075115.fits,downloaded,656640
TRES-5260901075415,2026-09-01 07:54:15,https://mo-www.cfa.harvard.edu/ImageDirectory/TRES-5260901075415.FITS,Main,60.00,Clear,TRES-5,Cecilia,AZ,moguest,False,session_01,observations\2026-09-01\TRES-5\session_01\TRES-5260901075415.fits,downloaded,656640
TRES-5260901075715,2026-09-01 07:57:15,https://mo-www.cfa.harvard.edu/ImageDirectory/TRES-5260901075715.FITS,Main,60.00,Clear,TRES-5,Cecilia,AZ,moguest,False,session_01,observations\2026-09-01\TRES-5\session_01\TRES-5260901075715.fits,downloaded,656640
TRES-5260901080015,2026-09-01 08:00:15,https://mo-www.cfa.harvard.edu/ImageDirectory/TRES-5260901080015.FITS,Main,60.00,Clear,TRES-5,Cecilia,AZ,moguest,False,session_01,observations\2026-09-01\TRES-5\session_01\TRES-5260901080015.fits,downloaded,656640
TRES-5260901080315,2026-09-01 08:03:15,https://mo-www.cfa.harvard.edu/ImageDirectory/TRES-5260901080315.FITS,Main,60.00,Clear,TRES-5,Cecilia,AZ,moguest,False,session_01,observations\2026-09-01\TRES-5\session_01\TRES-5260901080315.fits,downloaded,656640
TRES-5260901080616,2026-09-01 08:06:16,https://mo-www.cfa.harvard.edu/ImageDirectory/TRES-5260901080616.FITS,Main,60.00,Clear,TRES-5,Cecilia,AZ,moguest,False,session_01,observations\2026-09-01\TRES-5\session_01\TRES-5260901080616.fits,downloaded,656640
TRES-5260901080916,2026-09-01 08:09:16,https://mo-www.cfa.harvard.edu/ImageDirectory/TRES-5260901080916.FITS,Main,60.00,Clear,TRES-5,Cecilia,AZ,moguest,False,session_01,observations\2026-09-01\TRES-5\session_01\TRES-5260901080916.fits,downloaded,656640
TRES-5260901081215,2026-09-01 08:12:15,https://mo-www.cfa.harvard.edu/ImageDirectory/TRES-5260901081215.FITS,Main,60.00,Clear,TRES-5,Cecilia,AZ,moguest,False,session_01,observations\2026-09-01\TRES-5\session_01\TRES-5260901081215.fits,downloaded,656640
TRES-5260901081515,2026-09-01 08:15:15,https://mo-www.cfa.harvard.edu/ImageDirectory/TRES-5260901081515.FITS,Main,60.00,Clear,TRES-5,Cecilia,AZ,moguest,False,session_01,observations\2026-09-01\TRES-5\session_01\TRES-5260901081515.fits,downloaded,656640
TRES-5260901081815,2026-09-01 08:18:15,https://mo-www.cfa.harvard.edu/ImageDirectory/TRES-5260901081815.FITS,Main,60.00,Clear,TRES-5,Cecilia,AZ,moguest,False,session_01,observations\2026-09-01\TRES-5\session_01\TRES-5260901081815.fits,downloaded,656640
TRES-5260901082116,2026-09-01 08:21:16,https://mo-www.cfa.harvard.edu/ImageDirectory/TRES-5260901082116.FITS,Main,60.00,Clear,TRES-5,Cecilia,AZ,moguest,False,session_01,observations\2026-09-01\TRES-5\session_01\TRES-5260901082116.fits,downloaded,656640
TRES-5260901082415,2026-09-01 08:24:15,https://mo-www.cfa.harvard.edu/ImageDirectory/TRES-5260901082415.FITS,Main,60.00,Clear,TRES-5,Cecilia,AZ,moguest,False,session_01,observations\2026-09-01\TRES-5\session_01\TRES-5260901082415.fits,downloaded,656640
TRES-5260901082715,2026-09-01 08:27:15,https://mo-www.cfa.harvard.edu/ImageDirectory/TRES-5260901082715.FITS,Main,60.00,Clear,TRES-5,Cecilia,AZ,moguest,False,session_01,observations\2026-09-01\TRES-5\session_01\TRES-5260901082715.fits,downloaded,656640
TRES-5260901083015,2026-09-01 08:30:15,https://mo-www.cfa.harvard.edu/ImageDirectory/TRES-5260901083015.FITS,Main,60.00,Clear,TRES-5,Cecilia,AZ,moguest,False,session_01,observations\2026-09-01\TRES-5\session_01\TRES-5260901083015.fits,downloaded,656640
TRES-5260901083315,2026-09-01 08:33:15,https://mo-www.cfa.harvard.edu/ImageDirectory/TRES-5260901083315.FITS,Main,60.00,Clear,TRES-5,Cecilia,AZ,moguest,False,session_01,observations\2026-09-01\TRES-5\session_01\TRES-5260901083315.fits,downloaded,656640
TRES-5260901083616,2026-09-01 08:36:16,https://mo-www.cfa.harvard.edu/ImageDirectory/TRES-5260901083616.FITS,Main,60.00,Clear,TRES-5,Cecilia,AZ,moguest,False,session_01,observations\2026-09-01\TRES-5\session_01\TRES-5260901083616.fits,downloaded,656640
TRES-5260901083915,2026-09-01 08:39:15,https://mo-www.cfa.harvard.edu/ImageDirectory/TRES-5260901083915.FITS,Main,60.00,Clear,TRES-5,Cecilia,AZ,moguest,False,session_01,observations\2026-09-01\TRES-5\session_01\TRES-5260901083915.fits,downloaded,656640
TRES-5260904041043,2026-09-04 04:10:43,https://mo-www.cfa.harvard.edu/ImageDirectory/TRES-5260904041043.FITS,Main,60.00,Clear,TRES-5,Cecilia,AZ,moguest,False,session_01,observations\2026-09-04\TRES-5\session_01\TRES-5260904041043.fits,downloaded,656640
TRES-5260904041229,2026-09-04 04:12:29,https://mo-www.cfa.harvard.edu/ImageDirectory/TRES-5260904041229.FITS,Main,60.00,Clear,TRES-5,Cecilia,AZ,moguest,False,session_01,observations\2026-09-04\TRES-5\session_01\TRES-5260904041229.fits,downloaded,656640
TRES-5260904041515,2026-09-04 04:15:15,https://mo-www.cfa.harvard.edu/ImageDirectory/TRES-5260904041515.FITS,Main,60.00,Clear,TRES-5,Cecilia,AZ,moguest,False,session_01,observations\2026-09-04\TRES-5\session_01\TRES-5260904041515.fits,downloaded,656640
TRES-5260904041817,2026-09-04 04:18:17,https://mo-www.cfa.harvard.edu/ImageDirectory/TRES-5260904041817.FITS,Main,60.00,Clear,TRES-5,Cecilia,AZ,moguest,False,session_01,observations\2026-09-04\TRES-5\session_01\TRES-5260904041817.fits,downloaded,656640
TRES-5260904042115,2026-09-04 04:21:15,https://mo-www.cfa.harvard.edu/ImageDirectory/TRES-5260904042115.FITS,Main,60.00,Clear,TRES-5,Cecilia,AZ,moguest,False,session_01,observations\2026-09-04\TRES-5\session_01\TRES-5260904042115.fits,downloaded,656640
TRES-5260904042415,2026-09-04 04:24:15,https://mo-www.cfa.harvard.edu/ImageDirectory/TRES-5260904042415.FITS,Main,60.00,Clear,TRES-5,Cecilia,AZ,moguest,False,session_01,observations\2026-09-04\TRES-5\session_01\TRES-5260904042415.fits,downloaded,656640
TRES-5260904042715,2026-09-04 04:27:15,https://mo-www.cfa.harvard.edu/ImageDirectory/TRES-5260904042715.FITS,Main,60.00,Clear,TRES-5,Cecilia,AZ,moguest,False,session_01,observations\2026-09-04\TRES-5\session_01\TRES-5260904042715.fits,downloaded,656640
TRES-5260904043015,2026-09-04 04:30:15,https://mo-www.cfa.harvard.edu/ImageDirectory/TRES-5260904043015.FITS,Main,60.00,Clear,TRES-5,Cecilia,AZ,moguest,False,session_01,observations\2026-09-04\TRES-5\session_01\TRES-5260904043015.fits,downloaded,656640
TRES-5260904043316,2026-09-04 04:33:16,https://mo-www.cfa.harvard.edu/ImageDirectory/TRES-5260904043316.FITS,Main,60.00,Clear,TRES-5,Cecilia,AZ,moguest,False,session_01,observations\2026-09-04\TRES-5\session_01\TRES-5260904043316.fits,downloaded,656640
TRES-5260904043615,2026-09-04 04:36:15,https://mo-www.cfa.harvard.edu/ImageDirectory/TRES-5260904043615.FITS,Main,60.00,Clear,TRES-5,Cecilia,AZ,moguest,False,session_01,observations\2026-09-04\TRES-5\session_01\TRES-5260904043615.fits,downloaded,656640
TRES-5260904043915,2026-09-04 04:39:15,https://mo-www.cfa.harvard.edu/ImageDirectory/TRES-5260904043915.FITS,Main,60.00,Clear,TRES-5,Cecilia,AZ,moguest,False,session_01,observations\2026-09-04\TRES-5\session_01\TRES-5260904043915.fits,downloaded,656640
TRES-5260904044215,2026-09-04 04:42:15,https://mo-www.cfa.harvard.edu/ImageDirectory/TRES-5260904044215.FITS,Main,60.00,Clear,TRES-5,Cecilia,AZ,moguest,False,session_01,observations\2026-09-04\TRES-5\session_01\TRES-5260904044215.fits,downloaded,656640
TRES-5260904044516,2026-09-04 04:45:16,https://mo-www.cfa.harvard.edu/ImageDirectory/TRES-5260904044516.FITS,Main,60.00,Clear,TRES-5,Cecilia,AZ,moguest,False,session_01,observations\2026-09-04\TRES-5\session_01\TRES-5260904044516.fits,downloaded,656640
TRES-5260904044816,2026-09-04 04:48:16,https://mo-www.cfa.harvard.edu/ImageDirectory/TRES-5260904044816.FITS,Main,60.00,Clear,TRES-5,Cecilia,AZ,moguest,False,session_01,observations\2026-09-04\TRES-5\session_01\TRES-5260904044816.fits,downloaded,656640
TRES-5260904045115,2026-09-04 04:51:15,https://mo-www.cfa.harvard.edu/ImageDirectory/TRES-5260904045115.FITS,Main,60.00,Clear,TRES-5,Cecilia,AZ,moguest,False,session_01,observations\2026-09-04\TRES-5\session_01\TRES-5260904045115.fits,downloaded,656640
TRES-5260904045415,2026-09-04 04:54:15,https://mo-www.cfa.harvard.edu/ImageDirectory/TRES-5260904045415.FITS,Main,60.00,Clear,TRES-5,Cecilia,AZ,moguest,False,session_01,observations\2026-09-04\TRES-5\session_01\TRES-5260904045415.fits,downloaded,656640
TRES-5260904045717,2026-09-04 04:57:17,https://mo-www.cfa.harvard.edu/ImageDirectory/TRES-5260904045717.FITS,Main,60.00,Clear,TRES-5,Cecilia,AZ,moguest,False,session_01,observations\2026-09-04\TRES-5\session_01\TRES-5260904045717.fits,downloaded,656640
TRES-5260904050015,2026-09-04 05:00:15,https://mo-www.cfa.harvard.edu/ImageDirectory/TRES-5260904050015.FITS,Main,60.00,Clear,TRES-5,Cecilia,AZ,moguest,False,session_01,observations\2026-09-04\TRES-5\session_01\TRES-5260904050015.fits,downloaded,656640
TRES-5260904050315,2026-09-04 05:03:15,https://mo-www.cfa.harvard.edu/ImageDirectory/TRES-5260904050315.FITS,Main,60.00,Clear,TRES-5,Cecilia,AZ,moguest,False,session_01,observations\2026-09-04\TRES-5\session_01\TRES-5260904050315.fits,downloaded,656640
TRES-5260904050616,2026-09-04 05:06:16,https://mo-www.cfa.harvard.edu/ImageDirectory/TRES-5260904050616.FITS,Main,60.00,Clear,TRES-5,Cecilia,AZ,moguest,False,session_01,observations\2026-09-04\TRES-5\session_01\TRES-5260904050616.fits,downloaded,656640
TRES-5260904050915,2026-09-04 05:09:15,https://mo-www.cfa.harvard.edu/ImageDirectory/TRES-5260904050915.FITS,Main,60.00,Clear,TRES-5,Cecilia,AZ,moguest,False,session_01,observations\2026-09-04\TRES-5\session_01\TRES-5260904050915.fits,downloaded,656640
TRES-5260904051216,2026-09-04 05:12:16,https://mo-www.cfa.harvard.edu/ImageDirectory/TRES-5260904051216.FITS,Main,60.00,Clear,TRES-5,Cecilia,AZ,moguest,False,session_01,observations\2026-09-04\TRES-5\session_01\TRES-5260904051216.fits,downloaded,656640
TRES-5260904051516,2026-09-04 05:15:16,https://mo-www.cfa.harvard.edu/ImageDirectory/TRES-5260904051516.FITS,Main,60.00,Clear,TRES-5,Cecilia,AZ,moguest,False,session_01,observations\2026-09-04\TRES-5\session_01\TRES-5260904051516.fits,downloaded,656640
TRES-5260904051816,2026-09-04 05:18:16,https://mo-www.cfa.harvard.edu/ImageDirectory/TRES-5260904051816.FITS,Main,60.00,Clear,TRES-5,Cecilia,AZ,moguest,False,session_01,observations\2026-09-04\TRES-5\session_01\TRES-5260904051816.fits,downloaded,656640
TRES-5260904052115,2026-09-04 05:21:15,https://mo-www.cfa.harvard.edu/ImageDirectory/TRES-5260904052115.FITS,Main,60.00,Clear,TRES-5,Cecilia,AZ,moguest,False,session_01,observations\2026-09-04\TRES-5\session_01\TRES-5260904052115.fits,downloaded,656640
TRES-5260904052415,2026-09-04 05:24:15,https://mo-www.cfa.harvard.edu/ImageDirectory/TRES-5260904052415.FITS,Main,60.00,Clear,TRES-5,Cecilia,AZ,moguest,False,session_01,observations\2026-09-04\TRES-5\session_01\TRES-5260904052415.fits,downloaded,656640
TRES-5260904052715,2026-09-04 05:27:15,https://mo-www.cfa.harvard.edu/ImageDirectory/TRES-5260904052715.FITS,Main,60.00,Clear,TRES-5,Cecilia,AZ,moguest,False,session_01,observations\2026-09-04\TRES-5\session_01\TRES-5260904052715.fits,downloaded,656640
TRES-5260904053016,2026-09-04 05:30:16,https://mo-www.cfa.harvard.edu/ImageDirectory/TRES-5260904053016.FITS,Main,60.00,Clear,TRES-5,Cecilia,AZ,moguest,False,session_01,observations\2026-09-04\TRES-5\session_01\TRES-5260904053016.fits,downloaded,656640
TRES-5260904053315,2026-09-04 05:33:15,https://mo-www.cfa.harvard.edu/ImageDirectory/TRES-5260904053315.FITS,Main,60.00,Clear,TRES-5,Cecilia,AZ,moguest,False,session_01,observations\2026-09-04\TRES-5\session_01\TRES-5260904053315.fits,downloaded,656640
TRES-5260904053615,2026-09-04 05:36:15,https://mo-www.cfa.harvard.edu/ImageDirectory/TRES-5260904053615.FITS,Main,60.00,Clear,TRES-5,Cecilia,AZ,moguest,False,session_01,observations\2026-09-04\TRES-5\session_01\TRES-5260904053615.fits,downloaded,656640
TRES-5260904053916,2026-09-04 05:39:16,https://mo-www.cfa.harvard.edu/ImageDirectory/TRES-5260904053916.FITS,Main,60.00,Clear,TRES-5,Cecilia,AZ,moguest,False,session_01,observations\2026-09-04\TRES-5\session_01\TRES-5260904053916.fits,downloaded,656640
TRES-5260904054215,2026-09-04 05:42:15,https://mo-www.cfa.harvard.edu/ImageDirectory/TRES-5260904054215.FITS,Main,60.00,Clear,TRES-5,Cecilia,AZ,moguest,False,session_01,observations\2026-09-04\TRES-5\session_01\TRES-5260904054215.fits,downloaded,656640
TRES-5260904054515,2026-09-04 05:45:15,https://mo-www.cfa.harvard.edu/ImageDirectory/TRES-5260904054515.FITS,Main,60.00,Clear,TRES-5,Cecilia,AZ,moguest,False,session_01,observations\2026-09-04\TRES-5\session_01\TRES-5260904054515.fits,downloaded,656640
TRES-5260904054815,2026-09-04 05:48:15,https://mo-www.cfa.harvard.edu/ImageDirectory/TRES-5260904054815.FITS,Main,60.00,Clear,TRES-5,Cecilia,AZ,moguest,False,session_01,observations\2026-09-04\TRES-5\session_01\TRES-5260904054815.fits,downloaded,656640
TRES-5260904055116,2026-09-04 05:51:16,https://mo-www.cfa.harvard.edu/ImageDirectory/TRES-5260904055116.FITS,Main,60.00,Clear,TRES-5,Cecilia,AZ,moguest,False,session_01,observations\2026-09-04\TRES-5\session_01\TRES-5260904055116.fits,downloaded,656640
TRES-5260904055415,2026-09-04 05:54:15,https://mo-www.cfa.harvard.edu/ImageDirectory/TRES-5260904055415.FITS,Main,60.00,Clear,TRES-5,Cecilia,AZ,moguest,False,session_01,observations\2026-09-04\TRES-5\session_01\TRES-5260904055415.fits,downloaded,656640
TRES-5260904055715,2026-09-04 05:57:15,https://mo-www.cfa.harvard.edu/ImageDirectory/TRES-5260904055715.FITS,Main,60.00,Clear,TRES-5,Cecilia,AZ,moguest,False,session_01,observations\2026-09-04\TRES-5\session_01\TRES-5260904055715.fits,downloaded,656640
TRES-5260904060015,2026-09-04 06:00:15,https://mo-www.cfa.harvard.edu/ImageDirectory/TRES-5260904060015.FITS,Main,60.00,Clear,TRES-5,Cecilia,AZ,moguest,False,session_01,observations\2026-09-04\TRES-5\session_01\TRES-5260904060015.fits,downloaded,656640
TRES-5260904060317,2026-09-04 06:03:17,https://mo-www.cfa.harvard.edu/ImageDirectory/TRES-5260904060317.FITS,Main,60.00,Clear,TRES-5,Cecilia,AZ,moguest,False,session_01,observations\2026-09-04\TRES-5\session_01\TRES-5260904060317.fits,downloaded,656640
TRES-5260904060615,2026-09-04 06:06:15,https://mo-www.cfa.harvard.edu/ImageDirectory/TRES-5260904060615.FITS,Main,60.00,Clear,TRES-5,Cecilia,AZ,moguest,False,session_01,observations\2026-09-04\TRES-5\session_01\TRES-5260904060615.fits,downloaded,656640
TRES-5260904060916,2026-09-04 06:09:16,https://mo-www.cfa.harvard.edu/ImageDirectory/TRES-5260904060916.FITS,Main,60.00,Clear,TRES-5,Cecilia,AZ,moguest,False,session_01,observations\2026-09-04\TRES-5\session_01\TRES-5260904060916.fits,downloaded,656640
TRES-5260904061215,2026-09-04 06:12:15,https://mo-www.cfa.harvard.edu/ImageDirectory/TRES-5260904061215.FITS,Main,60.00,Clear,TRES-5,Cecilia,AZ,moguest,False,session_01,observations\2026-09-04\TRES-5\session_01\TRES-5260904061215.fits,downloaded,656640
TRES-5260904061515,2026-09-04 06:15:15,https://mo-www.cfa.harvard.edu/ImageDirectory/TRES-5260904061515.FITS,Main,60.00,Clear,TRES-5,Cecilia,AZ,moguest,False,session_01,observations\2026-09-04\TRES-5\session_01\TRES-5260904061515.fits,downloaded,656640
TRES-5260904061816,2026-09-04 06:18:16,https://mo-www.cfa.harvard.edu/ImageDirectory/TRES-5260904061816.FITS,Main,60.00,Clear,TRES-5,Cecilia,AZ,moguest,False,session_01,observations\2026-09-04\TRES-5\session_01\TRES-5260904061816.fits,downloaded,656640
TRES-5260904062115,2026-09-04 06:21:15,https://mo-www.cfa.harvard.edu/ImageDirectory/TRES-5260904062115.FITS,Main,60.00,Clear,TRES-5,Cecilia,AZ,moguest,False,session_01,observations\2026-09-04\TRES-5\session_01\TRES-5260904062115.fits,downloaded,656640
TRES-5260904062415,2026-09-04 06:24:15,https://mo-www.cfa.harvard.edu/ImageDirectory/TRES-5260904062415.FITS,Main,60.00,Clear,TRES-5,Cecilia,AZ,moguest,False,session_01,observations\2026-09-04\TRES-5\session_01\TRES-5260904062415.fits,downloaded,656640
TRES-5260904062715,2026-09-04 06:27:15,https://mo-www.cfa.harvard.edu/ImageDirectory/TRES-5260904062715.FITS,Main,60.00,Clear,TRES-5,Cecilia,AZ,moguest,False,session_01,observations\2026-09-04\TRES-5\session_01\TRES-5260904062715.fits,downloaded,656640
TRES-5260904063015,2026-09-04 06:30:15,https://mo-www.cfa.harvard.edu/ImageDirectory/TRES-5260904063015.FITS,Main,60.00,Clear,TRES-5,Cecilia,AZ,moguest,False,session_01,observations\2026-09-04\TRES-5\session_01\TRES-5260904063015.fits,downloaded,656640
TRES-5260904063315,2026-09-04 06:33:15,https://mo-www.cfa.harvard.edu/ImageDirectory/TRES-5260904063315.FITS,Main,60.00,Clear,TRES-5,Cecilia,AZ,moguest,False,session_01,observations\2026-09-04\TRES-5\session_01\TRES-5260904063315.fits,downloaded,656640
TRES-5260904063615,2026-09-04 06:36:15,https://mo-www.cfa.harvard.edu/ImageDirectory/TRES-5260904063615.FITS,Main,60.00,Clear,TRES-5,Cecilia,AZ,moguest,False,session_01,observations\2026-09-04\TRES-5\session_01\TRES-5260904063615.fits,downloaded,656640
TRES-5260904063917,2026-09-04 06:39:17,https://mo-www.cfa.harvard.edu/ImageDirectory/TRES-5260904063917.FITS,Main,60.00,Clear,TRES-5,Cecilia,AZ,moguest,False,session_01,observations\2026-09-04\TRES-5\session_01\TRES-5260904063917.fits,downloaded,656640
TRES-5260904064215,2026-09-04 06:42:15,https://mo-www.cfa.harvard.edu/ImageDirectory/TRES-5260904064215.FITS,Main,60.00,Clear,TRES-5,Cecilia,AZ,moguest,False,session_01,observations\2026-09-04\TRES-5\session_01\TRES-5260904064215.fits,downloaded,656640
TRES-5260904064515,2026-09-04 06:45:15,https://mo-www.cfa.harvard.edu/ImageDirectory/TRES-5260904064515.FITS,Main,60.00,Clear,TRES-5,Cecilia,AZ,moguest,False,session_01,observations\2026-09-04\TRES-5\session_01\TRES-5260904064515.fits,downloaded,656640
TRES-5260904064816,2026-09-04 06:48:16,https://mo-www.cfa.harvard.edu/ImageDirectory/TRES-5260904064816.FITS,Main,60.00,Clear,TRES-5,Cecilia,AZ,moguest,False,session_01,observations\2026-09-04\TRES-5\session_01\TRES-5260904064816.fits,downloaded,656640
TRES-5260904065116,2026-09-04 06:51:16,https://mo-www.cfa.harvard.edu/ImageDirectory/TRES-5260904065116.FITS,Main,60.00,Clear,TRES-5,Cecilia,AZ,moguest,False,session_01,observations\2026-09-04\TRES-5\session_01\TRES-5260904065116.fits,downloaded,656640
TRES-5260904065416,2026-09-04 06:54:16,https://mo-www.cfa.harvard.edu/ImageDirectory/TRES-5260904065416.FITS,Main,60.00,Clear,TRES-5,Cecilia,AZ,moguest,False,session_01,observations\2026-09-04\TRES-5\session_01\TRES-5260904065416.fits,downloaded,656640
TRES-5260904065715,2026-09-04 06:57:15,https://mo-www.cfa.harvard.edu/ImageDirectory/TRES-5260904065715.FITS,Main,60.00,Clear,TRES-5,Cecilia,AZ,moguest,False,session_01,observations\2026-09-04\TRES-5\session_01\TRES-5260904065715.fits,downloaded,656640
WASP-10260808054017,2026-08-08 05:40:17,https://mo-www.cfa.harvard.edu/ImageDirectory/WASP-10260808054017.FITS,Main,60.00,Clear,WASP-10,Cecilia,AZ,moguest,False,session_01,observations\2026-08-08\WASP-10\session_01\WASP-10260808054017.fits,downloaded,656640
WASP-10260808054215,2026-08-08 05:42:15,https://mo-www.cfa.harvard.edu/ImageDirectory/WASP-10260808054215.FITS,Main,60.00,Clear,WASP-10,Cecilia,AZ,moguest,False,session_01,observations\2026-08-08\WASP-10\session_01\WASP-10260808054215.fits,downloaded,656640
WASP-10260808054517,2026-08-08 05:45:17,https://mo-www.cfa.harvard.edu/ImageDirectory/WASP-10260808054517.FITS,Main,60.00,Clear,WASP-10,Cecilia,AZ,moguest,False,session_01,observations\2026-08-08\WASP-10\session_01\WASP-10260808054517.fits,downloaded,656640
WASP-10260808054815,2026-08-08 05:48:15,https://mo-www.cfa.harvard.edu/ImageDirectory/WASP-10260808054815.FITS,Main,60.00,Clear,WASP-10,Cecilia,AZ,moguest,False,session_01,observations\2026-08-08\WASP-10\session_01\WASP-10260808054815.fits,downloaded,656640
WASP-10260808055116,2026-08-08 05:51:16,https://mo-www.cfa.harvard.edu/ImageDirectory/WASP-10260808055116.FITS,Main,60.00,Clear,WASP-10,Cecilia,AZ,moguest,False,session_01,observations\2026-08-08\WASP-10\session_01\WASP-10260808055116.fits,downloaded,656640
WASP-10260808055415,2026-08-08 05:54:15,https://mo-www.cfa.harvard.edu/ImageDirectory/WASP-10260808055415.FITS,Main,60.00,Clear,WASP-10,Cecilia,AZ,moguest,False,session_01,observations\2026-08-08\WASP-10\session_01\WASP-10260808055415.fits,downloaded,656640
WASP-10260808055715,2026-08-08 05:57:15,https://mo-www.cfa.harvard.edu/ImageDirectory/WASP-10260808055715.FITS,Main,60.00,Clear,WASP-10,Cecilia,AZ,moguest,False,session_01,observations\2026-08-08\WASP-10\session_01\WASP-10260808055715.fits,downloaded,656640
WASP-10260808060016,2026-08-08 06:00:16,https://mo-www.cfa.harvard.edu/ImageDirectory/WASP-10260808060016.FITS,Main,60.00,Clear,WASP-10,Cecilia,AZ,moguest,False,session_01,observations\2026-08-08\WASP-10\session_01\WASP-10260808060016.fits,downloaded,656640
WASP-10260808060316,2026-08-08 06:03:16,https://mo-www.cfa.harvard.edu/ImageDirectory/WASP-10260808060316.FITS,Main,60.00,Clear,WASP-10,Cecilia,AZ,moguest,False,session_01,observations\2026-08-08\WASP-10\session_01\WASP-10260808060316.fits,downloaded,656640
WASP-10260808060616,2026-08-08 06:06:16,https://mo-www.cfa.harvard.edu/ImageDirectory/WASP-10260808060616.FITS,Main,60.00,Clear,WASP-10,Cecilia,AZ,moguest,False,session_01,observations\2026-08-08\WASP-10\session_01\WASP-10260808060616.fits,downloaded,656640
WASP-10260808060915,2026-08-08 06:09:15,https://mo-www.cfa.harvard.edu/ImageDirectory/WASP-10260808060915.FITS,Main,60.00,Clear,WASP-10,Cecilia,AZ,moguest,False,session_01,observations\2026-08-08\WASP-10\session_01\WASP-10260808060915.fits,downloaded,656640
WASP-10260808061216,2026-08-08 06:12:16,https://mo-www.cfa.harvard.edu/ImageDirectory/WASP-10260808061216.FITS,Main,60.00,Clear,WASP-10,Cecilia,AZ,moguest,False,session_01,observations\2026-08-08\WASP-10\session_01\WASP-10260808061216.fits,downloaded,656640
WASP-10260808061516,2026-08-08 06:15:16,https://mo-www.cfa.harvard.edu/ImageDirectory/WASP-10260808061516.FITS,Main,60.00,Clear,WASP-10,Cecilia,AZ,moguest,False,session_01,observations\2026-08-08\WASP-10\session_01\WASP-10260808061516.fits,downloaded,656640
WASP-10260808061816,2026-08-08 06:18:16,https://mo-www.cfa.harvard.edu/ImageDirectory/WASP-10260808061816.FITS,Main,60.00,Clear,WASP-10,Cecilia,AZ,moguest,False,session_01,observations\2026-08-08\WASP-10\session_01\WASP-10260808061816.fits,downloaded,656640
WASP-10260808062115,2026-08-08 06:21:15,https://mo-www.cfa.harvard.edu/ImageDirectory/WASP-10260808062115.FITS,Main,60.00,Clear,WASP-10,Cecilia,AZ,moguest,False,session_01,observations\2026-08-08\WASP-10\session_01\WASP-10260808062115.fits,downloaded,656640
WASP-10260808062415,2026-08-08 06:24:15,https://mo-www.cfa.harvard.edu/ImageDirectory/WASP-10260808062415.FITS,Main,60.00,Clear,WASP-10,Cecilia,AZ,moguest,False,session_01,observations\2026-08-08\WASP-10\session_01\WASP-10260808062415.fits,downloaded,656640
WASP-10260808062715,2026-08-08 06:27:15,https://mo-www.cfa.harvard.edu/ImageDirectory/WASP-10260808062715.FITS,Main,60.00,Clear,WASP-10,Cecilia,AZ,moguest,False,session_01,observations\2026-08-08\WASP-10\session_01\WASP-10260808062715.fits,downloaded,656640
WASP-10260808063015,2026-08-08 06:30:15,https://mo-www.cfa.harvard.edu/ImageDirectory/WASP-10260808063015.FITS,Main,60.00,Clear,WASP-10,Cecilia,AZ,moguest,False,session_01,observations\2026-08-08\WASP-10\session_01\WASP-10260808063015.fits,downloaded,656640
WASP-10260808063315,2026-08-08 06:33:15,https://mo-www.cfa.harvard.edu/ImageDirectory/WASP-10260808063315.FITS,Main,60.00,Clear,WASP-10,Cecilia,AZ,moguest,False,session_01,observations\2026-08-08\WASP-10\session_01\WASP-10260808063315.fits,downloaded,656640
WASP-10260808063615,2026-08-08 06:36:15,https://mo-www.cfa.harvard.edu/ImageDirectory/WASP-10260808063615.FITS,Main,60.00,Clear,WASP-10,Cecilia,AZ,moguest,False,session_01,observations\2026-08-08\WASP-10\session_01\WASP-10260808063615.fits,downloaded,656640
WASP-10260808063915,2026-08-08 06:39:15,https://mo-www.cfa.harvard.edu/ImageDirectory/WASP-10260808063915.FITS,Main,60.00,Clear,WASP-10,Cecilia,AZ,moguest,False,session_01,observations\2026-08-08\WASP-10\session_01\WASP-10260808063915.fits,downloaded,656640
WASP-10260808064216,2026-08-08 06:42:16,https://mo-www.cfa.harvard.edu/ImageDirectory/WASP-10260808064216.FITS,Main,60.00,Clear,WASP-10,Cecilia,AZ,moguest,False,session_01,observations\2026-08-08\WASP-10\session_01\WASP-10260808064216.fits,downloaded,656640
WASP-10260808064516,2026-08-08 06:45:16,https://mo-www.cfa.harvard.edu/ImageDirectory/WASP-10260808064516.FITS,Main,60.00,Clear,WASP-10,Cecilia,AZ,moguest,False,session_01,observations\2026-08-08\WASP-10\session_01\WASP-10260808064516.fits,downloaded,656640
WASP-10260808064816,2026-08-08 06:48:16,https://mo-www.cfa.harvard.edu/ImageDirectory/WASP-10260808064816.FITS,Main,60.00,Clear,WASP-10,Cecilia,AZ,moguest,False,session_01,observations\2026-08-08\WASP-10\session_01\WASP-10260808064816.fits,downloaded,656640
WASP-10260808065115,2026-08-08 06:51:15,https://mo-www.cfa.harvard.edu/ImageDirectory/WASP-10260808065115.FITS,Main,60.00,Clear,WASP-10,Cecilia,AZ,moguest,False,session_01,observations\2026-08-08\WASP-10\session_01\WASP-10260808065115.fits,downloaded,656640
WASP-10260808065415,2026-08-08 06:54:15,https://mo-www.cfa.harvard.edu/ImageDirectory/WASP-10260808065415.FITS,Main,60.00,Clear,WASP-10,Cecilia,AZ,moguest,False,session_01,observations\2026-08-08\WASP-10\session_01\WASP-10260808065415.fits,downloaded,656640
WASP-10260808065715,2026-08-08 06:57:15,https://mo-www.cfa.harvard.edu/ImageDirectory/WASP-10260808065715.FITS,Main,60.00,Clear,WASP-10,Cecilia,AZ,moguest,False,session_01,observations\2026-08-08\WASP-10\session_01\WASP-10260808065715.fits,downloaded,656640
WASP-10260808070016,2026-08-08 07:00:16,https://mo-www.cfa.harvard.edu/ImageDirectory/WASP-10260808070016.FITS,Main,60.00,Clear,WASP-10,Cecilia,AZ,moguest,False,session_01,observations\2026-08-08\WASP-10\session_01\WASP-10260808070016.fits,downloaded,656640
WASP-10260808070315,2026-08-08 07:03:15,https://mo-www.cfa.harvard.edu/ImageDirectory/WASP-10260808070315.FITS,Main,60.00,Clear,WASP-10,Cecilia,AZ,moguest,False,session_01,observations\2026-08-08\WASP-10\session_01\WASP-10260808070315.fits,downloaded,656640
WASP-10260808070615,2026-08-08 07:06:15,https://mo-www.cfa.harvard.edu/ImageDirectory/WASP-10260808070615.FITS,Main,60.00,Clear,WASP-10,Cecilia,AZ,moguest,False,session_01,observations\2026-08-08\WASP-10\session_01\WASP-10260808070615.fits,downloaded,656640
WASP-10260808070915,2026-08-08 07:09:15,https://mo-www.cfa.harvard.edu/ImageDirectory/WASP-10260808070915.FITS,Main,60.00,Clear,WASP-10,Cecilia,AZ,moguest,False,session_01,observations\2026-08-08\WASP-10\session_01\WASP-10260808070915.fits,downloaded,656640
WASP-10260808071216,2026-08-08 07:12:16,https://mo-www.cfa.harvard.edu/ImageDirectory/WASP-10260808071216.FITS,Main,60.00,Clear,WASP-10,Cecilia,AZ,moguest,False,session_01,observations\2026-08-08\WASP-10\session_01\WASP-10260808071216.fits,downloaded,656640
WASP-10260808071516,2026-08-08 07:15:16,https://mo-www.cfa.harvard.edu/ImageDirectory/WASP-10260808071516.FITS,Main,60.00,Clear,WASP-10,Cecilia,AZ,moguest,False,session_01,observations\2026-08-08\WASP-10\session_01\WASP-10260808071516.fits,downloaded,656640
WASP-10260808071815,2026-08-08 07:18:15,https://mo-www.cfa.harvard.edu/ImageDirectory/WASP-10260808071815.FITS,Main,60.00,Clear,WASP-10,Cecilia,AZ,moguest,False,session_01,observations\2026-08-08\WASP-10\session_01\WASP-10260808071815.fits,downloaded,656640
WASP-10260808072116,2026-08-08 07:21:16,https://mo-www.cfa.harvard.edu/ImageDirectory/WASP-10260808072116.FITS,Main,60.00,Clear,WASP-10,Cecilia,AZ,moguest,False,session_01,observations\2026-08-08\WASP-10\session_01\WASP-10260808072116.fits,downloaded,656640
WASP-10260808072416,2026-08-08 07:24:16,https://mo-www.cfa.harvard.edu/ImageDirectory/WASP-10260808072416.FITS,Main,60.00,Clear,WASP-10,Cecilia,AZ,moguest,False,session_01,observations\2026-08-08\WASP-10\session_01\WASP-10260808072416.fits,downloaded,656640
WASP-10260808072715,2026-08-08 07:27:15,https://mo-www.cfa.harvard.edu/ImageDirectory/WASP-10260808072715.FITS,Main,60.00,Clear,WASP-10,Cecilia,AZ,moguest,False,session_01,observations\2026-08-08\WASP-10\session_01\WASP-10260808072715.fits,downloaded,656640
WASP-10260808073016,2026-08-08 07:30:16,https://mo-www.cfa.harvard.edu/ImageDirectory/WASP-10260808073016.FITS,Main,60.00,Clear,WASP-10,Cecilia,AZ,moguest,False,session_01,observations\2026-08-08\WASP-10\session_01\WASP-10260808073016.fits,downloaded,656640
WASP-10260808073317,2026-08-08 07:33:17,https://mo-www.cfa.harvard.edu/ImageDirectory/WASP-10260808073317.FITS,Main,60.00,Clear,WASP-10,Cecilia,AZ,moguest,False,session_01,observations\2026-08-08\WASP-10\session_01\WASP-10260808073317.fits,downloaded,656640
WASP-10260808073615,2026-08-08 07:36:15,https://mo-www.cfa.harvard.edu/ImageDirectory/WASP-10260808073615.FITS,Main,60.00,Clear,WASP-10,Cecilia,AZ,moguest,False,session_01,observations\2026-08-08\WASP-10\session_01\WASP-10260808073615.fits,downloaded,656640
WASP-10260808073915,2026-08-08 07:39:15,https://mo-www.cfa.harvard.edu/ImageDirectory/WASP-10260808073915.FITS,Main,60.00,Clear,WASP-10,Cecilia,AZ,moguest,False,session_01,observations\2026-08-08\WASP-10\session_01\WASP-10260808073915.fits,downloaded,656640
WASP-10260808074215,2026-08-08 07:42:15,https://mo-www.cfa.harvard.edu/ImageDirectory/WASP-10260808074215.FITS,Main,60.00,Clear,WASP-10,Cecilia,AZ,moguest,False,session_01,observations\2026-08-08\WASP-10\session_01\WASP-10260808074215.fits,downloaded,656640
WASP-10260808074516,2026-08-08 07:45:16,https://mo-www.cfa.harvard.edu/ImageDirectory/WASP-10260808074516.FITS,Main,60.00,Clear,WASP-10,Cecilia,AZ,moguest,False,session_01,observations\2026-08-08\WASP-10\session_01\WASP-10260808074516.fits,downloaded,656640
WASP-10260808074815,2026-08-08 07:48:15,https://mo-www.cfa.harvard.edu/ImageDirectory/WASP-10260808074815.FITS,Main,60.00,Clear,WASP-10,Cecilia,AZ,moguest,False,session_01,observations\2026-08-08\WASP-10\session_01\WASP-10260808074815.fits,downloaded,656640
WASP-10260808075115,2026-08-08 07:51:15,https://mo-www.cfa.harvard.edu/ImageDirectory/WASP-10260808075115.FITS,Main,60.00,Clear,WASP-10,Cecilia,AZ,moguest,False,session_01,observations\2026-08-08\WASP-10\session_01\WASP-10260808075115.fits,downloaded,656640
WASP-10260808075416,2026-08-08 07:54:16,https://mo-www.cfa.harvard.edu/ImageDirectory/WASP-10260808075416.FITS,Main,60.00,Clear,WASP-10,Cecilia,AZ,moguest,False,session_01,observations\2026-08-08\WASP-10\session_01\WASP-10260808075416.fits,downloaded,656640
WASP-10260808075716,2026-08-08 07:57:16,https://mo-www.cfa.harvard.edu/ImageDirectory/WASP-10260808075716.FITS,Main,60.00,Clear,WASP-10,Cecilia,AZ,moguest,False,session_01,observations\2026-08-08\WASP-10\session_01\WASP-10260808075716.fits,downloaded,656640
WASP-10260808080015,2026-08-08 08:00:15,https://mo-www.cfa.harvard.edu/ImageDirectory/WASP-10260808080015.FITS,Main,60.00,Clear,WASP-10,Cecilia,AZ,moguest,False,session_01,observations\2026-08-08\WASP-10\session_01\WASP-10260808080015.fits,downloaded,656640
WASP-10260808080315,2026-08-08 08:03:15,https://mo-www.cfa.harvard.edu/ImageDirectory/WASP-10260808080315.FITS,Main,60.00,Clear,WASP-10,Cecilia,AZ,moguest,False,session_01,observations\2026-08-08\WASP-10\session_01\WASP-10260808080315.fits,downloaded,656640
WASP-10260808080616,2026-08-08 08:06:16,https://mo-www.cfa.harvard.edu/ImageDirectory/WASP-10260808080616.FITS,Main,60.00,Clear,WASP-10,Cecilia,AZ,moguest,False,session_01,observations\2026-08-08\WASP-10\session_01\WASP-10260808080616.fits,downloaded,656640
WASP-10260808080916,2026-08-08 08:09:16,https://mo-www.cfa.harvard.edu/ImageDirectory/WASP-10260808080916.FITS,Main,60.00,Clear,WASP-10,Cecilia,AZ,moguest,False,session_01,observations\2026-08-08\WASP-10\session_01\WASP-10260808080916.fits,downloaded,656640
WASP-10260808081215,2026-08-08 08:12:15,https://mo-www.cfa.harvard.edu/ImageDirectory/WASP-10260808081215.FITS,Main,60.00,Clear,WASP-10,Cecilia,AZ,moguest,False,session_01,observations\2026-08-08\WASP-10\session_01\WASP-10260808081215.fits,downloaded,656640
WASP-10260808081516,2026-08-08 08:15:16,https://mo-www.cfa.harvard.edu/ImageDirectory/WASP-10260808081516.FITS,Main,60.00,Clear,WASP-10,Cecilia,AZ,moguest,False,session_01,observations\2026-08-08\WASP-10\session_01\WASP-10260808081516.fits,downloaded,656640
WASP-10260808081816,2026-08-08 08:18:16,https://mo-www.cfa.harvard.edu/ImageDirectory/WASP-10260808081816.FITS,Main,60.00,Clear,WASP-10,Cecilia,AZ,moguest,False,session_01,observations\2026-08-08\WASP-10\session_01\WASP-10260808081816.fits,downloaded,656640
WASP-10260808082115,2026-08-08 08:21:15,https://mo-www.cfa.harvard.edu/ImageDirectory/WASP-10260808082115.FITS,Main,60.00,Clear,WASP-10,Cecilia,AZ,moguest,False,session_01,observations\2026-08-08\WASP-10\session_01\WASP-10260808082115.fits,downloaded,656640
WASP-10260808082415,2026-08-08 08:24:15,https://mo-www.cfa.harvard.edu/ImageDirectory/WASP-10260808082415.FITS,Main,60.00,Clear,WASP-10,Cecilia,AZ,moguest,False,session_01,observations\2026-08-08\WASP-10\session_01\WASP-10260808082415.fits,downloaded,656640
WASP-10260808082715,2026-08-08 08:27:15,https://mo-www.cfa.harvard.edu/ImageDirectory/WASP-10260808082715.FITS,Main,60.00,Clear,WASP-10,Cecilia,AZ,moguest,False,session_01,observations\2026-08-08\WASP-10\session_01\WASP-10260808082715.fits,downloaded,656640
WASP-10260808083015,2026-08-08 08:30:15,https://mo-www.cfa.harvard.edu/ImageDirectory/WASP-10260808083015.FITS,Main,60.00,Clear,WASP-10,Cecilia,AZ,moguest,False,session_01,observations\2026-08-08\WASP-10\session_01\WASP-10260808083015.fits,downloaded,656640
WASP-10260808083316,2026-08-08 08:33:16,https://mo-www.cfa.harvard.edu/ImageDirectory/WASP-10260808083316.FITS,Main,60.00,Clear,WASP-10,Cecilia,AZ,moguest,False,session_01,observations\2026-08-08\WASP-10\session_01\WASP-10260808083316.fits,downloaded,656640
WASP-10260808083615,2026-08-08 08:36:15,https://mo-www.cfa.harvard.edu/ImageDirectory/WASP-10260808083615.FITS,Main,60.00,Clear,WASP-10,Cecilia,AZ,moguest,False,session_01,observations\2026-08-08\WASP-10\session_01\WASP-10260808083615.fits,downloaded,656640
WASP-10260808083916,2026-08-08 08:39:16,https://mo-www.cfa.harvard.edu/ImageDirectory/WASP-10260808083916.FITS,Main,60.00,Clear,WASP-10,Cecilia,AZ,moguest,False,session_01,observations\2026-08-08\WASP-10\session_01\WASP-10260808083916.fits,downloaded,656640
WASP-10260808084215,2026-08-08 08:42:15,https://mo-www.cfa.harvard.edu/ImageDirectory/WASP-10260808084215.FITS,Main,60.00,Clear,WASP-10,Cecilia,AZ,moguest,False,session_01,observations\2026-08-08\WASP-10\session_01\WASP-10260808084215.fits,downloaded,656640
WASP-10260808084516,2026-08-08 08:45:16,https://mo-www.cfa.harvard.edu/ImageDirectory/WASP-10260808084516.FITS,Main,60.00,Clear,WASP-10,Cecilia,AZ,moguest,False,session_01,observations\2026-08-08\WASP-10\session_01\WASP-10260808084516.fits,downloaded,656640
WASP-10260808084815,2026-08-08 08:48:15,https://mo-www.cfa.harvard.edu/ImageDirectory/WASP-10260808084815.FITS,Main,60.00,Clear,WASP-10,Cecilia,AZ,moguest,False,session_01,observations\2026-08-08\WASP-10\session_01\WASP-10260808084815.fits,downloaded,656640
WASP-10260808085115,2026-08-08 08:51:15,https://mo-www.cfa.harvard.edu/ImageDirectory/WASP-10260808085115.FITS,Main,60.00,Clear,WASP-10,Cecilia,AZ,moguest,False,session_01,observations\2026-08-08\WASP-10\session_01\WASP-10260808085115.fits,downloaded,656640
WASP-10260808085415,2026-08-08 08:54:15,https://mo-www.cfa.harvard.edu/ImageDirectory/WASP-10260808085415.FITS,Main,60.00,Clear,WASP-10,Cecilia,AZ,moguest,False,session_01,observations\2026-08-08\WASP-10\session_01\WASP-10260808085415.fits,downloaded,656640
WASP-10260808085715,2026-08-08 08:57:15,https://mo-www.cfa.harvard.edu/ImageDirectory/WASP-10260808085715.FITS,Main,60.00,Clear,WASP-10,Cecilia,AZ,moguest,False,session_01,observations\2026-08-08\WASP-10\session_01\WASP-10260808085715.fits,downloaded,656640
WASP-10260808090016,2026-08-08 09:00:16,https://mo-www.cfa.harvard.edu/ImageDirectory/WASP-10260808090016.FITS,Main,60.00,Clear,WASP-10,Cecilia,AZ,moguest,False,session_01,observations\2026-08-08\WASP-10\session_01\WASP-10260808090016.fits,downloaded,656640
WASP-10260808090316,2026-08-08 09:03:16,https://mo-www.cfa.harvard.edu/ImageDirectory/WASP-10260808090316.FITS,Main,60.00,Clear,WASP-10,Cecilia,AZ,moguest,False,session_01,observations\2026-08-08\WASP-10\session_01\WASP-10260808090316.fits,downloaded,656640
WASP-10260808090615,2026-08-08 09:06:15,https://mo-www.cfa.harvard.edu/ImageDirectory/WASP-10260808090615.FITS,Main,60.00,Clear,WASP-10,Cecilia,AZ,moguest,False,session_01,observations\2026-08-08\WASP-10\session_01\WASP-10260808090615.fits,downloaded,656640
WASP-10260808090917,2026-08-08 09:09:17,https://mo-www.cfa.harvard.edu/ImageDirectory/WASP-10260808090917.FITS,Main,60.00,Clear,WASP-10,Cecilia,AZ,moguest,False,session_01,observations\2026-08-08\WASP-10\session_01\WASP-10260808090917.fits,downloaded,656640
WASP-10260808091215,2026-08-08 09:12:15,https://mo-www.cfa.harvard.edu/ImageDirectory/WASP-10260808091215.FITS,Main,60.00,Clear,WASP-10,Cecilia,AZ,moguest,False,session_01,observations\2026-08-08\WASP-10\session_01\WASP-10260808091215.fits,downloaded,656640
WASP-10260808091516,2026-08-08 09:15:16,https://mo-www.cfa.harvard.edu/ImageDirectory/WASP-10260808091516.FITS,Main,60.00,Clear,WASP-10,Cecilia,AZ,moguest,False,session_01,observations\2026-08-08\WASP-10\session_01\WASP-10260808091516.fits,downloaded,656640
WASP-10260808091816,2026-08-08 09:18:16,https://mo-www.cfa.harvard.edu/ImageDirectory/WASP-10260808091816.FITS,Main,60.00,Clear,WASP-10,Cecilia,AZ,moguest,False,session_01,observations\2026-08-08\WASP-10\session_01\WASP-10260808091816.fits,downloaded,656640
WASP-10260808092116,2026-08-08 09:21:16,https://mo-www.cfa.harvard.edu/ImageDirectory/WASP-10260808092116.FITS,Main,60.00,Clear,WASP-10,Cecilia,AZ,moguest,False,session_01,observations\2026-08-08\WASP-10\session_01\WASP-10260808092116.fits,downloaded,656640
WASP-10260808092415,2026-08-08 09:24:15,https://mo-www.cfa.harvard.edu/ImageDirectory/WASP-10260808092415.FITS,Main,60.00,Clear,WASP-10,Cecilia,AZ,moguest,False,session_01,observations\2026-08-08\WASP-10\session_01\WASP-10260808092415.fits,downloaded,656640
WASP-10260808092716,2026-08-08 09:27:16,https://mo-www.cfa.harvard.edu/ImageDirectory/WASP-10260808092716.FITS,Main,60.00,Clear,WASP-10,Cecilia,AZ,moguest,False,session_01,observations\2026-08-08\WASP-10\session_01\WASP-10260808092716.fits,downloaded,656640
WASP-10260808093016,2026-08-08 09:30:16,https://mo-www.cfa.harvard.edu/ImageDirectory/WASP-10260808093016.FITS,Main,60.00,Clear,WASP-10,Cecilia,AZ,moguest,False,session_01,observations\2026-08-08\WASP-10\session_01\WASP-10260808093016.fits,downloaded,656640
WASP-10260808093315,2026-08-08 09:33:15,https://mo-www.cfa.harvard.edu/ImageDirectory/WASP-10260808093315.FITS,Main,60.00,Clear,WASP-10,Cecilia,AZ,moguest,False,session_01,observations\2026-08-08\WASP-10\session_01\WASP-10260808093315.fits,downloaded,656640
WASP-10260808093615,2026-08-08 09:36:15,https://mo-www.cfa.harvard.edu/ImageDirectory/WASP-10260808093615.FITS,Main,60.00,Clear,WASP-10,Cecilia,AZ,moguest,False,session_01,observations\2026-08-08\WASP-10\session_01\WASP-10260808093615.fits,downloaded,656640
WASP-10260808093916,2026-08-08 09:39:16,https://mo-www.cfa.harvard.edu/ImageDirectory/WASP-10260808093916.FITS,Main,60.00,Clear,WASP-10,Cecilia,AZ,moguest,False,session_01,observations\2026-08-08\WASP-10\session_01\WASP-10260808093916.fits,downloaded,656640
WASP-10260808094215,2026-08-08 09:42:15,https://mo-www.cfa.harvard.edu/ImageDirectory/WASP-10260808094215.FITS,Main,60.00,Clear,WASP-10,Cecilia,AZ,moguest,False,session_01,observations\2026-08-08\WASP-10\session_01\WASP-10260808094215.fits,downloaded,656640
WASP-10260808094517,2026-08-08 09:45:17,https://mo-www.cfa.harvard.edu/ImageDirectory/WASP-10260808094517.FITS,Main,60.00,Clear,WASP-10,Cecilia,AZ,moguest,False,session_01,observations\2026-08-08\WASP-10\session_01\WASP-10260808094517.fits,downloaded,656640
WASP-10260808094816,2026-08-08 09:48:16,https://mo-www.cfa.harvard.edu/ImageDirectory/WASP-10260808094816.FITS,Main,60.00,Clear,WASP-10,Cecilia,AZ,moguest,False,session_01,observations\2026-08-08\WASP-10\session_01\WASP-10260808094816.fits,downloaded,656640
WASP-10260808095117,2026-08-08 09:51:17,https://mo-www.cfa.harvard.edu/ImageDirectory/WASP-10260808095117.FITS,Main,60.00,Clear,WASP-10,Cecilia,AZ,moguest,False,session_01,observations\2026-08-08\WASP-10\session_01\WASP-10260808095117.fits,downloaded,656640
WASP-10260808095415,2026-08-08 09:54:15,https://mo-www.cfa.harvard.edu/ImageDirectory/WASP-10260808095415.FITS,Main,60.00,Clear,WASP-10,Cecilia,AZ,moguest,False,session_01,observations\2026-08-08\WASP-10\session_01\WASP-10260808095415.fits,downloaded,656640
WASP-2260811065433,2026-08-11 06:54:33,https://mo-www.cfa.harvard.edu/ImageDirectory/WASP-2260811065433.FITS,Main,60.00,Clear,WASP-2,Cecilia,AZ,moguest,False,session_01,observations\2026-08-11\WASP-2\session_01\WASP-2260811065433.fits,downloaded,656640
WASP-2260811065834,2026-08-11 06:58:34,https://mo-www.cfa.harvard.edu/ImageDirectory/WASP-2260811065834.FITS,Main,60.00,Clear,WASP-2,Cecilia,AZ,moguest,False,session_01,observations\2026-08-11\WASP-2\session_01\WASP-2260811065834.fits,downloaded,656640
WASP-2260811070235,2026-08-11 07:02:35,https://mo-www.cfa.harvard.edu/ImageDirectory/WASP-2260811070235.FITS,Main,60.00,Clear,WASP-2,Cecilia,AZ,moguest,False,session_01,observations\2026-08-11\WASP-2\session_01\WASP-2260811070235.fits,downloaded,656640
WASP-2260811070422,2026-08-11 07:04:22,https://mo-www.cfa.harvard.edu/ImageDirectory/WASP-2260811070422.FITS,Main,60.00,Clear,WASP-2,Cecilia,AZ,moguest,False,session_01,observations\2026-08-11\WASP-2\session_01\WASP-2260811070422.fits,downloaded,656640
WASP-2260811070615,2026-08-11 07:06:15,https://mo-www.cfa.harvard.edu/ImageDirectory/WASP-2260811070615.FITS,Main,60.00,Clear,WASP-2,Cecilia,AZ,moguest,False,session_01,observations\2026-08-11\WASP-2\session_01\WASP-2260811070615.fits,downloaded,656640
WASP-2260811070915,2026-08-11 07:09:15,https://mo-www.cfa.harvard.edu/ImageDirectory/WASP-2260811070915.FITS,Main,60.00,Clear,WASP-2,Cecilia,AZ,moguest,False,session_01,observations\2026-08-11\WASP-2\session_01\WASP-2260811070915.fits,downloaded,656640
WASP-2260811071216,2026-08-11 07:12:16,https://mo-www.cfa.harvard.edu/ImageDirectory/WASP-2260811071216.FITS,Main,60.00,Clear,WASP-2,Cecilia,AZ,moguest,False,session_01,observations\2026-08-11\WASP-2\session_01\WASP-2260811071216.fits,downloaded,656640
WASP-2260811071516,2026-08-11 07:15:16,https://mo-www.cfa.harvard.edu/ImageDirectory/WASP-2260811071516.FITS,Main,60.00,Clear,WASP-2,Cecilia,AZ,moguest,False,session_01,observations\2026-08-11\WASP-2\session_01\WASP-2260811071516.fits,downloaded,656640
WASP-2260811071817,2026-08-11 07:18:17,https://mo-www.cfa.harvard.edu/ImageDirectory/WASP-2260811071817.FITS,Main,60.00,Clear,WASP-2,Cecilia,AZ,moguest,False,session_01,observations\2026-08-11\WASP-2\session_01\WASP-2260811071817.fits,downloaded,656640
WASP-2260811072116,2026-08-11 07:21:16,https://mo-www.cfa.harvard.edu/ImageDirectory/WASP-2260811072116.FITS,Main,60.00,Clear,WASP-2,Cecilia,AZ,moguest,False,session_01,observations\2026-08-11\WASP-2\session_01\WASP-2260811072116.fits,downloaded,656640
WASP-2260811072417,2026-08-11 07:24:17,https://mo-www.cfa.harvard.edu/ImageDirectory/WASP-2260811072417.FITS,Main,60.00,Clear,WASP-2,Cecilia,AZ,moguest,False,session_01,observations\2026-08-11\WASP-2\session_01\WASP-2260811072417.fits,downloaded,656640
WASP-2260811072716,2026-08-11 07:27:16,https://mo-www.cfa.harvard.edu/ImageDirectory/WASP-2260811072716.FITS,Main,60.00,Clear,WASP-2,Cecilia,AZ,moguest,False,session_01,observations\2026-08-11\WASP-2\session_01\WASP-2260811072716.fits,downloaded,656640
WASP-2260811073015,2026-08-11 07:30:15,https://mo-www.cfa.harvard.edu/ImageDirectory/WASP-2260811073015.FITS,Main,60.00,Clear,WASP-2,Cecilia,AZ,moguest,False,session_01,observations\2026-08-11\WASP-2\session_01\WASP-2260811073015.fits,downloaded,656640
WASP-2260811073315,2026-08-11 07:33:15,https://mo-www.cfa.harvard.edu/ImageDirectory/WASP-2260811073315.FITS,Main,60.00,Clear,WASP-2,Cecilia,AZ,moguest,False,session_01,observations\2026-08-11\WASP-2\session_01\WASP-2260811073315.fits,downloaded,656640
WASP-2260811073615,2026-08-11 07:36:15,https://mo-www.cfa.harvard.edu/ImageDirectory/WASP-2260811073615.FITS,Main,60.00,Clear,WASP-2,Cecilia,AZ,moguest,False,session_01,observations\2026-08-11\WASP-2\session_01\WASP-2260811073615.fits,downloaded,656640
WASP-2260811073917,2026-08-11 07:39:17,https://mo-www.cfa.harvard.edu/ImageDirectory/WASP-2260811073917.FITS,Main,60.00,Clear,WASP-2,Cecilia,AZ,moguest,False,session_01,observations\2026-08-11\WASP-2\session_01\WASP-2260811073917.fits,downloaded,656640
WASP-2260811074216,2026-08-11 07:42:16,https://mo-www.cfa.harvard.edu/ImageDirectory/WASP-2260811074216.FITS,Main,60.00,Clear,WASP-2,Cecilia,AZ,moguest,False,session_01,observations\2026-08-11\WASP-2\session_01\WASP-2260811074216.fits,downloaded,656640
WASP-2260811074516,2026-08-11 07:45:16,https://mo-www.cfa.harvard.edu/ImageDirectory/WASP-2260811074516.FITS,Main,60.00,Clear,WASP-2,Cecilia,AZ,moguest,False,session_01,observations\2026-08-11\WASP-2\session_01\WASP-2260811074516.fits,downloaded,656640
WASP-2260811074816,2026-08-11 07:48:16,https://mo-www.cfa.harvard.edu/ImageDirectory/WASP-2260811074816.FITS,Main,60.00,Clear,WASP-2,Cecilia,AZ,moguest,False,session_01,observations\2026-08-11\WASP-2\session_01\WASP-2260811074816.fits,downloaded,656640
WASP-2260811075115,2026-08-11 07:51:15,https://mo-www.cfa.harvard.edu/ImageDirectory/WASP-2260811075115.FITS,Main,60.00,Clear,WASP-2,Cecilia,AZ,moguest,False,session_01,observations\2026-08-11\WASP-2\session_01\WASP-2260811075115.fits,downloaded,656640
WASP-2260811075416,2026-08-11 07:54:16,https://mo-www.cfa.harvard.edu/ImageDirectory/WASP-2260811075416.FITS,Main,60.00,Clear,WASP-2,Cecilia,AZ,moguest,False,session_01,observations\2026-08-11\WASP-2\session_01\WASP-2260811075416.fits,downloaded,656640
WASP-2260811075716,2026-08-11 07:57:16,https://mo-www.cfa.harvard.edu/ImageDirectory/WASP-2260811075716.FITS,Main,60.00,Clear,WASP-2,Cecilia,AZ,moguest,False,session_01,observations\2026-08-11\WASP-2\session_01\WASP-2260811075716.fits,downloaded,656640
WASP-2260811080016,2026-08-11 08:00:16,https://mo-www.cfa.harvard.edu/ImageDirectory/WASP-2260811080016.FITS,Main,60.00,Clear,WASP-2,Cecilia,AZ,moguest,False,session_01,observations\2026-08-11\WASP-2\session_01\WASP-2260811080016.fits,downloaded,656640
WASP-2260811080315,2026-08-11 08:03:15,https://mo-www.cfa.harvard.edu/ImageDirectory/WASP-2260811080315.FITS,Main,60.00,Clear,WASP-2,Cecilia,AZ,moguest,False,session_01,observations\2026-08-11\WASP-2\session_01\WASP-2260811080315.fits,downloaded,656640
WASP-2260811080616,2026-08-11 08:06:16,https://mo-www.cfa.harvard.edu/ImageDirectory/WASP-2260811080616.FITS,Main,60.00,Clear,WASP-2,Cecilia,AZ,moguest,False,session_01,observations\2026-08-11\WASP-2\session_01\WASP-2260811080616.fits,downloaded,656640
WASP-2260811080915,2026-08-11 08:09:15,https://mo-www.cfa.harvard.edu/ImageDirectory/WASP-2260811080915.FITS,Main,60.00,Clear,WASP-2,Cecilia,AZ,moguest,False,session_01,observations\2026-08-11\WASP-2\session_01\WASP-2260811080915.fits,downloaded,656640
WASP-2260811081216,2026-08-11 08:12:16,https://mo-www.cfa.harvard.edu/ImageDirectory/WASP-2260811081216.FITS,Main,60.00,Clear,WASP-2,Cecilia,AZ,moguest,False,session_01,observations\2026-08-11\WASP-2\session_01\WASP-2260811081216.fits,downloaded,656640
WASP-2260811081516,2026-08-11 08:15:16,https://mo-www.cfa.harvard.edu/ImageDirectory/WASP-2260811081516.FITS,Main,60.00,Clear,WASP-2,Cecilia,AZ,moguest,False,session_01,observations\2026-08-11\WASP-2\session_01\WASP-2260811081516.fits,downloaded,656640
WASP-2260811081816,2026-08-11 08:18:16,https://mo-www.cfa.harvard.edu/ImageDirectory/WASP-2260811081816.FITS,Main,60.00,Clear,WASP-2,Cecilia,AZ,moguest,False,session_01,observations\2026-08-11\WASP-2\session_01\WASP-2260811081816.fits,downloaded,656640
WASP-2260811082117,2026-08-11 08:21:17,https://mo-www.cfa.harvard.edu/ImageDirectory/WASP-2260811082117.FITS,Main,60.00,Clear,WASP-2,Cecilia,AZ,moguest,False,session_01,observations\2026-08-11\WASP-2\session_01\WASP-2260811082117.fits,downloaded,656640
WASP-2260811082415,2026-08-11 08:24:15,https://mo-www.cfa.harvard.edu/ImageDirectory/WASP-2260811082415.FITS,Main,60.00,Clear,WASP-2,Cecilia,AZ,moguest,False,session_01,observations\2026-08-11\WASP-2\session_01\WASP-2260811082415.fits,downloaded,656640
WASP-2260811082716,2026-08-11 08:27:16,https://mo-www.cfa.harvard.edu/ImageDirectory/WASP-2260811082716.FITS,Main,60.00,Clear,WASP-2,Cecilia,AZ,moguest,False,session_01,observations\2026-08-11\WASP-2\session_01\WASP-2260811082716.fits,downloaded,656640
WASP-2260811083015,2026-08-11 08:30:15,https://mo-www.cfa.harvard.edu/ImageDirectory/WASP-2260811083015.FITS,Main,60.00,Clear,WASP-2,Cecilia,AZ,moguest,False,session_01,observations\2026-08-11\WASP-2\session_01\WASP-2260811083015.fits,downloaded,656640
WASP-2260811083315,2026-08-11 08:33:15,https://mo-www.cfa.harvard.edu/ImageDirectory/WASP-2260811083315.FITS,Main,60.00,Clear,WASP-2,Cecilia,AZ,moguest,False,session_01,observations\2026-08-11\WASP-2\session_01\WASP-2260811083315.fits,downloaded,656640
WASP-2260811083616,2026-08-11 08:36:16,https://mo-www.cfa.harvard.edu/ImageDirectory/WASP-2260811083616.FITS,Main,60.00,Clear,WASP-2,Cecilia,AZ,moguest,False,session_01,observations\2026-08-11\WASP-2\session_01\WASP-2260811083616.fits,downloaded,656640
WASP-2260811083917,2026-08-11 08:39:17,https://mo-www.cfa.harvard.edu/ImageDirectory/WASP-2260811083917.FITS,Main,60.00,Clear,WASP-2,Cecilia,AZ,moguest,False,session_01,observations\2026-08-11\WASP-2\session_01\WASP-2260811083917.fits,downloaded,656640
WASP-2260811084215,2026-08-11 08:42:15,https://mo-www.cfa.harvard.edu/ImageDirectory/WASP-2260811084215.FITS,Main,60.00,Clear,WASP-2,Cecilia,AZ,moguest,False,session_01,observations\2026-08-11\WASP-2\session_01\WASP-2260811084215.fits,downloaded,656640
WASP-2260811084515,2026-08-11 08:45:15,https://mo-www.cfa.harvard.edu/ImageDirectory/WASP-2260811084515.FITS,Main,60.00,Clear,WASP-2,Cecilia,AZ,moguest,False,session_01,observations\2026-08-11\WASP-2\session_01\WASP-2260811084515.fits,downloaded,656640
WASP-2260811084815,2026-08-11 08:48:15,https://mo-www.cfa.harvard.edu/ImageDirectory/WASP-2260811084815.FITS,Main,60.00,Clear,WASP-2,Cecilia,AZ,moguest,False,session_01,observations\2026-08-11\WASP-2\session_01\WASP-2260811084815.fits,downloaded,656640
WASP-2260811085115,2026-08-11 08:51:15,https://mo-www.cfa.harvard.edu/ImageDirectory/WASP-2260811085115.FITS,Main,60.00,Clear,WASP-2,Cecilia,AZ,moguest,False,session_01,observations\2026-08-11\WASP-2\session_01\WASP-2260811085115.fits,downloaded,656640
WASP-2260811085416,2026-08-11 08:54:16,https://mo-www.cfa.harvard.edu/ImageDirectory/WASP-2260811085416.FITS,Main,60.00,Clear,WASP-2,Cecilia,AZ,moguest,False,session_01,observations\2026-08-11\WASP-2\session_01\WASP-2260811085416.fits,downloaded,656640
WASP-2260811085716,2026-08-11 08:57:16,https://mo-www.cfa.harvard.edu/ImageDirectory/WASP-2260811085716.FITS,Main,60.00,Clear,WASP-2,Cecilia,AZ,moguest,False,session_01,observations\2026-08-11\WASP-2\session_01\WASP-2260811085716.fits,downloaded,656640
WASP-2260811090015,2026-08-11 09:00:15,https://mo-www.cfa.harvard.edu/ImageDirectory/WASP-2260811090015.FITS,Main,60.00,Clear,WASP-2,Cecilia,AZ,moguest,False,session_01,observations\2026-08-11\WASP-2\session_01\WASP-2260811090015.fits,downloaded,656640
WASP-2260811090317,2026-08-11 09:03:17,https://mo-www.cfa.harvard.edu/ImageDirectory/WASP-2260811090317.FITS,Main,60.00,Clear,WASP-2,Cecilia,AZ,moguest,False,session_01,observations\2026-08-11\WASP-2\session_01\WASP-2260811090317.fits,downloaded,656640
WASP-2260811090618,2026-08-11 09:06:18,https://mo-www.cfa.harvard.edu/ImageDirectory/WASP-2260811090618.FITS,Main,60.00,Clear,WASP-2,Cecilia,AZ,moguest,False,session_01,observations\2026-08-11\WASP-2\session_01\WASP-2260811090618.fits,downloaded,656640
WASP-2260811090916,2026-08-11 09:09:16,https://mo-www.cfa.harvard.edu/ImageDirectory/WASP-2260811090916.FITS,Main,60.00,Clear,WASP-2,Cecilia,AZ,moguest,False,session_01,observations\2026-08-11\WASP-2\session_01\WASP-2260811090916.fits,downloaded,656640
WASP-2260811091215,2026-08-11 09:12:15,https://mo-www.cfa.harvard.edu/ImageDirectory/WASP-2260811091215.FITS,Main,60.00,Clear,WASP-2,Cecilia,AZ,moguest,False,session_01,observations\2026-08-11\WASP-2\session_01\WASP-2260811091215.fits,downloaded,656640
WASP-2260811091516,2026-08-11 09:15:16,https://mo-www.cfa.harvard.edu/ImageDirectory/WASP-2260811091516.FITS,Main,60.00,Clear,WASP-2,Cecilia,AZ,moguest,False,session_01,observations\2026-08-11\WASP-2\session_01\WASP-2260811091516.fits,downloaded,656640
WASP-2260811091816,2026-08-11 09:18:16,https://mo-www.cfa.harvard.edu/ImageDirectory/WASP-2260811091816.FITS,Main,60.00,Clear,WASP-2,Cecilia,AZ,moguest,False,session_01,observations\2026-08-11\WASP-2\session_01\WASP-2260811091816.fits,downloaded,656640
WASP-2260811092117,2026-08-11 09:21:17,https://mo-www.cfa.harvard.edu/ImageDirectory/WASP-2260811092117.FITS,Main,60.00,Clear,WASP-2,Cecilia,AZ,moguest,False,session_01,observations\2026-08-11\WASP-2\session_01\WASP-2260811092117.fits,downloaded,656640
WASP-2260811092416,2026-08-11 09:24:16,https://mo-www.cfa.harvard.edu/ImageDirectory/WASP-2260811092416.FITS,Main,60.00,Clear,WASP-2,Cecilia,AZ,moguest,False,session_01,observations\2026-08-11\WASP-2\session_01\WASP-2260811092416.fits,downloaded,656640
WASP-2260811092716,2026-08-11 09:27:16,https://mo-www.cfa.harvard.edu/ImageDirectory/WASP-2260811092716.FITS,Main,60.00,Clear,WASP-2,Cecilia,AZ,moguest,False,session_01,observations\2026-08-11\WASP-2\session_01\WASP-2260811092716.fits,downloaded,656640
WASP-2260811093015,2026-08-11 09:30:15,https://mo-www.cfa.harvard.edu/ImageDirectory/WASP-2260811093015.FITS,Main,60.00,Clear,WASP-2,Cecilia,AZ,moguest,False,session_01,observations\2026-08-11\WASP-2\session_01\WASP-2260811093015.fits,downloaded,656640
WASP-2260811093315,2026-08-11 09:33:15,https://mo-www.cfa.harvard.edu/ImageDirectory/WASP-2260811093315.FITS,Main,60.00,Clear,WASP-2,Cecilia,AZ,moguest,False,session_01,observations\2026-08-11\WASP-2\session_01\WASP-2260811093315.fits,downloaded,656640
WASP-2260811093617,2026-08-11 09:36:17,https://mo-www.cfa.harvard.edu/ImageDirectory/WASP-2260811093617.FITS,Main,60.00,Clear,WASP-2,Cecilia,AZ,moguest,False,session_01,observations\2026-08-11\WASP-2\session_01\WASP-2260811093617.fits,downloaded,656640
WASP-2260811093916,2026-08-11 09:39:16,https://mo-www.cfa.harvard.edu/ImageDirectory/WASP-2260811093916.FITS,Main,60.00,Clear,WASP-2,Cecilia,AZ,moguest,False,session_01,observations\2026-08-11\WASP-2\session_01\WASP-2260811093916.fits,downloaded,656640
WASP-2260811094217,2026-08-11 09:42:17,https://mo-www.cfa.harvard.edu/ImageDirectory/WASP-2260811094217.FITS,Main,60.00,Clear,WASP-2,Cecilia,AZ,moguest,False,session_01,observations\2026-08-11\WASP-2\session_01\WASP-2260811094217.fits,downloaded,656640
WASP-2260811094515,2026-08-11 09:45:15,https://mo-www.cfa.harvard.edu/ImageDirectory/WASP-2260811094515.FITS,Main,60.00,Clear,WASP-2,Cecilia,AZ,moguest,False,session_01,observations\2026-08-11\WASP-2\session_01\WASP-2260811094515.fits,downloaded,656640
WASP-2260811094815,2026-08-11 09:48:15,https://mo-www.cfa.harvard.edu/ImageDirectory/WASP-2260811094815.FITS,Main,60.00,Clear,WASP-2,Cecilia,AZ,moguest,False,session_01,observations\2026-08-11\WASP-2\session_01\WASP-2260811094815.fits,downloaded,656640
WASP-2260811095117,2026-08-11 09:51:17,https://mo-www.cfa.harvard.edu/ImageDirectory/WASP-2260811095117.FITS,Main,60.00,Clear,WASP-2,Cecilia,AZ,moguest,False,session_01,observations\2026-08-11\WASP-2\session_01\WASP-2260811095117.fits,downloaded,656640
WASP-2260811095415,2026-08-11 09:54:15,https://mo-www.cfa.harvard.edu/ImageDirectory/WASP-2260811095415.FITS,Main,60.00,Clear,WASP-2,Cecilia,AZ,moguest,False,session_01,observations\2026-08-11\WASP-2\session_01\WASP-2260811095415.fits,downloaded,656640
WASP-2260811095716,2026-08-11 09:57:16,https://mo-www.cfa.harvard.edu/ImageDirectory/WASP-2260811095716.FITS,Main,60.00,Clear,WASP-2,Cecilia,AZ,moguest,False,session_01,observations\2026-08-11\WASP-2\session_01\WASP-2260811095716.fits,downloaded,656640
WASP-2260811100016,2026-08-11 10:00:16,https://mo-www.cfa.harvard.edu/ImageDirectory/WASP-2260811100016.FITS,Main,60.00,Clear,WASP-2,Cecilia,AZ,moguest,False,session_01,observations\2026-08-11\WASP-2\session_01\WASP-2260811100016.fits,downloaded,656640
WASP-2260811100316,2026-08-11 10:03:16,https://mo-www.cfa.harvard.edu/ImageDirectory/WASP-2260811100316.FITS,Main,60.00,Clear,WASP-2,Cecilia,AZ,moguest,False,session_01,observations\2026-08-11\WASP-2\session_01\WASP-2260811100316.fits,downloaded,656640
WASP-2260811100616,2026-08-11 10:06:16,https://mo-www.cfa.harvard.edu/ImageDirectory/WASP-2260811100616.FITS,Main,60.00,Clear,WASP-2,Cecilia,AZ,moguest,False,session_01,observations\2026-08-11\WASP-2\session_01\WASP-2260811100616.fits,downloaded,656640
WASP-2260811100916,2026-08-11 10:09:16,https://mo-www.cfa.harvard.edu/ImageDirectory/WASP-2260811100916.FITS,Main,60.00,Clear,WASP-2,Cecilia,AZ,moguest,False,session_01,observations\2026-08-11\WASP-2\session_01\WASP-2260811100916.fits,downloaded,656640
WASP-2260811101216,2026-08-11 10:12:16,https://mo-www.cfa.harvard.edu/ImageDirectory/WASP-2260811101216.FITS,Main,60.00,Clear,WASP-2,Cecilia,AZ,moguest,False,session_01,observations\2026-08-11\WASP-2\session_01\WASP-2260811101216.fits,downloaded,656640
WASP-2260811101516,2026-08-11 10:15:16,https://mo-www.cfa.harvard.edu/ImageDirectory/WASP-2260811101516.FITS,Main,60.00,Clear,WASP-2,Cecilia,AZ,moguest,False,session_01,observations\2026-08-11\WASP-2\session_01\WASP-2260811101516.fits,downloaded,656640
WASP-2260811101815,2026-08-11 10:18:15,https://mo-www.cfa.harvard.edu/ImageDirectory/WASP-2260811101815.FITS,Main,60.00,Clear,WASP-2,Cecilia,AZ,moguest,False,session_01,observations\2026-08-11\WASP-2\session_01\WASP-2260811101815.fits,downloaded,656640
WASP-2260811102117,2026-08-11 10:21:17,https://mo-www.cfa.harvard.edu/ImageDirectory/WASP-2260811102117.FITS,Main,60.00,Clear,WASP-2,Cecilia,AZ,moguest,False,session_01,observations\2026-08-11\WASP-2\session_01\WASP-2260811102117.fits,downloaded,656640
WASP-2260811102416,2026-08-11 10:24:16,https://mo-www.cfa.harvard.edu/ImageDirectory/WASP-2260811102416.FITS,Main,60.00,Clear,WASP-2,Cecilia,AZ,moguest,False,session_01,observations\2026-08-11\WASP-2\session_01\WASP-2260811102416.fits,downloaded,656640
WASP-2260811102716,2026-08-11 10:27:16,https://mo-www.cfa.harvard.edu/ImageDirectory/WASP-2260811102716.FITS,Main,60.00,Clear,WASP-2,Cecilia,AZ,moguest,False,session_01,observations\2026-08-11\WASP-2\session_01\WASP-2260811102716.fits,downloaded,656640
WASP-2260811103015,2026-08-11 10:30:15,https://mo-www.cfa.harvard.edu/ImageDirectory/WASP-2260811103015.FITS,Main,60.00,Clear,WASP-2,Cecilia,AZ,moguest,False,session_01,observations\2026-08-11\WASP-2\session_01\WASP-2260811103015.fits,downloaded,656640
WASP-2260811103315,2026-08-11 10:33:15,https://mo-www.cfa.harvard.edu/ImageDirectory/WASP-2260811103315.FITS,Main,60.00,Clear,WASP-2,Cecilia,AZ,moguest,False,session_01,observations\2026-08-11\WASP-2\session_01\WASP-2260811103315.fits,downloaded,656640
WASP-2260811103617,2026-08-11 10:36:17,https://mo-www.cfa.harvard.edu/ImageDirectory/WASP-2260811103617.FITS,Main,60.00,Clear,WASP-2,Cecilia,AZ,moguest,False,session_01,observations\2026-08-11\WASP-2\session_01\WASP-2260811103617.fits,downloaded,656640
WASP-2260811103915,2026-08-11 10:39:15,https://mo-www.cfa.harvard.edu/ImageDirectory/WASP-2260811103915.FITS,Main,60.00,Clear,WASP-2,Cecilia,AZ,moguest,False,session_01,observations\2026-08-11\WASP-2\session_01\WASP-2260811103915.fits,downloaded,656640
WASP-2260811104216,2026-08-11 10:42:16,https://mo-www.cfa.harvard.edu/ImageDirectory/WASP-2260811104216.FITS,Main,60.00,Clear,WASP-2,Cecilia,AZ,moguest,False,session_01,observations\2026-08-11\WASP-2\session_01\WASP-2260811104216.fits,downloaded,656640
WASP-2260811104516,2026-08-11 10:45:16,https://mo-www.cfa.harvard.edu/ImageDirectory/WASP-2260811104516.FITS,Main,60.00,Clear,WASP-2,Cecilia,AZ,moguest,False,session_01,observations\2026-08-11\WASP-2\session_01\WASP-2260811104516.fits,downloaded,656640
WASP-2260824045231,2026-08-24 04:52:31,https://mo-www.cfa.harvard.edu/ImageDirectory/WASP-2260824045231.FITS,Main,60.00,Clear,WASP-2,Cecilia,AZ,moguest,False,session_01,observations\2026-08-24\WASP-2\session_01\WASP-2260824045231.fits,downloaded,656640
WASP-2260824045415,2026-08-24 04:54:15,https://mo-www.cfa.harvard.edu/ImageDirectory/WASP-2260824045415.FITS,Main,60.00,Clear,WASP-2,Cecilia,AZ,moguest,False,session_01,observations\2026-08-24\WASP-2\session_01\WASP-2260824045415.fits,downloaded,656640
WASP-2260824045715,2026-08-24 04:57:15,https://mo-www.cfa.harvard.edu/ImageDirectory/WASP-2260824045715.FITS,Main,60.00,Clear,WASP-2,Cecilia,AZ,moguest,False,session_01,observations\2026-08-24\WASP-2\session_01\WASP-2260824045715.fits,downloaded,656640
WASP-2260824050015,2026-08-24 05:00:15,https://mo-www.cfa.harvard.edu/ImageDirectory/WASP-2260824050015.FITS,Main,60.00,Clear,WASP-2,Cecilia,AZ,moguest,False,session_01,observations\2026-08-24\WASP-2\session_01\WASP-2260824050015.fits,downloaded,656640
WASP-2260824050316,2026-08-24 05:03:16,https://mo-www.cfa.harvard.edu/ImageDirectory/WASP-2260824050316.FITS,Main,60.00,Clear,WASP-2,Cecilia,AZ,moguest,False,session_01,observations\2026-08-24\WASP-2\session_01\WASP-2260824050316.fits,downloaded,656640
WASP-2260824050616,2026-08-24 05:06:16,https://mo-www.cfa.harvard.edu/ImageDirectory/WASP-2260824050616.FITS,Main,60.00,Clear,WASP-2,Cecilia,AZ,moguest,False,session_01,observations\2026-08-24\WASP-2\session_01\WASP-2260824050616.fits,downloaded,656640
WASP-2260824050915,2026-08-24 05:09:15,https://mo-www.cfa.harvard.edu/ImageDirectory/WASP-2260824050915.FITS,Main,60.00,Clear,WASP-2,Cecilia,AZ,moguest,False,session_01,observations\2026-08-24\WASP-2\session_01\WASP-2260824050915.fits,downloaded,656640
WASP-2260824051215,2026-08-24 05:12:15,https://mo-www.cfa.harvard.edu/ImageDirectory/WASP-2260824051215.FITS,Main,60.00,Clear,WASP-2,Cecilia,AZ,moguest,False,session_01,observations\2026-08-24\WASP-2\session_01\WASP-2260824051215.fits,downloaded,656640
WASP-2260824051516,2026-08-24 05:15:16,https://mo-www.cfa.harvard.edu/ImageDirectory/WASP-2260824051516.FITS,Main,60.00,Clear,WASP-2,Cecilia,AZ,moguest,False,session_01,observations\2026-08-24\WASP-2\session_01\WASP-2260824051516.fits,downloaded,656640
WASP-2260824051815,2026-08-24 05:18:15,https://mo-www.cfa.harvard.edu/ImageDirectory/WASP-2260824051815.FITS,Main,60.00,Clear,WASP-2,Cecilia,AZ,moguest,False,session_01,observations\2026-08-24\WASP-2\session_01\WASP-2260824051815.fits,downloaded,656640
WASP-2260824052115,2026-08-24 05:21:15,https://mo-www.cfa.harvard.edu/ImageDirectory/WASP-2260824052115.FITS,Main,60.00,Clear,WASP-2,Cecilia,AZ,moguest,False,session_01,observations\2026-08-24\WASP-2\session_01\WASP-2260824052115.fits,downloaded,656640
WASP-2260824052415,2026-08-24 05:24:15,https://mo-www.cfa.harvard.edu/ImageDirectory/WASP-2260824052415.FITS,Main,60.00,Clear,WASP-2,Cecilia,AZ,moguest,False,session_01,observations\2026-08-24\WASP-2\session_01\WASP-2260824052415.fits,downloaded,656640
WASP-2260824052715,2026-08-24 05:27:15,https://mo-www.cfa.harvard.edu/ImageDirectory/WASP-2260824052715.FITS,Main,60.00,Clear,WASP-2,Cecilia,AZ,moguest,False,session_01,observations\2026-08-24\WASP-2\session_01\WASP-2260824052715.fits,downloaded,656640
WASP-2260824053017,2026-08-24 05:30:17,https://mo-www.cfa.harvard.edu/ImageDirectory/WASP-2260824053017.FITS,Main,60.00,Clear,WASP-2,Cecilia,AZ,moguest,False,session_01,observations\2026-08-24\WASP-2\session_01\WASP-2260824053017.fits,downloaded,656640
WASP-2260824053316,2026-08-24 05:33:16,https://mo-www.cfa.harvard.edu/ImageDirectory/WASP-2260824053316.FITS,Main,60.00,Clear,WASP-2,Cecilia,AZ,moguest,False,session_01,observations\2026-08-24\WASP-2\session_01\WASP-2260824053316.fits,downloaded,656640
WASP-2260824053616,2026-08-24 05:36:16,https://mo-www.cfa.harvard.edu/ImageDirectory/WASP-2260824053616.FITS,Main,60.00,Clear,WASP-2,Cecilia,AZ,moguest,False,session_01,observations\2026-08-24\WASP-2\session_01\WASP-2260824053616.fits,downloaded,656640
WASP-2260824053915,2026-08-24 05:39:15,https://mo-www.cfa.harvard.edu/ImageDirectory/WASP-2260824053915.FITS,Main,60.00,Clear,WASP-2,Cecilia,AZ,moguest,False,session_01,observations\2026-08-24\WASP-2\session_01\WASP-2260824053915.fits,downloaded,656640
WASP-2260824054216,2026-08-24 05:42:16,https://mo-www.cfa.harvard.edu/ImageDirectory/WASP-2260824054216.FITS,Main,60.00,Clear,WASP-2,Cecilia,AZ,moguest,False,session_01,observations\2026-08-24\WASP-2\session_01\WASP-2260824054216.fits,downloaded,656640
WASP-2260824054516,2026-08-24 05:45:16,https://mo-www.cfa.harvard.edu/ImageDirectory/WASP-2260824054516.FITS,Main,60.00,Clear,WASP-2,Cecilia,AZ,moguest,False,session_01,observations\2026-08-24\WASP-2\session_01\WASP-2260824054516.fits,downloaded,656640
WASP-2260824054815,2026-08-24 05:48:15,https://mo-www.cfa.harvard.edu/ImageDirectory/WASP-2260824054815.FITS,Main,60.00,Clear,WASP-2,Cecilia,AZ,moguest,False,session_01,observations\2026-08-24\WASP-2\session_01\WASP-2260824054815.fits,downloaded,656640
WASP-2260824055115,2026-08-24 05:51:15,https://mo-www.cfa.harvard.edu/ImageDirectory/WASP-2260824055115.FITS,Main,60.00,Clear,WASP-2,Cecilia,AZ,moguest,False,session_01,observations\2026-08-24\WASP-2\session_01\WASP-2260824055115.fits,downloaded,656640
WASP-2260824055415,2026-08-24 05:54:15,https://mo-www.cfa.harvard.edu/ImageDirectory/WASP-2260824055415.FITS,Main,60.00,Clear,WASP-2,Cecilia,AZ,moguest,False,session_01,observations\2026-08-24\WASP-2\session_01\WASP-2260824055415.fits,downloaded,656640
WASP-2260824055715,2026-08-24 05:57:15,https://mo-www.cfa.harvard.edu/ImageDirectory/WASP-2260824055715.FITS,Main,60.00,Clear,WASP-2,Cecilia,AZ,moguest,False,session_01,observations\2026-08-24\WASP-2\session_01\WASP-2260824055715.fits,downloaded,656640
WASP-2260824060015,2026-08-24 06:00:15,https://mo-www.cfa.harvard.edu/ImageDirectory/WASP-2260824060015.FITS,Main,60.00,Clear,WASP-2,Cecilia,AZ,moguest,False,session_01,observations\2026-08-24\WASP-2\session_01\WASP-2260824060015.fits,downloaded,656640
WASP-2260824060315,2026-08-24 06:03:15,https://mo-www.cfa.harvard.edu/ImageDirectory/WASP-2260824060315.FITS,Main,60.00,Clear,WASP-2,Cecilia,AZ,moguest,False,session_01,observations\2026-08-24\WASP-2\session_01\WASP-2260824060315.fits,downloaded,656640
WASP-2260824060615,2026-08-24 06:06:15,https://mo-www.cfa.harvard.edu/ImageDirectory/WASP-2260824060615.FITS,Main,60.00,Clear,WASP-2,Cecilia,AZ,moguest,False,session_01,observations\2026-08-24\WASP-2\session_01\WASP-2260824060615.fits,downloaded,656640
WASP-2260824060915,2026-08-24 06:09:15,https://mo-www.cfa.harvard.edu/ImageDirectory/WASP-2260824060915.FITS,Main,60.00,Clear,WASP-2,Cecilia,AZ,moguest,False,session_01,observations\2026-08-24\WASP-2\session_01\WASP-2260824060915.fits,downloaded,656640
WASP-2260824061215,2026-08-24 06:12:15,https://mo-www.cfa.harvard.edu/ImageDirectory/WASP-2260824061215.FITS,Main,60.00,Clear,WASP-2,Cecilia,AZ,moguest,False,session_01,observations\2026-08-24\WASP-2\session_01\WASP-2260824061215.fits,downloaded,656640
WASP-2260824061516,2026-08-24 06:15:16,https://mo-www.cfa.harvard.edu/ImageDirectory/WASP-2260824061516.FITS,Main,60.00,Clear,WASP-2,Cecilia,AZ,moguest,False,session_01,observations\2026-08-24\WASP-2\session_01\WASP-2260824061516.fits,downloaded,656640
WASP-2260824061815,2026-08-24 06:18:15,https://mo-www.cfa.harvard.edu/ImageDirectory/WASP-2260824061815.FITS,Main,60.00,Clear,WASP-2,Cecilia,AZ,moguest,False,session_01,observations\2026-08-24\WASP-2\session_01\WASP-2260824061815.fits,downloaded,656640
WASP-2260824062115,2026-08-24 06:21:15,https://mo-www.cfa.harvard.edu/ImageDirectory/WASP-2260824062115.FITS,Main,60.00,Clear,WASP-2,Cecilia,AZ,moguest,False,session_01,observations\2026-08-24\WASP-2\session_01\WASP-2260824062115.fits,downloaded,656640
WASP-2260824062415,2026-08-24 06:24:15,https://mo-www.cfa.harvard.edu/ImageDirectory/WASP-2260824062415.FITS,Main,60.00,Clear,WASP-2,Cecilia,AZ,moguest,False,session_01,observations\2026-08-24\WASP-2\session_01\WASP-2260824062415.fits,downloaded,656640
WASP-2260824062715,2026-08-24 06:27:15,https://mo-www.cfa.harvard.edu/ImageDirectory/WASP-2260824062715.FITS,Main,60.00,Clear,WASP-2,Cecilia,AZ,moguest,False,session_01,observations\2026-08-24\WASP-2\session_01\WASP-2260824062715.fits,downloaded,656640
WASP-2260824063016,2026-08-24 06:30:16,https://mo-www.cfa.harvard.edu/ImageDirectory/WASP-2260824063016.FITS,Main,60.00,Clear,WASP-2,Cecilia,AZ,moguest,False,session_01,observations\2026-08-24\WASP-2\session_01\WASP-2260824063016.fits,downloaded,656640
WASP-2260824063315,2026-08-24 06:33:15,https://mo-www.cfa.harvard.edu/ImageDirectory/WASP-2260824063315.FITS,Main,60.00,Clear,WASP-2,Cecilia,AZ,moguest,False,session_01,observations\2026-08-24\WASP-2\session_01\WASP-2260824063315.fits,downloaded,656640
WASP-2260824063615,2026-08-24 06:36:15,https://mo-www.cfa.harvard.edu/ImageDirectory/WASP-2260824063615.FITS,Main,60.00,Clear,WASP-2,Cecilia,AZ,moguest,False,session_01,observations\2026-08-24\WASP-2\session_01\WASP-2260824063615.fits,downloaded,656640
WASP-2260824063916,2026-08-24 06:39:16,https://mo-www.cfa.harvard.edu/ImageDirectory/WASP-2260824063916.FITS,Main,60.00,Clear,WASP-2,Cecilia,AZ,moguest,False,session_01,observations\2026-08-24\WASP-2\session_01\WASP-2260824063916.fits,downloaded,656640
WASP-2260824064215,2026-08-24 06:42:15,https://mo-www.cfa.harvard.edu/ImageDirectory/WASP-2260824064215.FITS,Main,60.00,Clear,WASP-2,Cecilia,AZ,moguest,False,session_01,observations\2026-08-24\WASP-2\session_01\WASP-2260824064215.fits,downloaded,656640
WASP-2260824064516,2026-08-24 06:45:16,https://mo-www.cfa.harvard.edu/ImageDirectory/WASP-2260824064516.FITS,Main,60.00,Clear,WASP-2,Cecilia,AZ,moguest,False,session_01,observations\2026-08-24\WASP-2\session_01\WASP-2260824064516.fits,downloaded,656640
WASP-2260824064815,2026-08-24 06:48:15,https://mo-www.cfa.harvard.edu/ImageDirectory/WASP-2260824064815.FITS,Main,60.00,Clear,WASP-2,Cecilia,AZ,moguest,False,session_01,observations\2026-08-24\WASP-2\session_01\WASP-2260824064815.fits,downloaded,656640
WASP-2260824065115,2026-08-24 06:51:15,https://mo-www.cfa.harvard.edu/ImageDirectory/WASP-2260824065115.FITS,Main,60.00,Clear,WASP-2,Cecilia,AZ,moguest,False,session_01,observations\2026-08-24\WASP-2\session_01\WASP-2260824065115.fits,downloaded,656640
WASP-2260824065416,2026-08-24 06:54:16,https://mo-www.cfa.harvard.edu/ImageDirectory/WASP-2260824065416.FITS,Main,60.00,Clear,WASP-2,Cecilia,AZ,moguest,False,session_01,observations\2026-08-24\WASP-2\session_01\WASP-2260824065416.fits,downloaded,656640
WASP-2260824065715,2026-08-24 06:57:15,https://mo-www.cfa.harvard.edu/ImageDirectory/WASP-2260824065715.FITS,Main,60.00,Clear,WASP-2,Cecilia,AZ,moguest,False,session_01,observations\2026-08-24\WASP-2\session_01\WASP-2260824065715.fits,downloaded,656640
WASP-2260824070015,2026-08-24 07:00:15,https://mo-www.cfa.harvard.edu/ImageDirectory/WASP-2260824070015.FITS,Main,60.00,Clear,WASP-2,Cecilia,AZ,moguest,False,session_01,observations\2026-08-24\WASP-2\session_01\WASP-2260824070015.fits,downloaded,656640
WASP-2260824070315,2026-08-24 07:03:15,https://mo-www.cfa.harvard.edu/ImageDirectory/WASP-2260824070315.FITS,Main,60.00,Clear,WASP-2,Cecilia,AZ,moguest,False,session_01,observations\2026-08-24\WASP-2\session_01\WASP-2260824070315.fits,downloaded,656640
WASP-2260824070615,2026-08-24 07:06:15,https://mo-www.cfa.harvard.edu/ImageDirectory/WASP-2260824070615.FITS,Main,60.00,Clear,WASP-2,Cecilia,AZ,moguest,False,session_01,observations\2026-08-24\WASP-2\session_01\WASP-2260824070615.fits,downloaded,656640
WASP-2260824070916,2026-08-24 07:09:16,https://mo-www.cfa.harvard.edu/ImageDirectory/WASP-2260824070916.FITS,Main,60.00,Clear,WASP-2,Cecilia,AZ,moguest,False,session_01,observations\2026-08-24\WASP-2\session_01\WASP-2260824070916.fits,downloaded,656640
WASP-2260824071215,2026-08-24 07:12:15,https://mo-www.cfa.harvard.edu/ImageDirectory/WASP-2260824071215.FITS,Main,60.00,Clear,WASP-2,Cecilia,AZ,moguest,False,session_01,observations\2026-08-24\WASP-2\session_01\WASP-2260824071215.fits,downloaded,656640
WASP-2260824071515,2026-08-24 07:15:15,https://mo-www.cfa.harvard.edu/ImageDirectory/WASP-2260824071515.FITS,Main,60.00,Clear,WASP-2,Cecilia,AZ,moguest,False,session_01,observations\2026-08-24\WASP-2\session_01\WASP-2260824071515.fits,downloaded,656640
WASP-2260824071815,2026-08-24 07:18:15,https://mo-www.cfa.harvard.edu/ImageDirectory/WASP-2260824071815.FITS,Main,60.00,Clear,WASP-2,Cecilia,AZ,moguest,False,session_01,observations\2026-08-24\WASP-2\session_01\WASP-2260824071815.fits,downloaded,656640
WASP-2260824072115,2026-08-24 07:21:15,https://mo-www.cfa.harvard.edu/ImageDirectory/WASP-2260824072115.FITS,Main,60.00,Clear,WASP-2,Cecilia,AZ,moguest,False,session_01,observations\2026-08-24\WASP-2\session_01\WASP-2260824072115.fits,downloaded,656640
WASP-2260824072416,2026-08-24 07:24:16,https://mo-www.cfa.harvard.edu/ImageDirectory/WASP-2260824072416.FITS,Main,60.00,Clear,WASP-2,Cecilia,AZ,moguest,False,session_01,observations\2026-08-24\WASP-2\session_01\WASP-2260824072416.fits,downloaded,656640
WASP-2260824072716,2026-08-24 07:27:16,https://mo-www.cfa.harvard.edu/ImageDirectory/WASP-2260824072716.FITS,Main,60.00,Clear,WASP-2,Cecilia,AZ,moguest,False,session_01,observations\2026-08-24\WASP-2\session_01\WASP-2260824072716.fits,downloaded,656640
WASP-2260824073015,2026-08-24 07:30:15,https://mo-www.cfa.harvard.edu/ImageDirectory/WASP-2260824073015.FITS,Main,60.00,Clear,WASP-2,Cecilia,AZ,moguest,False,session_01,observations\2026-08-24\WASP-2\session_01\WASP-2260824073015.fits,downloaded,656640
WASP-2260824073315,2026-08-24 07:33:15,https://mo-www.cfa.harvard.edu/ImageDirectory/WASP-2260824073315.FITS,Main,60.00,Clear,WASP-2,Cecilia,AZ,moguest,False,session_01,observations\2026-08-24\WASP-2\session_01\WASP-2260824073315.fits,downloaded,656640
WASP-2260824073615,2026-08-24 07:36:15,https://mo-www.cfa.harvard.edu/ImageDirectory/WASP-2260824073615.FITS,Main,60.00,Clear,WASP-2,Cecilia,AZ,moguest,False,session_01,observations\2026-08-24\WASP-2\session_01\WASP-2260824073615.fits,downloaded,656640
WASP-2260824073915,2026-08-24 07:39:15,https://mo-www.cfa.harvard.edu/ImageDirectory/WASP-2260824073915.FITS,Main,60.00,Clear,WASP-2,Cecilia,AZ,moguest,False,session_01,observations\2026-08-24\WASP-2\session_01\WASP-2260824073915.fits,downloaded,656640
WASP-2260824074215,2026-08-24 07:42:15,https://mo-www.cfa.harvard.edu/ImageDirectory/WASP-2260824074215.FITS,Main,60.00,Clear,WASP-2,Cecilia,AZ,moguest,False,session_01,observations\2026-08-24\WASP-2\session_01\WASP-2260824074215.fits,downloaded,656640
WASP-2260824074515,2026-08-24 07:45:15,https://mo-www.cfa.harvard.edu/ImageDirectory/WASP-2260824074515.FITS,Main,60.00,Clear,WASP-2,Cecilia,AZ,moguest,False,session_01,observations\2026-08-24\WASP-2\session_01\WASP-2260824074515.fits,downloaded,656640
WASP-2260824074815,2026-08-24 07:48:15,https://mo-www.cfa.harvard.edu/ImageDirectory/WASP-2260824074815.FITS,Main,60.00,Clear,WASP-2,Cecilia,AZ,moguest,False,session_01,observations\2026-08-24\WASP-2\session_01\WASP-2260824074815.fits,downloaded,656640
WASP-2260824075115,2026-08-24 07:51:15,https://mo-www.cfa.harvard.edu/ImageDirectory/WASP-2260824075115.FITS,Main,60.00,Clear,WASP-2,Cecilia,AZ,moguest,False,session_01,observations\2026-08-24\WASP-2\session_01\WASP-2260824075115.fits,downloaded,656640
WASP-2260824075416,2026-08-24 07:54:16,https://mo-www.cfa.harvard.edu/ImageDirectory/WASP-2260824075416.FITS,Main,60.00,Clear,WASP-2,Cecilia,AZ,moguest,False,session_01,observations\2026-08-24\WASP-2\session_01\WASP-2260824075416.fits,downloaded,656640
WASP-2260824075715,2026-08-24 07:57:15,https://mo-www.cfa.harvard.edu/ImageDirectory/WASP-2260824075715.FITS,Main,60.00,Clear,WASP-2,Cecilia,AZ,moguest,False,session_01,observations\2026-08-24\WASP-2\session_01\WASP-2260824075715.fits,downloaded,656640
WASP-2260824080015,2026-08-24 08:00:15,https://mo-www.cfa.harvard.edu/ImageDirectory/WASP-2260824080015.FITS,Main,60.00,Clear,WASP-2,Cecilia,AZ,moguest,False,session_01,observations\2026-08-24\WASP-2\session_01\WASP-2260824080015.fits,downloaded,656640
WASP-2260824080316,2026-08-24 08:03:16,https://mo-www.cfa.harvard.edu/ImageDirectory/WASP-2260824080316.FITS,Main,60.00,Clear,WASP-2,Cecilia,AZ,moguest,False,session_01,observations\2026-08-24\WASP-2\session_01\WASP-2260824080316.fits,downloaded,656640
WASP-2260824080615,2026-08-24 08:06:15,https://mo-www.cfa.harvard.edu/ImageDirectory/WASP-2260824080615.FITS,Main,60.00,Clear,WASP-2,Cecilia,AZ,moguest,False,session_01,observations\2026-08-24\WASP-2\session_01\WASP-2260824080615.fits,downloaded,656640
WASP-2260824080915,2026-08-24 08:09:15,https://mo-www.cfa.harvard.edu/ImageDirectory/WASP-2260824080915.FITS,Main,60.00,Clear,WASP-2,Cecilia,AZ,moguest,False,session_01,observations\2026-08-24\WASP-2\session_01\WASP-2260824080915.fits,downloaded,656640
WASP-2260824081215,2026-08-24 08:12:15,https://mo-www.cfa.harvard.edu/ImageDirectory/WASP-2260824081215.FITS,Main,60.00,Clear,WASP-2,Cecilia,AZ,moguest,False,session_01,observations\2026-08-24\WASP-2\session_01\WASP-2260824081215.fits,downloaded,656640
WASP-2260824081515,2026-08-24 08:15:15,https://mo-www.cfa.harvard.edu/ImageDirectory/WASP-2260824081515.FITS,Main,60.00,Clear,WASP-2,Cecilia,AZ,moguest,False,session_01,observations\2026-08-24\WASP-2\session_01\WASP-2260824081515.fits,downloaded,656640
WASP-2260824081816,2026-08-24 08:18:16,https://mo-www.cfa.harvard.edu/ImageDirectory/WASP-2260824081816.FITS,Main,60.00,Clear,WASP-2,Cecilia,AZ,moguest,False,session_01,observations\2026-08-24\WASP-2\session_01\WASP-2260824081816.fits,downloaded,656640
WASP-2260824082115,2026-08-24 08:21:15,https://mo-www.cfa.harvard.edu/ImageDirectory/WASP-2260824082115.FITS,Main,60.00,Clear,WASP-2,Cecilia,AZ,moguest,False,session_01,observations\2026-08-24\WASP-2\session_01\WASP-2260824082115.fits,downloaded,656640
WASP-2260824082415,2026-08-24 08:24:15,https://mo-www.cfa.harvard.edu/ImageDirectory/WASP-2260824082415.FITS,Main,60.00,Clear,WASP-2,Cecilia,AZ,moguest,False,session_01,observations\2026-08-24\WASP-2\session_01\WASP-2260824082415.fits,downloaded,656640
WASP-2260824082715,2026-08-24 08:27:15,https://mo-www.cfa.harvard.edu/ImageDirectory/WASP-2260824082715.FITS,Main,60.00,Clear,WASP-2,Cecilia,AZ,moguest,False,session_01,observations\2026-08-24\WASP-2\session_01\WASP-2260824082715.fits,downloaded,656640
WASP-2260824083015,2026-08-24 08:30:15,https://mo-www.cfa.harvard.edu/ImageDirectory/WASP-2260824083015.FITS,Main,60.00,Clear,WASP-2,Cecilia,AZ,moguest,False,session_01,observations\2026-08-24\WASP-2\session_01\WASP-2260824083015.fits,downloaded,656640
WASP-2260824083316,2026-08-24 08:33:16,https://mo-www.cfa.harvard.edu/ImageDirectory/WASP-2260824083316.FITS,Main,60.00,Clear,WASP-2,Cecilia,AZ,moguest,False,session_01,observations\2026-08-24\WASP-2\session_01\WASP-2260824083316.fits,downloaded,656640
WASP-2260824083615,2026-08-24 08:36:15,https://mo-www.cfa.harvard.edu/ImageDirectory/WASP-2260824083615.FITS,Main,60.00,Clear,WASP-2,Cecilia,AZ,moguest,False,session_01,observations\2026-08-24\WASP-2\session_01\WASP-2260824083615.fits,downloaded,656640
WASP-2260824083916,2026-08-24 08:39:16,https://mo-www.cfa.harvard.edu/ImageDirectory/WASP-2260824083916.FITS,Main,60.00,Clear,WASP-2,Cecilia,AZ,moguest,False,session_01,observations\2026-08-24\WASP-2\session_01\WASP-2260824083916.fits,downloaded,656640
