TARGET_NAME,FRAME_TYPE,DATE_OBS,BJD,SESSION_ID,FILE_NAME,RELATIVE_PATH,OBS_DATE,EXPOSURE,FILTER,TIME_DIFF_HOURS
CoRoT-2,Science,2026-08-09 05:18:53.898000+00:00,2461261.7214571526,CoRoT-2_Session_1,CoRoT-2260809051853.fits,observations/2026-08-09/CoRoT-2/session_01/CoRoT-2260809051853.fits,2026-08-08,60.0,Clear,
CoRoT-2,Science,2026-08-09 05:22:56.649000+00:00,2461261.7242667708,CoRoT-2_Session_1,CoRoT-2260809052256.fits,observations/2026-08-09/CoRoT-2/session_01/CoRoT-2260809052256.fits,2026-08-08,60.0,Clear,0.06743083333333333
CoRoT-2,Science,2026-08-09 05:26:58.583000+00:00,2461261.7270669327,CoRoT-2_Session_1,CoRoT-2260809052658.fits,observations/2026-08-09/CoRoT-2/session_01/CoRoT-2260809052658.fits,2026-08-08,60.0,Clear,0.06720388888888888
CoRoT-2,Science,2026-08-09 05:28:44.793000+00:00,2461261.728296215,CoRoT-2_Session_1,CoRoT-2260809052844.fits,observations/2026-08-09/CoRoT-2/session_01/CoRoT-2260809052844.fits,2026-08-08,60.0,Clear,0.029502777777777777
CoRoT-2,Science,2026-08-09 05:30:31.115000+00:00,2461261.729526794,CoRoT-2_Session_1,CoRoT-2260809053031.fits,observations/2026-08-09/CoRoT-2/session_01/CoRoT-2260809053031.fits,2026-08-08,60.0,Clear,0.02953388888888889
CoRoT-2,Science,2026-08-09 05:33:15.944000+00:00,2461261.731434537,CoRoT-2_Session_1,CoRoT-2260809053315.fits,observations/2026-08-09/CoRoT-2/session_01/CoRoT-2260809053315.fits,2026-08-08,60.0,Clear,0.04578583333333334
CoRoT-2,Science,2026-08-09 05:36:16.472000+00:00,2461261.7335239816,CoRoT-2_Session_1,CoRoT-2260809053616.fits,observations/2026-08-09/CoRoT-2/session_01/CoRoT-2260809053616.fits,2026-08-08,60.0,Clear,0.050146666666666666
CoRoT-2,Science,2026-08-09 05:39:15.174000+00:00,2461261.7355922917,CoRoT-2_Session_1,CoRoT-2260809053915.fits,observations/2026-08-09/CoRoT-2/session_01/CoRoT-2260809053915.fits,2026-08-08,60.0,Clear,0.049639444444444444
CoRoT-2,Science,2026-08-09 05:42:15.728000+00:00,2461261.737682037,CoRoT-2_Session_1,CoRoT-2260809054215.fits,observations/2026-08-09/CoRoT-2/session_01/CoRoT-2260809054215.fits,2026-08-08,60.0,Clear,0.05015388888888889
CoRoT-2,Science,2026-08-09 05:45:16.056000+00:00,2461261.739769167,CoRoT-2_Session_1,CoRoT-2260809054516.fits,observations/2026-08-09/CoRoT-2/session_01/CoRoT-2260809054516.fits,2026-08-08,60.0,Clear,0.050091111111111114
CoRoT-2,Science,2026-08-09 05:48:15.794000+00:00,2461261.7418494676,CoRoT-2_Session_1,CoRoT-2260809054815.fits,observations/2026-08-09/CoRoT-2/session_01/CoRoT-2260809054815.fits,2026-08-08,60.0,Clear,0.04992722222222222
CoRoT-2,Science,2026-08-09 05:51:15.404000+00:00,2461261.743928287,CoRoT-2_Session_1,CoRoT-2260809055115.fits,observations/2026-08-09/CoRoT-2/session_01/CoRoT-2260809055115.fits,2026-08-08,60.0,Clear,0.04989166666666667
CoRoT-2,Science,2026-08-09 05:54:17.035000+00:00,2461261.746030498,CoRoT-2_Session_1,CoRoT-2260809055417.fits,observations/2026-08-09/CoRoT-2/session_01/CoRoT-2260809055417.fits,2026-08-08,60.0,Clear,0.05045305555555556
CoRoT-2,Science,2026-08-09 05:57:16.611000+00:00,2461261.7481089234,CoRoT-2_Session_1,CoRoT-2260809055716.fits,observations/2026-08-09/CoRoT-2/session_01/CoRoT-2260809055716.fits,2026-08-08,60.0,Clear,0.049882222222222224
CoRoT-2,Science,2026-08-09 06:00:15.288000+00:00,2461261.7501769443,CoRoT-2_Session_1,CoRoT-2260809060015.fits,observations/2026-08-09/CoRoT-2/session_01/CoRoT-2260809060015.fits,2026-08-08,60.0,Clear,0.049632499999999996
CoRoT-2,Science,2026-08-09 06:03:16.965000+00:00,2461261.7522796877,CoRoT-2_Session_1,CoRoT-2260809060316.fits,observations/2026-08-09/CoRoT-2/session_01/CoRoT-2260809060316.fits,2026-08-08,60.0,Clear,0.05046583333333333
CoRoT-2,Science,2026-08-09 06:06:15.478000+00:00,2461261.75434581,CoRoT-2_Session_1,CoRoT-2260809060615.fits,observations/2026-08-09/CoRoT-2/session_01/CoRoT-2260809060615.fits,2026-08-08,60.0,Clear,0.04958694444444445
CoRoT-2,Science,2026-08-09 06:09:16.052000+00:00,2461261.756435787,CoRoT-2_Session_1,CoRoT-2260809060916.fits,observations/2026-08-09/CoRoT-2/session_01/CoRoT-2260809060916.fits,2026-08-08,60.0,Clear,0.05015944444444445
CoRoT-2,Science,2026-08-09 06:12:15.646000+00:00,2461261.7585144215,CoRoT-2_Session_1,CoRoT-2260809061215.fits,observations/2026-08-09/CoRoT-2/session_01/CoRoT-2260809061215.fits,2026-08-08,60.0,Clear,0.04988722222222222
CoRoT-2,Science,2026-08-09 06:15:15.175000+00:00,2461261.7605923032,CoRoT-2_Session_1,CoRoT-2260809061515.fits,observations/2026-08-09/CoRoT-2/session_01/CoRoT-2260809061515.fits,2026-08-08,60.0,Clear,0.049869166666666666
CoRoT-2,Science,2026-08-09 06:18:15.828000+00:00,2461261.7626831946,CoRoT-2_Session_1,CoRoT-2260809061815.fits,observations/2026-08-09/CoRoT-2/session_01/CoRoT-2260809061815.fits,2026-08-08,60.0,Clear,0.050181388888888886
CoRoT-2,Science,2026-08-09 06:21:15.416000+00:00,2461261.7647617594,CoRoT-2_Session_1,CoRoT-2260809062115.fits,observations/2026-08-09/CoRoT-2/session_01/CoRoT-2260809062115.fits,2026-08-08,60.0,Clear,0.04988555555555555
CoRoT-2,Science,2026-08-09 06:24:15.222000+00:00,2461261.766842847,CoRoT-2_Session_1,CoRoT-2260809062415.fits,observations/2026-08-09/CoRoT-2/session_01/CoRoT-2260809062415.fits,2026-08-08,60.0,Clear,0.049946111111111115
CoRoT-2,Science,2026-08-09 06:27:15.847000+00:00,2461261.7689334145,CoRoT-2_Session_1,CoRoT-2260809062715.fits,observations/2026-08-09/CoRoT-2/session_01/CoRoT-2260809062715.fits,2026-08-08,60.0,Clear,0.05017361111111111
CoRoT-2,Science,2026-08-09 06:30:16.413000+00:00,2461261.7710232986,CoRoT-2_Session_1,CoRoT-2260809063016.fits,observations/2026-08-09/CoRoT-2/session_01/CoRoT-2260809063016.fits,2026-08-08,60.0,Clear,0.05015722222222222
CoRoT-2,Science,2026-08-09 06:33:16.067000+00:00,2461261.773102627,CoRoT-2_Session_1,CoRoT-2260809063316.fits,observations/2026-08-09/CoRoT-2/session_01/CoRoT-2260809063316.fits,2026-08-08,60.0,Clear,0.049903888888888887
CoRoT-2,Science,2026-08-09 06:36:15.647000+00:00,2461261.7751810993,CoRoT-2_Session_1,CoRoT-2260809063615.fits,observations/2026-08-09/CoRoT-2/session_01/CoRoT-2260809063615.fits,2026-08-08,60.0,Clear,0.049883333333333335
CoRoT-2,Science,2026-08-09 06:39:15.309000+00:00,2461261.777260521,CoRoT-2_Session_1,CoRoT-2260809063915.fits,observations/2026-08-09/CoRoT-2/session_01/CoRoT-2260809063915.fits,2026-08-08,60.0,Clear,0.04990611111111111
CoRoT-2,Science,2026-08-09 06:42:16.827000+00:00,2461261.7793614236,CoRoT-2_Session_1,CoRoT-2260809064216.fits,observations/2026-08-09/CoRoT-2/session_01/CoRoT-2260809064216.fits,2026-08-08,60.0,Clear,0.05042166666666667
CoRoT-2,Science,2026-08-09 06:45:15.449000+00:00,2461261.781428808,CoRoT-2_Session_1,CoRoT-2260809064515.fits,observations/2026-08-09/CoRoT-2/session_01/CoRoT-2260809064515.fits,2026-08-08,60.0,Clear,0.04961722222222223
CoRoT-2,Science,2026-08-09 06:48:15.947000+00:00,2461261.783517905,CoRoT-2_Session_1,CoRoT-2260809064815.fits,observations/2026-08-09/CoRoT-2/session_01/CoRoT-2260809064815.fits,2026-08-08,60.0,Clear,0.05013833333333333
CoRoT-2,Science,2026-08-09 06:51:16.668000+00:00,2461261.7856095834,CoRoT-2_Session_1,CoRoT-2260809065116.fits,observations/2026-08-09/CoRoT-2/session_01/CoRoT-2260809065116.fits,2026-08-08,60.0,Clear,0.05020027777777778
CoRoT-2,Science,2026-08-09 06:54:16.435000+00:00,2461261.78769022,CoRoT-2_Session_1,CoRoT-2260809065416.fits,observations/2026-08-09/CoRoT-2/session_01/CoRoT-2260809065416.fits,2026-08-08,60.0,Clear,0.04993527777777778
CoRoT-2,Science,2026-08-09 06:57:16.086000+00:00,2461261.789769514,CoRoT-2_Session_1,CoRoT-2260809065716.fits,observations/2026-08-09/CoRoT-2/session_01/CoRoT-2260809065716.fits,2026-08-08,60.0,Clear,0.04990305555555556
CoRoT-2,Science,2026-08-09 07:00:15.500000+00:00,2461261.791846065,CoRoT-2_Session_1,CoRoT-2260809070015.fits,observations/2026-08-09/CoRoT-2/session_01/CoRoT-2260809070015.fits,2026-08-09,60.0,Clear,0.04983722222222222
CoRoT-2,Science,2026-08-09 07:03:15.907000+00:00,2461261.7939341087,CoRoT-2_Session_1,CoRoT-2260809070315.fits,observations/2026-08-09/CoRoT-2/session_01/CoRoT-2260809070315.fits,2026-08-09,60.0,Clear,0.050113055555555557
CoRoT-2,Science,2026-08-09 07:06:16.481000+00:00,2461261.7960240855,CoRoT-2_Session_1,CoRoT-2260809070616.fits,observations/2026-08-09/CoRoT-2/session_01/CoRoT-2260809070616.fits,2026-08-09,60.0,Clear,0.05015944444444445
CoRoT-2,Science,2026-08-09 07:09:16.062000+00:00,2461261.7981025693,CoRoT-2_Session_1,CoRoT-2260809070916.fits,observations/2026-08-09/CoRoT-2/session_01/CoRoT-2260809070916.fits,2026-08-09,60.0,Clear,0.04988361111111111
CoRoT-2,Science,2026-08-09 07:12:15.723000+00:00,2461261.8001819793,CoRoT-2_Session_1,CoRoT-2260809071215.fits,observations/2026-08-09/CoRoT-2/session_01/CoRoT-2260809071215.fits,2026-08-09,60.0,Clear,0.04990583333333334
CoRoT-2,Science,2026-08-09 07:15:16.340000+00:00,2461261.802272454,CoRoT-2_Session_1,CoRoT-2260809071516.fits,observations/2026-08-09/CoRoT-2/session_01/CoRoT-2260809071516.fits,2026-08-09,60.0,Clear,0.05017138888888888
CoRoT-2,Science,2026-08-09 07:18:17.017000+00:00,2461261.804363623,CoRoT-2_Session_1,CoRoT-2260809071816.fits,observations/2026-08-09/CoRoT-2/session_01/CoRoT-2260809071816.fits,2026-08-09,60.0,Clear,0.050188055555555555
CoRoT-2,Science,2026-08-09 07:21:15.544000+00:00,2461261.806429907,CoRoT-2_Session_1,CoRoT-2260809072115.fits,observations/2026-08-09/CoRoT-2/session_01/CoRoT-2260809072115.fits,2026-08-09,60.0,Clear,0.04959083333333333
CoRoT-2,Science,2026-08-09 07:24:17.105000+00:00,2461261.808531308,CoRoT-2_Session_1,CoRoT-2260809072417.fits,observations/2026-08-09/CoRoT-2/session_01/CoRoT-2260809072417.fits,2026-08-09,60.0,Clear,0.05043361111111111
CoRoT-2,Science,2026-08-09 07:27:15.858000+00:00,2461261.810600208,CoRoT-2_Session_1,CoRoT-2260809072715.fits,observations/2026-08-09/CoRoT-2/session_01/CoRoT-2260809072715.fits,2026-08-09,60.0,Clear,0.04965361111111111
CoRoT-2,Science,2026-08-09 07:30:16.412000+00:00,2461261.8126899535,CoRoT-2_Session_1,CoRoT-2260809073016.fits,observations/2026-08-09/CoRoT-2/session_01/CoRoT-2260809073016.fits,2026-08-09,60.0,Clear,0.05015388888888889
CoRoT-2,Science,2026-08-09 07:33:16.870000+00:00,2461261.814778588,CoRoT-2_Session_1,CoRoT-2260809073316.fits,observations/2026-08-09/CoRoT-2/session_01/CoRoT-2260809073316.fits,2026-08-09,60.0,Clear,0.05012722222222222
CoRoT-2,Science,2026-08-09 07:36:16.378000+00:00,2461261.816856227,CoRoT-2_Session_1,CoRoT-2260809073616.fits,observations/2026-08-09/CoRoT-2/session_01/CoRoT-2260809073616.fits,2026-08-09,60.0,Clear,0.049863333333333336
CoRoT-2,Science,2026-08-09 07:39:16.063000+00:00,2461261.8189359144,CoRoT-2_Session_1,CoRoT-2260809073916.fits,observations/2026-08-09/CoRoT-2/session_01/CoRoT-2260809073916.fits,2026-08-09,60.0,Clear,0.0499125
CoRoT-2,Science,2026-08-09 07:42:15.677000+00:00,2461261.82101478,CoRoT-2_Session_1,CoRoT-2260809074215.fits,observations/2026-08-09/CoRoT-2/session_01/CoRoT-2260809074215.fits,2026-08-09,60.0,Clear,0.04989277777777778
CoRoT-2,Science,2026-08-09 07:45:15.398000+00:00,2461261.8230948844,CoRoT-2_Session_1,CoRoT-2260809074515.fits,observations/2026-08-09/CoRoT-2/session_01/CoRoT-2260809074515.fits,2026-08-09,60.0,Clear,0.0499225
CoRoT-2,Science,2026-08-09 07:48:17.139000+00:00,2461261.825198368,CoRoT-2_Session_1,CoRoT-2260809074817.fits,observations/2026-08-09/CoRoT-2/session_01/CoRoT-2260809074817.fits,2026-08-09,60.0,Clear,0.05048361111111112
CoRoT-2,Science,2026-08-09 07:51:15.728000+00:00,2461261.82726537,CoRoT-2_Session_1,CoRoT-2260809075115.fits,observations/2026-08-09/CoRoT-2/session_01/CoRoT-2260809075115.fits,2026-08-09,60.0,Clear,0.04960805555555556
CoRoT-2,Science,2026-08-09 07:54:15.413000+00:00,2461261.8293450577,CoRoT-2_Session_1,CoRoT-2260809075415.fits,observations/2026-08-09/CoRoT-2/session_01/CoRoT-2260809075415.fits,2026-08-09,60.0,Clear,0.0499125
CoRoT-2,Science,2026-08-09 07:57:16.997000+00:00,2461261.8314467245,CoRoT-2_Session_1,CoRoT-2260809075716.fits,observations/2026-08-09/CoRoT-2/session_01/CoRoT-2260809075716.fits,2026-08-09,60.0,Clear,0.05044
CoRoT-2,Science,2026-08-09 08:00:15.527000+00:00,2461261.833513044,CoRoT-2_Session_1,CoRoT-2260809080015.fits,observations/2026-08-09/CoRoT-2/session_01/CoRoT-2260809080015.fits,2026-08-09,60.0,Clear,0.049591666666666666
CoRoT-2,Science,2026-08-09 08:03:16.131000+00:00,2461261.835603368,CoRoT-2_Session_1,CoRoT-2260809080316.fits,observations/2026-08-09/CoRoT-2/session_01/CoRoT-2260809080316.fits,2026-08-09,60.0,Clear,0.05016777777777778
CoRoT-2,Science,2026-08-09 08:06:16.686000+00:00,2461261.837693125,CoRoT-2_Session_1,CoRoT-2260809080616.fits,observations/2026-08-09/CoRoT-2/session_01/CoRoT-2260809080616.fits,2026-08-09,60.0,Clear,0.050154166666666666
CoRoT-2,Science,2026-08-09 08:09:16.262000+00:00,2461261.839771551,CoRoT-2_Session_1,CoRoT-2260809080916.fits,observations/2026-08-09/CoRoT-2/session_01/CoRoT-2260809080916.fits,2026-08-09,60.0,Clear,0.049882222222222224
CoRoT-2,Science,2026-08-09 08:12:15.775000+00:00,2461261.8418492475,CoRoT-2_Session_1,CoRoT-2260809081215.fits,observations/2026-08-09/CoRoT-2/session_01/CoRoT-2260809081215.fits,2026-08-09,60.0,Clear,0.04986472222222223
CoRoT-2,Science,2026-08-09 08:15:15.203000+00:00,2461261.843925961,CoRoT-2_Session_1,CoRoT-2260809081515.fits,observations/2026-08-09/CoRoT-2/session_01/CoRoT-2260809081515.fits,2026-08-09,60.0,Clear,0.049841111111111114
CoRoT-2,Science,2026-08-09 08:18:15.809000+00:00,2461261.846016308,CoRoT-2_Session_1,CoRoT-2260809081815.fits,observations/2026-08-09/CoRoT-2/session_01/CoRoT-2260809081815.fits,2026-08-09,60.0,Clear,0.05016833333333333
CoRoT-2,Science,2026-08-09 08:21:15.345000+00:00,2461261.848094271,CoRoT-2_Session_1,CoRoT-2260809082115.fits,observations/2026-08-09/CoRoT-2/session_01/CoRoT-2260809082115.fits,2026-08-09,60.0,Clear,0.04987111111111111
CoRoT-2,Science,2026-08-09 08:24:16.967000+00:00,2461261.8501963774,CoRoT-2_Session_1,CoRoT-2260809082416.fits,observations/2026-08-09/CoRoT-2/session_01/CoRoT-2260809082416.fits,2026-08-09,60.0,Clear,0.05045055555555556
CoRoT-2,Science,2026-08-09 08:27:15.473000+00:00,2461261.852262419,CoRoT-2_Session_1,CoRoT-2260809082715.fits,observations/2026-08-09/CoRoT-2/session_01/CoRoT-2260809082715.fits,2026-08-09,60.0,Clear,0.049585
CoRoT-2,Science,2026-08-09 08:30:16.104000+00:00,2461261.8543530554,CoRoT-2_Session_1,CoRoT-2260809083016.fits,observations/2026-08-09/CoRoT-2/session_01/CoRoT-2260809083016.fits,2026-08-09,60.0,Clear,0.05017527777777778
CoRoT-2,Science,2026-08-09 08:33:15.670000+00:00,2461261.856431366,CoRoT-2_Session_1,CoRoT-2260809083315.fits,observations/2026-08-09/CoRoT-2/session_01/CoRoT-2260809083315.fits,2026-08-09,60.0,Clear,0.04987944444444445
CoRoT-2,Science,2026-08-09 08:36:17.181000+00:00,2461261.8585321875,CoRoT-2_Session_1,CoRoT-2260809083617.fits,observations/2026-08-09/CoRoT-2/session_01/CoRoT-2260809083617.fits,2026-08-09,60.0,Clear,0.05041972222222222
CoRoT-2,Science,2026-08-09 08:39:16.732000+00:00,2461261.860610324,CoRoT-2_Session_1,CoRoT-2260809083916.fits,observations/2026-08-09/CoRoT-2/session_01/CoRoT-2260809083916.fits,2026-08-09,60.0,Clear,0.049875277777777775
CoRoT-2,Science,2026-08-09 08:42:16.571000+00:00,2461261.862691794,CoRoT-2_Session_1,CoRoT-2260809084216.fits,observations/2026-08-09/CoRoT-2/session_01/CoRoT-2260809084216.fits,2026-08-09,60.0,Clear,0.04995527777777778
CoRoT-2,Science,2026-08-09 08:45:16.175000+00:00,2461261.8647705438,CoRoT-2_Session_1,CoRoT-2260809084516.fits,observations/2026-08-09/CoRoT-2/session_01/CoRoT-2260809084516.fits,2026-08-09,60.0,Clear,0.049890000000000004
CoRoT-2,Science,2026-08-09 08:48:15.706000+00:00,2461261.866848449,CoRoT-2_Session_1,CoRoT-2260809084815.fits,observations/2026-08-09/CoRoT-2/session_01/CoRoT-2260809084815.fits,2026-08-09,60.0,Clear,0.049869722222222225
CoRoT-2,Science,2026-08-09 08:51:16.434000+00:00,2461261.868940208,CoRoT-2_Session_1,CoRoT-2260809085116.fits,observations/2026-08-09/CoRoT-2/session_01/CoRoT-2260809085116.fits,2026-08-09,60.0,Clear,0.050202222222222224
CoRoT-2,Science,2026-08-09 08:54:17.087000+00:00,2461261.8710310995,CoRoT-2_Session_1,CoRoT-2260809085417.fits,observations/2026-08-09/CoRoT-2/session_01/CoRoT-2260809085417.fits,2026-08-09,60.0,Clear,0.050181388888888886
CoRoT-2,Science,2026-08-09 08:57:15.534000+00:00,2461261.873096458,CoRoT-2_Session_1,CoRoT-2260809085715.fits,observations/2026-08-09/CoRoT-2/session_01/CoRoT-2260809085715.fits,2026-08-09,60.0,Clear,0.04956861111111111
CoRoT-2,Science,2026-08-09 09:00:16.098000+00:00,2461261.8751863195,CoRoT-2_Session_1,CoRoT-2260809090016.fits,observations/2026-08-09/CoRoT-2/session_01/CoRoT-2260809090016.fits,2026-08-09,60.0,Clear,0.05015666666666666
CoRoT-2,Science,2026-08-09 09:03:15.600000+00:00,2461261.8772638887,CoRoT-2_Session_1,CoRoT-2260809090315.fits,observations/2026-08-09/CoRoT-2/session_01/CoRoT-2260809090315.fits,2026-08-09,60.0,Clear,0.04986166666666667
CoRoT-2,Science,2026-08-09 09:06:15.219000+00:00,2461261.8793428126,CoRoT-2_Session_1,CoRoT-2260809090615.fits,observations/2026-08-09/CoRoT-2/session_01/CoRoT-2260809090615.fits,2026-08-09,60.0,Clear,0.04989416666666667
CoRoT-2,Science,2026-08-09 09:09:15.827000+00:00,2461261.881433183,CoRoT-2_Session_1,CoRoT-2260809090915.fits,observations/2026-08-09/CoRoT-2/session_01/CoRoT-2260809090915.fits,2026-08-09,60.0,Clear,0.05016888888888889
CoRoT-2,Science,2026-08-09 09:12:16.358000+00:00,2461261.883522662,CoRoT-2_Session_1,CoRoT-2260809091216.fits,observations/2026-08-09/CoRoT-2/session_01/CoRoT-2260809091216.fits,2026-08-09,60.0,Clear,0.050147500000000005
CoRoT-2,Science,2026-08-09 09:15:15.871000+00:00,2461261.8856003587,CoRoT-2_Session_1,CoRoT-2260809091515.fits,observations/2026-08-09/CoRoT-2/session_01/CoRoT-2260809091515.fits,2026-08-09,60.0,Clear,0.04986472222222223
CoRoT-2,Science,2026-08-09 09:18:15.489000+00:00,2461261.887679271,CoRoT-2_Session_1,CoRoT-2260809091815.fits,observations/2026-08-09/CoRoT-2/session_01/CoRoT-2260809091815.fits,2026-08-09,60.0,Clear,0.04989388888888889
CoRoT-2,Science,2026-08-09 09:21:16.196000+00:00,2461261.889770787,CoRoT-2_Session_1,CoRoT-2260809092116.fits,observations/2026-08-09/CoRoT-2/session_01/CoRoT-2260809092116.fits,2026-08-09,60.0,Clear,0.05019638888888889
CoRoT-2,Science,2026-08-09 09:24:15.903000+00:00,2461261.891850729,CoRoT-2_Session_1,CoRoT-2260809092415.fits,observations/2026-08-09/CoRoT-2/session_01/CoRoT-2260809092415.fits,2026-08-09,60.0,Clear,0.04991861111111111
CoRoT-2,Science,2026-08-09 09:27:15.451000+00:00,2461261.893928831,CoRoT-2_Session_1,CoRoT-2260809092715.fits,observations/2026-08-09/CoRoT-2/session_01/CoRoT-2260809092715.fits,2026-08-09,60.0,Clear,0.04987444444444444
CoRoT-2,Science,2026-08-09 09:30:16.061000+00:00,2461261.8960192245,CoRoT-2_Session_1,CoRoT-2260809093016.fits,observations/2026-08-09/CoRoT-2/session_01/CoRoT-2260809093016.fits,2026-08-09,60.0,Clear,0.05016944444444445
CoRoT-2,Science,2026-08-09 09:33:15.674000+00:00,2461261.8980980786,CoRoT-2_Session_1,CoRoT-2260809093315.fits,observations/2026-08-09/CoRoT-2/session_01/CoRoT-2260809093315.fits,2026-08-09,60.0,Clear,0.0498925
CoRoT-2,Science,2026-08-09 09:36:15.210000+00:00,2461261.9001760418,CoRoT-2_Session_1,CoRoT-2260809093615.fits,observations/2026-08-09/CoRoT-2/session_01/CoRoT-2260809093615.fits,2026-08-09,60.0,Clear,0.04987111111111111
CoRoT-2,Science,2026-08-16 04:40:02.011000+00:00,2461268.69446772,CoRoT-2_Session_2,CoRoT-2260816044002.fits,observations/2026-08-16/CoRoT-2/session_01/CoRoT-2260816044002.fits,2026-08-15,60.0,Clear,163.06300027777777
CoRoT-2,Science,2026-08-16 04:42:15.468000+00:00,2461268.696012361,CoRoT-2_Session_2,CoRoT-2260816044215.fits,observations/2026-08-16/CoRoT-2/session_01/CoRoT-2260816044215.fits,2026-08-15,60.0,Clear,0.03707138888888889
CoRoT-2,Science,2026-08-16 04:45:15.775000+00:00,2461268.6980992476,CoRoT-2_Session_2,CoRoT-2260816044515.fits,observations/2026-08-16/CoRoT-2/session_01/CoRoT-2260816044515.fits,2026-08-15,60.0,Clear,0.05008527777777778
CoRoT-2,Science,2026-08-16 04:48:15.283000+00:00,2461268.7001768867,CoRoT-2_Session_2,CoRoT-2260816044815.fits,observations/2026-08-16/CoRoT-2/session_01/CoRoT-2260816044815.fits,2026-08-15,60.0,Clear,0.049863333333333336
CoRoT-2,Science,2026-08-16 04:51:15.688000+00:00,2461268.7022649073,CoRoT-2_Session_2,CoRoT-2260816045115.fits,observations/2026-08-16/CoRoT-2/session_01/CoRoT-2260816045115.fits,2026-08-15,60.0,Clear,0.0501125
CoRoT-2,Science,2026-08-16 04:54:16.108000+00:00,2461268.704353102,CoRoT-2_Session_2,CoRoT-2260816045416.fits,observations/2026-08-16/CoRoT-2/session_01/CoRoT-2260816045416.fits,2026-08-15,60.0,Clear,0.050116666666666664
CoRoT-2,Science,2026-08-16 04:57:16.545000+00:00,2461268.7064414932,CoRoT-2_Session_2,CoRoT-2260816045716.fits,observations/2026-08-16/CoRoT-2/session_01/CoRoT-2260816045716.fits,2026-08-15,60.0,Clear,0.05012138888888889
CoRoT-2,Science,2026-08-16 05:00:15.986000+00:00,2461268.7085183566,CoRoT-2_Session_2,CoRoT-2260816050015.fits,observations/2026-08-16/CoRoT-2/session_01/CoRoT-2260816050015.fits,2026-08-15,60.0,Clear,0.04984472222222222
CoRoT-2,Science,2026-08-16 05:03:15.395000+00:00,2461268.7105948497,CoRoT-2_Session_2,CoRoT-2260816050315.fits,observations/2026-08-16/CoRoT-2/session_01/CoRoT-2260816050315.fits,2026-08-15,60.0,Clear,0.04983583333333333
CoRoT-2,Science,2026-08-16 05:06:15.900000+00:00,2461268.712684028,CoRoT-2_Session_2,CoRoT-2260816050615.fits,observations/2026-08-16/CoRoT-2/session_01/CoRoT-2260816050615.fits,2026-08-15,60.0,Clear,0.05014027777777778
CoRoT-2,Science,2026-08-16 05:09:15.402000+00:00,2461268.714761597,CoRoT-2_Session_2,CoRoT-2260816050915.fits,observations/2026-08-16/CoRoT-2/session_01/CoRoT-2260816050915.fits,2026-08-15,60.0,Clear,0.04986166666666667
CoRoT-2,Science,2026-08-16 05:12:15.864000+00:00,2461268.716850278,CoRoT-2_Session_2,CoRoT-2260816051215.fits,observations/2026-08-16/CoRoT-2/session_01/CoRoT-2260816051215.fits,2026-08-15,60.0,Clear,0.05012833333333333
CoRoT-2,Science,2026-08-16 05:15:15.254000+00:00,2461268.718926551,CoRoT-2_Session_2,CoRoT-2260816051515.fits,observations/2026-08-16/CoRoT-2/session_01/CoRoT-2260816051515.fits,2026-08-15,60.0,Clear,0.04983055555555555
CoRoT-2,Science,2026-08-16 05:18:15.812000+00:00,2461268.7210163428,CoRoT-2_Session_2,CoRoT-2260816051815.fits,observations/2026-08-16/CoRoT-2/session_01/CoRoT-2260816051815.fits,2026-08-15,60.0,Clear,0.050155
CoRoT-2,Science,2026-08-16 05:21:15.229000+00:00,2461268.723092928,CoRoT-2_Session_2,CoRoT-2260816052115.fits,observations/2026-08-16/CoRoT-2/session_01/CoRoT-2260816052115.fits,2026-08-15,60.0,Clear,0.04983805555555556
CoRoT-2,Science,2026-08-16 05:24:15.686000+00:00,2461268.7251815507,CoRoT-2_Session_2,CoRoT-2260816052415.fits,observations/2026-08-16/CoRoT-2/session_01/CoRoT-2260816052415.fits,2026-08-15,60.0,Clear,0.05012694444444444
CoRoT-2,Science,2026-08-16 05:30:15.673000+00:00,2461268.729348067,CoRoT-2_Session_2,CoRoT-2260816053015.fits,observations/2026-08-16/CoRoT-2/session_01/CoRoT-2260816053015.fits,2026-08-15,60.0,Clear,0.0999963888888889
CoRoT-2,Science,2026-08-16 05:33:16.090000+00:00,2461268.731436227,CoRoT-2_Session_2,CoRoT-2260816053316.fits,observations/2026-08-16/CoRoT-2/session_01/CoRoT-2260816053316.fits,2026-08-15,60.0,Clear,0.05011583333333333
CoRoT-2,Science,2026-08-16 05:36:16.577000+00:00,2461268.7335251966,CoRoT-2_Session_2,CoRoT-2260816053616.fits,observations/2026-08-16/CoRoT-2/session_01/CoRoT-2260816053616.fits,2026-08-15,60.0,Clear,0.05013527777777778
CoRoT-2,Science,2026-08-16 05:39:16.083000+00:00,2461268.7356028124,CoRoT-2_Session_2,CoRoT-2260816053916.fits,observations/2026-08-16/CoRoT-2/session_01/CoRoT-2260816053916.fits,2026-08-15,60.0,Clear,0.04986277777777778
CoRoT-2,Science,2026-08-16 05:42:15.501000+00:00,2461268.73767941,CoRoT-2_Session_2,CoRoT-2260816054215.fits,observations/2026-08-16/CoRoT-2/session_01/CoRoT-2260816054215.fits,2026-08-15,60.0,Clear,0.04983833333333333
CoRoT-2,Science,2026-08-16 05:45:15.974000+00:00,2461268.739768218,CoRoT-2_Session_2,CoRoT-2260816054515.fits,observations/2026-08-16/CoRoT-2/session_01/CoRoT-2260816054515.fits,2026-08-15,60.0,Clear,0.05013138888888889
CoRoT-2,Science,2026-08-16 05:48:15.419000+00:00,2461268.741845127,CoRoT-2_Session_2,CoRoT-2260816054815.fits,observations/2026-08-16/CoRoT-2/session_01/CoRoT-2260816054815.fits,2026-08-15,60.0,Clear,0.04984583333333333
CoRoT-2,Science,2026-08-16 05:51:15.915000+00:00,2461268.7439342015,CoRoT-2_Session_2,CoRoT-2260816055115.fits,observations/2026-08-16/CoRoT-2/session_01/CoRoT-2260816055115.fits,2026-08-15,60.0,Clear,0.05013777777777778
CoRoT-2,Science,2026-08-16 05:54:15.383000+00:00,2461268.7460113773,CoRoT-2_Session_2,CoRoT-2260816055415.fits,observations/2026-08-16/CoRoT-2/session_01/CoRoT-2260816055415.fits,2026-08-15,60.0,Clear,0.04985222222222222
CoRoT-2,Science,2026-08-16 05:57:15.987000+00:00,2461268.7481017015,CoRoT-2_Session_2,CoRoT-2260816055715.fits,observations/2026-08-16/CoRoT-2/session_01/CoRoT-2260816055715.fits,2026-08-15,60.0,Clear,0.05016777777777778
CoRoT-2,Science,2026-08-16 06:00:15.422000+00:00,2461268.7501784954,CoRoT-2_Session_2,CoRoT-2260816060015.fits,observations/2026-08-16/CoRoT-2/session_01/CoRoT-2260816060015.fits,2026-08-15,60.0,Clear,0.04984305555555556
CoRoT-2,Science,2026-08-16 06:03:15.815000+00:00,2461268.752266377,CoRoT-2_Session_2,CoRoT-2260816060315.fits,observations/2026-08-16/CoRoT-2/session_01/CoRoT-2260816060315.fits,2026-08-15,60.0,Clear,0.05010916666666667
CoRoT-2,Science,2026-08-16 06:06:16.120000+00:00,2461268.7543532406,CoRoT-2_Session_2,CoRoT-2260816060616.fits,observations/2026-08-16/CoRoT-2/session_01/CoRoT-2260816060616.fits,2026-08-15,60.0,Clear,0.050084722222222225
CoRoT-2,Science,2026-08-16 06:09:15.524000+00:00,2461268.756429676,CoRoT-2_Session_2,CoRoT-2260816060915.fits,observations/2026-08-16/CoRoT-2/session_01/CoRoT-2260816060915.fits,2026-08-15,60.0,Clear,0.049834444444444445
CoRoT-2,Science,2026-08-16 06:12:15.893000+00:00,2461268.75851728,CoRoT-2_Session_2,CoRoT-2260816061215.fits,observations/2026-08-16/CoRoT-2/session_01/CoRoT-2260816061215.fits,2026-08-15,60.0,Clear,0.0501025
CoRoT-2,Science,2026-08-16 06:15:15.326000+00:00,2461268.760594051,CoRoT-2_Session_2,CoRoT-2260816061515.fits,observations/2026-08-16/CoRoT-2/session_01/CoRoT-2260816061515.fits,2026-08-15,60.0,Clear,0.0498425
CoRoT-2,Science,2026-08-16 06:18:15.764000+00:00,2461268.7626824537,CoRoT-2_Session_2,CoRoT-2260816061815.fits,observations/2026-08-16/CoRoT-2/session_01/CoRoT-2260816061815.fits,2026-08-15,60.0,Clear,0.05012166666666666
CoRoT-2,Science,2026-08-16 06:21:16.107000+00:00,2461268.764769757,CoRoT-2_Session_2,CoRoT-2260816062116.fits,observations/2026-08-16/CoRoT-2/session_01/CoRoT-2260816062116.fits,2026-08-15,60.0,Clear,0.05009527777777777
CoRoT-2,Science,2026-08-16 06:24:15.532000+00:00,2461268.766846435,CoRoT-2_Session_2,CoRoT-2260816062415.fits,observations/2026-08-16/CoRoT-2/session_01/CoRoT-2260816062415.fits,2026-08-15,60.0,Clear,0.04984027777777778
CoRoT-2,Science,2026-08-16 06:27:15.956000+00:00,2461268.768934676,CoRoT-2_Session_2,CoRoT-2260816062715.fits,observations/2026-08-16/CoRoT-2/session_01/CoRoT-2260816062715.fits,2026-08-15,60.0,Clear,0.05011777777777778
CoRoT-2,Science,2026-08-16 06:30:15.330000+00:00,2461268.771010764,CoRoT-2_Session_2,CoRoT-2260816063015.fits,observations/2026-08-16/CoRoT-2/session_01/CoRoT-2260816063015.fits,2026-08-15,60.0,Clear,0.04982611111111111
CoRoT-2,Science,2026-08-16 06:33:15.659000+00:00,2461268.773097905,CoRoT-2_Session_2,CoRoT-2260816063315.fits,observations/2026-08-16/CoRoT-2/session_01/CoRoT-2260816063315.fits,2026-08-15,60.0,Clear,0.050091388888888894
CoRoT-2,Science,2026-08-16 06:36:16.066000+00:00,2461268.775185949,CoRoT-2_Session_2,CoRoT-2260816063616.fits,observations/2026-08-16/CoRoT-2/session_01/CoRoT-2260816063616.fits,2026-08-15,60.0,Clear,0.050113055555555557
CoRoT-2,Science,2026-08-16 06:39:15.623000+00:00,2461268.777264155,CoRoT-2_Session_2,CoRoT-2260816063915.fits,observations/2026-08-16/CoRoT-2/session_01/CoRoT-2260816063915.fits,2026-08-15,60.0,Clear,0.04987694444444444
CoRoT-2,Science,2026-08-16 06:42:16.067000+00:00,2461268.779352627,CoRoT-2_Session_2,CoRoT-2260816064216.fits,observations/2026-08-16/CoRoT-2/session_01/CoRoT-2260816064216.fits,2026-08-15,60.0,Clear,0.05012333333333333
CoRoT-2,Science,2026-08-16 06:45:15.449000+00:00,2461268.781428808,CoRoT-2_Session_2,CoRoT-2260816064515.fits,observations/2026-08-16/CoRoT-2/session_01/CoRoT-2260816064515.fits,2026-08-15,60.0,Clear,0.049828333333333336
CoRoT-2,Science,2026-08-16 06:48:15.770000+00:00,2461268.7835158566,CoRoT-2_Session_2,CoRoT-2260816064815.fits,observations/2026-08-16/CoRoT-2/session_01/CoRoT-2260816064815.fits,2026-08-15,60.0,Clear,0.050089166666666664
CoRoT-2,Science,2026-08-16 06:51:15.163000+00:00,2461268.7855921644,CoRoT-2_Session_2,CoRoT-2260816065115.fits,observations/2026-08-16/CoRoT-2/session_01/CoRoT-2260816065115.fits,2026-08-15,60.0,Clear,0.04983138888888889
CoRoT-2,Science,2026-08-16 06:54:15.511000+00:00,2461268.7876795256,CoRoT-2_Session_2,CoRoT-2260816065415.fits,observations/2026-08-16/CoRoT-2/session_01/CoRoT-2260816065415.fits,2026-08-15,60.0,Clear,0.05009666666666667
CoRoT-2,Science,2026-08-16 06:57:16.031000+00:00,2461268.7897688774,CoRoT-2_Session_2,CoRoT-2260816065716.fits,observations/2026-08-16/CoRoT-2/session_01/CoRoT-2260816065716.fits,2026-08-15,60.0,Clear,0.05014444444444445
CoRoT-2,Science,2026-08-16 07:00:15.371000+00:00,2461268.791844572,CoRoT-2_Session_2,CoRoT-2260816070015.fits,observations/2026-08-16/CoRoT-2/session_01/CoRoT-2260816070015.fits,2026-08-16,60.0,Clear,0.04981666666666667
CoRoT-2,Science,2026-08-16 07:03:15.757000+00:00,2461268.7939323727,CoRoT-2_Session_2,CoRoT-2260816070315.fits,observations/2026-08-16/CoRoT-2/session_01/CoRoT-2260816070315.fits,2026-08-16,60.0,Clear,0.05010722222222222
CoRoT-2,Science,2026-08-16 07:06:15.150000+00:00,2461268.7960086805,CoRoT-2_Session_2,CoRoT-2260816070615.fits,observations/2026-08-16/CoRoT-2/session_01/CoRoT-2260816070615.fits,2026-08-16,60.0,Clear,0.04983138888888889
CoRoT-2,Science,2026-08-16 07:09:16.628000+00:00,2461268.79810912,CoRoT-2_Session_2,CoRoT-2260816070916.fits,observations/2026-08-16/CoRoT-2/session_01/CoRoT-2260816070916.fits,2026-08-16,60.0,Clear,0.050410555555555556
CoRoT-2,Science,2026-08-16 07:12:16.056000+00:00,2461268.800185833,CoRoT-2_Session_2,CoRoT-2260816071216.fits,observations/2026-08-16/CoRoT-2/session_01/CoRoT-2260816071216.fits,2026-08-16,60.0,Clear,0.049841111111111114
CoRoT-2,Science,2026-08-16 07:15:15.401000+00:00,2461268.802261586,CoRoT-2_Session_2,CoRoT-2260816071515.fits,observations/2026-08-16/CoRoT-2/session_01/CoRoT-2260816071515.fits,2026-08-16,60.0,Clear,0.04981805555555555
CoRoT-2,Science,2026-08-16 07:18:15.816000+00:00,2461268.8043497223,CoRoT-2_Session_2,CoRoT-2260816071815.fits,observations/2026-08-16/CoRoT-2/session_01/CoRoT-2260816071815.fits,2026-08-16,60.0,Clear,0.05011527777777777
CoRoT-2,Science,2026-08-16 07:21:15.147000+00:00,2461268.8064253125,CoRoT-2_Session_2,CoRoT-2260816072115.fits,observations/2026-08-16/CoRoT-2/session_01/CoRoT-2260816072115.fits,2026-08-16,60.0,Clear,0.049814166666666666
CoRoT-2,Science,2026-08-16 07:24:16.605000+00:00,2461268.808525521,CoRoT-2_Session_2,CoRoT-2260816072416.fits,observations/2026-08-16/CoRoT-2/session_01/CoRoT-2260816072416.fits,2026-08-16,60.0,Clear,0.050405
CoRoT-2,Science,2026-08-16 07:27:15.282000+00:00,2461268.8105935417,CoRoT-2_Session_2,CoRoT-2260816072715.fits,observations/2026-08-16/CoRoT-2/session_01/CoRoT-2260816072715.fits,2026-08-16,60.0,Clear,0.049632499999999996
CoRoT-2,Science,2026-08-16 07:30:15.826000+00:00,2461268.812683171,CoRoT-2_Session_2,CoRoT-2260816073015.fits,observations/2026-08-16/CoRoT-2/session_01/CoRoT-2260816073015.fits,2026-08-16,60.0,Clear,0.05015111111111111
CoRoT-2,Science,2026-08-16 07:33:16.349000+00:00,2461268.814772558,CoRoT-2_Session_2,CoRoT-2260816073316.fits,observations/2026-08-16/CoRoT-2/session_01/CoRoT-2260816073316.fits,2026-08-16,60.0,Clear,0.050145277777777775
CoRoT-2,Science,2026-08-16 07:36:15.829000+00:00,2461268.8168498725,CoRoT-2_Session_2,CoRoT-2260816073615.fits,observations/2026-08-16/CoRoT-2/session_01/CoRoT-2260816073615.fits,2026-08-16,60.0,Clear,0.049855555555555556
CoRoT-2,Science,2026-08-16 07:39:15.257000+00:00,2461268.818926586,CoRoT-2_Session_2,CoRoT-2260816073915.fits,observations/2026-08-16/CoRoT-2/session_01/CoRoT-2260816073915.fits,2026-08-16,60.0,Clear,0.049841111111111114
CoRoT-2,Science,2026-08-16 07:42:15.656000+00:00,2461268.821014537,CoRoT-2_Session_2,CoRoT-2260816074215.fits,observations/2026-08-16/CoRoT-2/session_01/CoRoT-2260816074215.fits,2026-08-16,60.0,Clear,0.050110833333333334
CoRoT-2,Science,2026-08-16 07:45:16.046000+00:00,2461268.8231023843,CoRoT-2_Session_2,CoRoT-2260816074516.fits,observations/2026-08-16/CoRoT-2/session_01/CoRoT-2260816074516.fits,2026-08-16,60.0,Clear,0.05010833333333333
CoRoT-2,Science,2026-08-16 07:48:16.542000+00:00,2461268.825191458,CoRoT-2_Session_2,CoRoT-2260816074816.fits,observations/2026-08-16/CoRoT-2/session_01/CoRoT-2260816074816.fits,2026-08-16,60.0,Clear,0.05013777777777778
CoRoT-2,Science,2026-08-16 07:51:15.944000+00:00,2461268.8272678703,CoRoT-2_Session_2,CoRoT-2260816075115.fits,observations/2026-08-16/CoRoT-2/session_01/CoRoT-2260816075115.fits,2026-08-16,60.0,Clear,0.049833888888888886
CoRoT-2,Science,2026-08-16 07:54:15.477000+00:00,2461268.8293457986,CoRoT-2_Session_2,CoRoT-2260816075415.fits,observations/2026-08-16/CoRoT-2/session_01/CoRoT-2260816075415.fits,2026-08-16,60.0,Clear,0.04987027777777778
CoRoT-2,Science,2026-08-16 07:57:15.914000+00:00,2461268.83143419,CoRoT-2_Session_2,CoRoT-2260816075715.fits,observations/2026-08-16/CoRoT-2/session_01/CoRoT-2260816075715.fits,2026-08-16,60.0,Clear,0.05012138888888889
CoRoT-2,Science,2026-08-16 08:00:15.413000+00:00,2461268.8335117246,CoRoT-2_Session_2,CoRoT-2260816080015.fits,observations/2026-08-16/CoRoT-2/session_01/CoRoT-2260816080015.fits,2026-08-16,60.0,Clear,0.04986083333333333
CoRoT-2,Science,2026-08-16 08:03:16.824000+00:00,2461268.835611389,CoRoT-2_Session_2,CoRoT-2260816080316.fits,observations/2026-08-16/CoRoT-2/session_01/CoRoT-2260816080316.fits,2026-08-16,60.0,Clear,0.05039194444444445
CoRoT-2,Science,2026-08-16 08:06:15.168000+00:00,2461268.8376755556,CoRoT-2_Session_2,CoRoT-2260816080615.fits,observations/2026-08-16/CoRoT-2/session_01/CoRoT-2260816080615.fits,2026-08-16,60.0,Clear,0.04954
CoRoT-2,Science,2026-08-16 08:09:15.561000+00:00,2461268.8397634374,CoRoT-2_Session_2,CoRoT-2260816080915.fits,observations/2026-08-16/CoRoT-2/session_01/CoRoT-2260816080915.fits,2026-08-16,60.0,Clear,0.05010916666666667
CoRoT-2,Science,2026-08-16 08:12:16.062000+00:00,2461268.8418525695,CoRoT-2_Session_2,CoRoT-2260816081216.fits,observations/2026-08-16/CoRoT-2/session_01/CoRoT-2260816081216.fits,2026-08-16,60.0,Clear,0.050139166666666665
CoRoT-2,Science,2026-08-16 08:15:15.404000+00:00,2461268.843928287,CoRoT-2_Session_2,CoRoT-2260816081515.fits,observations/2026-08-16/CoRoT-2/session_01/CoRoT-2260816081515.fits,2026-08-16,60.0,Clear,0.04981722222222223
CoRoT-2,Science,2026-08-16 08:18:15.993000+00:00,2461268.8460184373,CoRoT-2_Session_2,CoRoT-2260816081815.fits,observations/2026-08-16/CoRoT-2/session_01/CoRoT-2260816081815.fits,2026-08-16,60.0,Clear,0.05016361111111111
CoRoT-2,Science,2026-08-16 08:21:15.442000+00:00,2461268.8480953937,CoRoT-2_Session_2,CoRoT-2260816082115.fits,observations/2026-08-16/CoRoT-2/session_01/CoRoT-2260816082115.fits,2026-08-16,60.0,Clear,0.04984694444444445
CoRoT-2,Science,2026-08-16 08:24:15.996000+00:00,2461268.850185139,CoRoT-2_Session_2,CoRoT-2260816082415.fits,observations/2026-08-16/CoRoT-2/session_01/CoRoT-2260816082415.fits,2026-08-16,60.0,Clear,0.05015388888888889
CoRoT-2,Science,2026-08-16 08:27:15.438000+00:00,2461268.852262014,CoRoT-2_Session_2,CoRoT-2260816082715.fits,observations/2026-08-16/CoRoT-2/session_01/CoRoT-2260816082715.fits,2026-08-16,60.0,Clear,0.049845
CoRoT-2,Science,2026-08-16 08:30:15.910000+00:00,2461268.8543508104,CoRoT-2_Session_2,CoRoT-2260816083015.fits,observations/2026-08-16/CoRoT-2/session_01/CoRoT-2260816083015.fits,2026-08-16,60.0,Clear,0.05013111111111111
CoRoT-2,Science,2026-08-16 08:33:16.350000+00:00,2461268.856439236,CoRoT-2_Session_2,CoRoT-2260816083316.fits,observations/2026-08-16/CoRoT-2/session_01/CoRoT-2260816083316.fits,2026-08-16,60.0,Clear,0.05012222222222222
CoRoT-2,Science,2026-08-16 08:36:15.745000+00:00,2461268.858515567,CoRoT-2_Session_2,CoRoT-2260816083615.fits,observations/2026-08-16/CoRoT-2/session_01/CoRoT-2260816083615.fits,2026-08-16,60.0,Clear,0.04983194444444445
CoRoT-2,Science,2026-08-16 08:39:15.255000+00:00,2461268.860593229,CoRoT-2_Session_2,CoRoT-2260816083915.fits,observations/2026-08-16/CoRoT-2/session_01/CoRoT-2260816083915.fits,2026-08-16,60.0,Clear,0.04986388888888889
CoRoT-2,Science,2026-08-16 08:42:15.763000+00:00,2461268.862682442,CoRoT-2_Session_2,CoRoT-2260816084215.fits,observations/2026-08-16/CoRoT-2/session_01/CoRoT-2260816084215.fits,2026-08-16,60.0,Clear,0.050141111111111115
CoRoT-2,Science,2026-08-16 08:45:17.089000+00:00,2461268.8647811227,CoRoT-2_Session_2,CoRoT-2260816084517.fits,observations/2026-08-16/CoRoT-2/session_01/CoRoT-2260816084517.fits,2026-08-16,60.0,Clear,0.050368333333333334
CoRoT-2,Science,2026-08-16 08:48:16.621000+00:00,2461268.8668590393,CoRoT-2_Session_2,CoRoT-2260816084816.fits,observations/2026-08-16/CoRoT-2/session_01/CoRoT-2260816084816.fits,2026-08-16,60.0,Clear,0.049870000000000005
CoRoT-2,Science,2026-08-16 08:51:16.079000+00:00,2461268.8689360996,CoRoT-2_Session_2,CoRoT-2260816085116.fits,observations/2026-08-16/CoRoT-2/session_01/CoRoT-2260816085116.fits,2026-08-16,60.0,Clear,0.049849444444444446
CoRoT-2,Science,2026-08-16 08:54:15.442000+00:00,2461268.87101206,CoRoT-2_Session_2,CoRoT-2260816085415.fits,observations/2026-08-16/CoRoT-2/session_01/CoRoT-2260816085415.fits,2026-08-16,60.0,Clear,0.04982305555555556
CoRoT-2,Science,2026-08-16 08:57:15.925000+00:00,2461268.873100984,CoRoT-2_Session_2,CoRoT-2260816085715.fits,observations/2026-08-16/CoRoT-2/session_01/CoRoT-2260816085715.fits,2026-08-16,60.0,Clear,0.05013416666666667
CoRoT-2,Science,2026-08-23 03:57:58.009000+00:00,2461275.665254734,CoRoT-2_Session_3,CoRoT-2260823035758.fits,observations/2026-08-23/CoRoT-2/session_01/CoRoT-2260823035758.fits,2026-08-22,60.0,Clear,163.01169000000002
CoRoT-2,Science,2026-08-23 04:00:15.500000+00:00,2461275.666846065,CoRoT-2_Session_3,CoRoT-2260823040015.fits,observations/2026-08-23/CoRoT-2/session_01/CoRoT-2260823040015.fits,2026-08-22,60.0,Clear,0.038191944444444445
CoRoT-2,Science,2026-08-23 04:03:15.938000+00:00,2461275.6689344677,CoRoT-2_Session_3,CoRoT-2260823040315.fits,observations/2026-08-23/CoRoT-2/session_01/CoRoT-2260823040315.fits,2026-08-22,60.0,Clear,0.05012166666666666
CoRoT-2,Science,2026-08-23 04:06:15.311000+00:00,2461275.671010544,CoRoT-2_Session_3,CoRoT-2260823040615.fits,observations/2026-08-23/CoRoT-2/session_01/CoRoT-2260823040615.fits,2026-08-22,60.0,Clear,0.04982583333333333
CoRoT-2,Science,2026-08-23 04:09:15.731000+00:00,2461275.6730987383,CoRoT-2_Session_3,CoRoT-2260823040915.fits,observations/2026-08-23/CoRoT-2/session_01/CoRoT-2260823040915.fits,2026-08-22,60.0,Clear,0.050116666666666664
CoRoT-2,Science,2026-08-23 04:12:15.157000+00:00,2461275.6751754284,CoRoT-2_Session_3,CoRoT-2260823041215.fits,observations/2026-08-23/CoRoT-2/session_01/CoRoT-2260823041215.fits,2026-08-22,60.0,Clear,0.049840555555555555
CoRoT-2,Science,2026-08-23 04:15:15.504000+00:00,2461275.677262778,CoRoT-2_Session_3,CoRoT-2260823041515.fits,observations/2026-08-23/CoRoT-2/session_01/CoRoT-2260823041515.fits,2026-08-22,60.0,Clear,0.05009638888888889
CoRoT-2,Science,2026-08-23 04:18:15.901000+00:00,2461275.679350706,CoRoT-2_Session_3,CoRoT-2260823041815.fits,observations/2026-08-23/CoRoT-2/session_01/CoRoT-2260823041815.fits,2026-08-22,60.0,Clear,0.050110277777777774
CoRoT-2,Science,2026-08-23 04:21:15.390000+00:00,2461275.681428125,CoRoT-2_Session_3,CoRoT-2260823042115.fits,observations/2026-08-23/CoRoT-2/session_01/CoRoT-2260823042115.fits,2026-08-22,60.0,Clear,0.04985805555555556
CoRoT-2,Science,2026-08-23 04:24:15.915000+00:00,2461275.6835175348,CoRoT-2_Session_3,CoRoT-2260823042415.fits,observations/2026-08-23/CoRoT-2/session_01/CoRoT-2260823042415.fits,2026-08-22,60.0,Clear,0.050145833333333334
CoRoT-2,Science,2026-08-23 04:27:15.370000+00:00,2461275.68559456,CoRoT-2_Session_3,CoRoT-2260823042715.fits,observations/2026-08-23/CoRoT-2/session_01/CoRoT-2260823042715.fits,2026-08-22,60.0,Clear,0.049848611111111114
CoRoT-2,Science,2026-08-23 04:30:15.968000+00:00,2461275.687684815,CoRoT-2_Session_3,CoRoT-2260823043015.fits,observations/2026-08-23/CoRoT-2/session_01/CoRoT-2260823043015.fits,2026-08-22,60.0,Clear,0.05016611111111111
CoRoT-2,Science,2026-08-23 04:33:15.541000+00:00,2461275.689763206,CoRoT-2_Session_3,CoRoT-2260823043315.fits,observations/2026-08-23/CoRoT-2/session_01/CoRoT-2260823043315.fits,2026-08-22,60.0,Clear,0.04988138888888889
CoRoT-2,Science,2026-08-23 04:36:15.944000+00:00,2461275.691851204,CoRoT-2_Session_3,CoRoT-2260823043615.fits,observations/2026-08-23/CoRoT-2/session_01/CoRoT-2260823043615.fits,2026-08-22,60.0,Clear,0.050111944444444445
CoRoT-2,Science,2026-08-23 04:39:15.301000+00:00,2461275.693927095,CoRoT-2_Session_3,CoRoT-2260823043915.fits,observations/2026-08-23/CoRoT-2/session_01/CoRoT-2260823043915.fits,2026-08-22,60.0,Clear,0.04982138888888889
CoRoT-2,Science,2026-08-23 04:42:15.751000+00:00,2461275.6960156364,CoRoT-2_Session_3,CoRoT-2260823044215.fits,observations/2026-08-23/CoRoT-2/session_01/CoRoT-2260823044215.fits,2026-08-22,60.0,Clear,0.050124999999999996
CoRoT-2,Science,2026-08-23 04:45:16.124000+00:00,2461275.6981032873,CoRoT-2_Session_3,CoRoT-2260823044516.fits,observations/2026-08-23/CoRoT-2/session_01/CoRoT-2260823044516.fits,2026-08-22,60.0,Clear,0.050103611111111106
CoRoT-2,Science,2026-08-23 04:48:15.499000+00:00,2461275.7001793864,CoRoT-2_Session_3,CoRoT-2260823044815.fits,observations/2026-08-23/CoRoT-2/session_01/CoRoT-2260823044815.fits,2026-08-22,60.0,Clear,0.04982638888888889
CoRoT-2,Science,2026-08-23 04:51:15.916000+00:00,2461275.702267546,CoRoT-2_Session_3,CoRoT-2260823045115.fits,observations/2026-08-23/CoRoT-2/session_01/CoRoT-2260823045115.fits,2026-08-22,60.0,Clear,0.05011583333333333
CoRoT-2,Science,2026-08-23 04:54:15.262000+00:00,2461275.70434331,CoRoT-2_Session_3,CoRoT-2260823045415.fits,observations/2026-08-23/CoRoT-2/session_01/CoRoT-2260823045415.fits,2026-08-22,60.0,Clear,0.04981833333333333
CoRoT-2,Science,2026-08-23 04:57:15.665000+00:00,2461275.706431308,CoRoT-2_Session_3,CoRoT-2260823045715.fits,observations/2026-08-23/CoRoT-2/session_01/CoRoT-2260823045715.fits,2026-08-22,60.0,Clear,0.050111944444444445
CoRoT-2,Science,2026-08-23 05:00:15.980000+00:00,2461275.708518287,CoRoT-2_Session_3,CoRoT-2260823050015.fits,observations/2026-08-23/CoRoT-2/session_01/CoRoT-2260823050015.fits,2026-08-22,60.0,Clear,0.0500875
CoRoT-2,Science,2026-08-23 05:03:15.548000+00:00,2461275.7105966206,CoRoT-2_Session_3,CoRoT-2260823050315.fits,observations/2026-08-23/CoRoT-2/session_01/CoRoT-2260823050315.fits,2026-08-22,60.0,Clear,0.04988
CoRoT-2,Science,2026-08-23 05:06:15.903000+00:00,2461275.7126840623,CoRoT-2_Session_3,CoRoT-2260823050615.fits,observations/2026-08-23/CoRoT-2/session_01/CoRoT-2260823050615.fits,2026-08-22,60.0,Clear,0.05009861111111111
CoRoT-2,Science,2026-08-23 05:09:15.246000+00:00,2461275.7147597917,CoRoT-2_Session_3,CoRoT-2260823050915.fits,observations/2026-08-23/CoRoT-2/session_01/CoRoT-2260823050915.fits,2026-08-22,60.0,Clear,0.049817499999999994
CoRoT-2,Science,2026-08-23 05:12:15.630000+00:00,2461275.716847569,CoRoT-2_Session_3,CoRoT-2260823051215.fits,observations/2026-08-23/CoRoT-2/session_01/CoRoT-2260823051215.fits,2026-08-22,60.0,Clear,0.05010666666666666
CoRoT-2,Science,2026-08-23 05:15:16.062000+00:00,2461275.7189359027,CoRoT-2_Session_3,CoRoT-2260823051516.fits,observations/2026-08-23/CoRoT-2/session_01/CoRoT-2260823051516.fits,2026-08-22,60.0,Clear,0.05012
CoRoT-2,Science,2026-08-23 05:18:15.438000+00:00,2461275.721012014,CoRoT-2_Session_3,CoRoT-2260823051815.fits,observations/2026-08-23/CoRoT-2/session_01/CoRoT-2260823051815.fits,2026-08-22,60.0,Clear,0.049826666666666665
CoRoT-2,Science,2026-08-23 05:21:15.779000+00:00,2461275.723099294,CoRoT-2_Session_3,CoRoT-2260823052115.fits,observations/2026-08-23/CoRoT-2/session_01/CoRoT-2260823052115.fits,2026-08-22,60.0,Clear,0.05009472222222222
CoRoT-2,Science,2026-08-23 05:24:16.128000+00:00,2461275.7251866665,CoRoT-2_Session_3,CoRoT-2260823052416.fits,observations/2026-08-23/CoRoT-2/session_01/CoRoT-2260823052416.fits,2026-08-22,60.0,Clear,0.050096944444444444
CoRoT-2,Science,2026-08-23 05:27:15.490000+00:00,2461275.7272626157,CoRoT-2_Session_3,CoRoT-2260823052715.fits,observations/2026-08-23/CoRoT-2/session_01/CoRoT-2260823052715.fits,2026-08-22,60.0,Clear,0.04982277777777778
CoRoT-2,Science,2026-08-23 05:30:15.956000+00:00,2461275.7293513427,CoRoT-2_Session_3,CoRoT-2260823053015.fits,observations/2026-08-23/CoRoT-2/session_01/CoRoT-2260823053015.fits,2026-08-22,60.0,Clear,0.05012944444444445
CoRoT-2,Science,2026-08-23 05:33:15.340000+00:00,2461275.731427546,CoRoT-2_Session_3,CoRoT-2260823053315.fits,observations/2026-08-23/CoRoT-2/session_01/CoRoT-2260823053315.fits,2026-08-22,60.0,Clear,0.04982888888888889
CoRoT-2,Science,2026-08-23 05:36:16.756000+00:00,2461275.7335272687,CoRoT-2_Session_3,CoRoT-2260823053616.fits,observations/2026-08-23/CoRoT-2/session_01/CoRoT-2260823053616.fits,2026-08-22,60.0,Clear,0.05039333333333333
CoRoT-2,Science,2026-08-23 05:39:15.191000+00:00,2461275.735592488,CoRoT-2_Session_3,CoRoT-2260823053915.fits,observations/2026-08-23/CoRoT-2/session_01/CoRoT-2260823053915.fits,2026-08-22,60.0,Clear,0.04956527777777778
CoRoT-2,Science,2026-08-23 05:42:15.555000+00:00,2461275.7376800347,CoRoT-2_Session_3,CoRoT-2260823054215.fits,observations/2026-08-23/CoRoT-2/session_01/CoRoT-2260823054215.fits,2026-08-22,60.0,Clear,0.05010111111111111
CoRoT-2,Science,2026-08-23 05:45:15.989000+00:00,2461275.739768391,CoRoT-2_Session_3,CoRoT-2260823054515.fits,observations/2026-08-23/CoRoT-2/session_01/CoRoT-2260823054515.fits,2026-08-22,60.0,Clear,0.05012055555555556
CoRoT-2,Science,2026-08-23 05:48:15.484000+00:00,2461275.7418458797,CoRoT-2_Session_3,CoRoT-2260823054815.fits,observations/2026-08-23/CoRoT-2/session_01/CoRoT-2260823054815.fits,2026-08-22,60.0,Clear,0.04985972222222222
CoRoT-2,Science,2026-08-23 05:51:15.985000+00:00,2461275.743935012,CoRoT-2_Session_3,CoRoT-2260823055115.fits,observations/2026-08-23/CoRoT-2/session_01/CoRoT-2260823055115.fits,2026-08-22,60.0,Clear,0.050139166666666665
CoRoT-2,Science,2026-08-23 05:54:15.402000+00:00,2461275.746011597,CoRoT-2_Session_3,CoRoT-2260823055415.fits,observations/2026-08-23/CoRoT-2/session_01/CoRoT-2260823055415.fits,2026-08-22,60.0,Clear,0.04983805555555556
CoRoT-2,Science,2026-08-23 05:57:15.760000+00:00,2461275.7480990742,CoRoT-2_Session_3,CoRoT-2260823055715.fits,observations/2026-08-23/CoRoT-2/session_01/CoRoT-2260823055715.fits,2026-08-22,60.0,Clear,0.050099444444444446
CoRoT-2,Science,2026-08-23 06:00:16.112000+00:00,2461275.7501864815,CoRoT-2_Session_3,CoRoT-2260823060016.fits,observations/2026-08-23/CoRoT-2/session_01/CoRoT-2260823060016.fits,2026-08-22,60.0,Clear,0.050097777777777776
CoRoT-2,Science,2026-08-23 06:03:15.456000+00:00,2461275.752262222,CoRoT-2_Session_3,CoRoT-2260823060315.fits,observations/2026-08-23/CoRoT-2/session_01/CoRoT-2260823060315.fits,2026-08-22,60.0,Clear,0.04981777777777777
CoRoT-2,Science,2026-08-23 06:06:15.842000+00:00,2461275.7543500233,CoRoT-2_Session_3,CoRoT-2260823060615.fits,observations/2026-08-23/CoRoT-2/session_01/CoRoT-2260823060615.fits,2026-08-22,60.0,Clear,0.05010722222222222
CoRoT-2,Science,2026-08-23 06:12:16.690000+00:00,2461275.7585265045,CoRoT-2_Session_3,CoRoT-2260823061216.fits,observations/2026-08-23/CoRoT-2/session_01/CoRoT-2260823061216.fits,2026-08-22,60.0,Clear,0.10023555555555556
CoRoT-2,Science,2026-08-23 06:15:16.039000+00:00,2461275.7606023033,CoRoT-2_Session_3,CoRoT-2260823061516.fits,observations/2026-08-23/CoRoT-2/session_01/CoRoT-2260823061516.fits,2026-08-22,60.0,Clear,0.049819166666666664
CoRoT-2,Science,2026-08-23 06:18:15.407000+00:00,2461275.762678322,CoRoT-2_Session_3,CoRoT-2260823061815.fits,observations/2026-08-23/CoRoT-2/session_01/CoRoT-2260823061815.fits,2026-08-22,60.0,Clear,0.04982444444444444
CoRoT-2,Science,2026-08-23 06:21:15.791000+00:00,2461275.7647660994,CoRoT-2_Session_3,CoRoT-2260823062115.fits,observations/2026-08-23/CoRoT-2/session_01/CoRoT-2260823062115.fits,2026-08-22,60.0,Clear,0.05010666666666666
CoRoT-2,Science,2026-08-23 06:24:15.270000+00:00,2461275.7668434028,CoRoT-2_Session_3,CoRoT-2260823062415.fits,observations/2026-08-23/CoRoT-2/session_01/CoRoT-2260823062415.fits,2026-08-22,60.0,Clear,0.04985527777777778
CoRoT-2,Science,2026-08-23 06:27:15.688000+00:00,2461275.768931574,CoRoT-2_Session_3,CoRoT-2260823062715.fits,observations/2026-08-23/CoRoT-2/session_01/CoRoT-2260823062715.fits,2026-08-22,60.0,Clear,0.05011611111111111
CoRoT-2,Science,2026-08-23 06:30:16.015000+00:00,2461275.7710186923,CoRoT-2_Session_3,CoRoT-2260823063016.fits,observations/2026-08-23/CoRoT-2/session_01/CoRoT-2260823063016.fits,2026-08-22,60.0,Clear,0.050090833333333334
CoRoT-2,Science,2026-08-23 06:33:15.549000+00:00,2461275.7730966317,CoRoT-2_Session_3,CoRoT-2260823063315.fits,observations/2026-08-23/CoRoT-2/session_01/CoRoT-2260823063315.fits,2026-08-22,60.0,Clear,0.04987055555555555
CoRoT-2,Science,2026-08-23 06:36:16.944000+00:00,2461275.7751961113,CoRoT-2_Session_3,CoRoT-2260823063616.fits,observations/2026-08-23/CoRoT-2/session_01/CoRoT-2260823063616.fits,2026-08-22,60.0,Clear,0.0503875
CoRoT-2,Science,2026-08-23 06:39:16.377000+00:00,2461275.777272882,CoRoT-2_Session_3,CoRoT-2260823063916.fits,observations/2026-08-23/CoRoT-2/session_01/CoRoT-2260823063916.fits,2026-08-22,60.0,Clear,0.0498425
CoRoT-2,Science,2026-08-23 06:42:15.875000+00:00,2461275.779350405,CoRoT-2_Session_3,CoRoT-2260823064215.fits,observations/2026-08-23/CoRoT-2/session_01/CoRoT-2260823064215.fits,2026-08-22,60.0,Clear,0.049860555555555554
CoRoT-2,Science,2026-08-23 06:45:15.334000+00:00,2461275.781427477,CoRoT-2_Session_3,CoRoT-2260823064515.fits,observations/2026-08-23/CoRoT-2/session_01/CoRoT-2260823064515.fits,2026-08-22,60.0,Clear,0.049849722222222226
CoRoT-2,Science,2026-08-23 06:48:16.714000+00:00,2461275.7835267824,CoRoT-2_Session_3,CoRoT-2260823064816.fits,observations/2026-08-23/CoRoT-2/session_01/CoRoT-2260823064816.fits,2026-08-22,60.0,Clear,0.050383333333333336
CoRoT-2,Science,2026-08-23 06:51:15.162000+00:00,2461275.7855921527,CoRoT-2_Session_3,CoRoT-2260823065115.fits,observations/2026-08-23/CoRoT-2/session_01/CoRoT-2260823065115.fits,2026-08-22,60.0,Clear,0.04956888888888889
CoRoT-2,Science,2026-08-23 06:54:15.522000+00:00,2461275.7876796527,CoRoT-2_Session_3,CoRoT-2260823065415.fits,observations/2026-08-23/CoRoT-2/session_01/CoRoT-2260823065415.fits,2026-08-22,60.0,Clear,0.050100000000000006
CoRoT-2,Science,2026-08-23 06:57:15.977000+00:00,2461275.7897682525,CoRoT-2_Session_3,CoRoT-2260823065715.fits,observations/2026-08-23/CoRoT-2/session_01/CoRoT-2260823065715.fits,2026-08-22,60.0,Clear,0.050126388888888894
CoRoT-2,Science,2026-08-23 07:00:15.505000+00:00,2461275.7918461226,CoRoT-2_Session_3,CoRoT-2260823070015.fits,observations/2026-08-23/CoRoT-2/session_01/CoRoT-2260823070015.fits,2026-08-23,60.0,Clear,0.049868888888888886
CoRoT-2,Science,2026-08-23 07:03:16.911000+00:00,2461275.7939457293,CoRoT-2_Session_3,CoRoT-2260823070316.fits,observations/2026-08-23/CoRoT-2/session_01/CoRoT-2260823070316.fits,2026-08-23,60.0,Clear,0.050390555555555556
CoRoT-2,Science,2026-08-23 07:06:15.296000+00:00,2461275.7960103704,CoRoT-2_Session_3,CoRoT-2260823070615.fits,observations/2026-08-23/CoRoT-2/session_01/CoRoT-2260823070615.fits,2026-08-23,60.0,Clear,0.04955138888888889
CoRoT-2,Science,2026-08-23 07:09:15.720000+00:00,2461275.798098611,CoRoT-2_Session_3,CoRoT-2260823070915.fits,observations/2026-08-23/CoRoT-2/session_01/CoRoT-2260823070915.fits,2026-08-23,60.0,Clear,0.05011777777777778
CoRoT-2,Science,2026-08-23 07:12:16.087000+00:00,2461275.800186192,CoRoT-2_Session_3,CoRoT-2260823071216.fits,observations/2026-08-23/CoRoT-2/session_01/CoRoT-2260823071216.fits,2026-08-23,60.0,Clear,0.05010194444444444
CoRoT-2,Science,2026-08-23 07:15:15.482000+00:00,2461275.802262523,CoRoT-2_Session_3,CoRoT-2260823071515.fits,observations/2026-08-23/CoRoT-2/session_01/CoRoT-2260823071515.fits,2026-08-23,60.0,Clear,0.04983194444444445
CoRoT-2,Science,2026-08-23 07:18:15.791000+00:00,2461275.8043494327,CoRoT-2_Session_3,CoRoT-2260823071815.fits,observations/2026-08-23/CoRoT-2/session_01/CoRoT-2260823071815.fits,2026-08-23,60.0,Clear,0.05008583333333333
CoRoT-2,Science,2026-08-23 07:21:15.145000+00:00,2461275.8064252893,CoRoT-2_Session_3,CoRoT-2260823072115.fits,observations/2026-08-23/CoRoT-2/session_01/CoRoT-2260823072115.fits,2026-08-23,60.0,Clear,0.04982055555555556
CoRoT-2,Science,2026-08-23 07:24:15.594000+00:00,2461275.8085138192,CoRoT-2_Session_3,CoRoT-2260823072415.fits,observations/2026-08-23/CoRoT-2/session_01/CoRoT-2260823072415.fits,2026-08-23,60.0,Clear,0.05012472222222222
CoRoT-2,Science,2026-08-23 07:27:15.981000+00:00,2461275.810601632,CoRoT-2_Session_3,CoRoT-2260823072715.fits,observations/2026-08-23/CoRoT-2/session_01/CoRoT-2260823072715.fits,2026-08-23,60.0,Clear,0.0501075
CoRoT-2,Science,2026-08-23 07:30:15.453000+00:00,2461275.812678854,CoRoT-2_Session_3,CoRoT-2260823073015.fits,observations/2026-08-23/CoRoT-2/session_01/CoRoT-2260823073015.fits,2026-08-23,60.0,Clear,0.04985333333333333
CoRoT-2,Science,2026-08-23 07:33:15.809000+00:00,2461275.814766308,CoRoT-2_Session_3,CoRoT-2260823073315.fits,observations/2026-08-23/CoRoT-2/session_01/CoRoT-2260823073315.fits,2026-08-23,60.0,Clear,0.05009888888888889
CoRoT-2,Science,2026-08-23 07:36:15.226000+00:00,2461275.8168428936,CoRoT-2_Session_3,CoRoT-2260823073615.fits,observations/2026-08-23/CoRoT-2/session_01/CoRoT-2260823073615.fits,2026-08-23,60.0,Clear,0.04983805555555556
CoRoT-2,Science,2026-08-23 07:39:15.639000+00:00,2461275.818931007,CoRoT-2_Session_3,CoRoT-2260823073915.fits,observations/2026-08-23/CoRoT-2/session_01/CoRoT-2260823073915.fits,2026-08-23,60.0,Clear,0.05011472222222223
CoRoT-2,Science,2026-08-23 07:42:16.063000+00:00,2461275.8210192476,CoRoT-2_Session_3,CoRoT-2260823074216.fits,observations/2026-08-23/CoRoT-2/session_01/CoRoT-2260823074216.fits,2026-08-23,60.0,Clear,0.05011777777777778
CoRoT-2,Science,2026-08-23 07:45:15.494000+00:00,2461275.8230959955,CoRoT-2_Session_3,CoRoT-2260823074515.fits,observations/2026-08-23/CoRoT-2/session_01/CoRoT-2260823074515.fits,2026-08-23,60.0,Clear,0.049841944444444446
CoRoT-2,Science,2026-08-23 07:48:15.899000+00:00,2461275.825184016,CoRoT-2_Session_3,CoRoT-2260823074815.fits,observations/2026-08-23/CoRoT-2/session_01/CoRoT-2260823074815.fits,2026-08-23,60.0,Clear,0.0501125
CoRoT-2,Science,2026-08-23 07:51:15.312000+00:00,2461275.8272605557,CoRoT-2_Session_3,CoRoT-2260823075115.fits,observations/2026-08-23/CoRoT-2/session_01/CoRoT-2260823075115.fits,2026-08-23,60.0,Clear,0.04983694444444445
CoRoT-2,Science,2026-08-23 07:54:15.700000+00:00,2461275.8293483797,CoRoT-2_Session_3,CoRoT-2260823075415.fits,observations/2026-08-23/CoRoT-2/session_01/CoRoT-2260823075415.fits,2026-08-23,60.0,Clear,0.05010777777777778
CoRoT-2,Science,2026-08-23 07:57:16.116000+00:00,2461275.831436528,CoRoT-2_Session_3,CoRoT-2260823075716.fits,observations/2026-08-23/CoRoT-2/session_01/CoRoT-2260823075716.fits,2026-08-23,60.0,Clear,0.05011555555555555
CoRoT-2,Science,2026-08-23 08:00:15.592000+00:00,2461275.8335137963,CoRoT-2_Session_3,CoRoT-2260823080015.fits,observations/2026-08-23/CoRoT-2/session_01/CoRoT-2260823080015.fits,2026-08-23,60.0,Clear,0.049854444444444444
CoRoT-2,Science,2026-08-23 08:03:15.942000+00:00,2461275.8356011803,CoRoT-2_Session_3,CoRoT-2260823080315.fits,observations/2026-08-23/CoRoT-2/session_01/CoRoT-2260823080315.fits,2026-08-23,60.0,Clear,0.050097222222222224
CoRoT-2,Science,2026-08-23 08:06:15.432000+00:00,2461275.8376786113,CoRoT-2_Session_3,CoRoT-2260823080615.fits,observations/2026-08-23/CoRoT-2/session_01/CoRoT-2260823080615.fits,2026-08-23,60.0,Clear,0.04985833333333334
CoRoT-2,Science,2026-08-23 08:09:15.820000+00:00,2461275.8397664353,CoRoT-2_Session_3,CoRoT-2260823080915.fits,observations/2026-08-23/CoRoT-2/session_01/CoRoT-2260823080915.fits,2026-08-23,60.0,Clear,0.05010777777777778
CoRoT-2,Science,2026-08-23 08:12:15.189000+00:00,2461275.841842465,CoRoT-2_Session_3,CoRoT-2260823081215.fits,observations/2026-08-23/CoRoT-2/session_01/CoRoT-2260823081215.fits,2026-08-23,60.0,Clear,0.04982472222222222
CoRoT-2,Science,2026-08-23 08:15:15.644000+00:00,2461275.843931065,CoRoT-2_Session_3,CoRoT-2260823081515.fits,observations/2026-08-23/CoRoT-2/session_01/CoRoT-2260823081515.fits,2026-08-23,60.0,Clear,0.050126388888888894
CoRoT-2,Science,2026-08-30 03:18:36.985000+00:00,2461282.6379280672,CoRoT-2_Session_4,CoRoT-2260830031836.fits,observations/2026-08-30/CoRoT-2/session_01/CoRoT-2260830031836.fits,2026-08-29,60.0,Clear,163.05592805555557
CoRoT-2,Science,2026-08-30 03:21:15.622000+00:00,2461282.6397641436,CoRoT-2_Session_4,CoRoT-2260830032115.fits,observations/2026-08-30/CoRoT-2/session_01/CoRoT-2260830032115.fits,2026-08-29,60.0,Clear,0.04406583333333333
CoRoT-2,Science,2026-08-30 03:24:17.067000+00:00,2461282.6418642015,CoRoT-2_Session_4,CoRoT-2260830032417.fits,observations/2026-08-30/CoRoT-2/session_01/CoRoT-2260830032417.fits,2026-08-29,60.0,Clear,0.050401388888888884
CoRoT-2,Science,2026-08-30 03:27:16.462000+00:00,2461282.6439405326,CoRoT-2_Session_4,CoRoT-2260830032716.fits,observations/2026-08-30/CoRoT-2/session_01/CoRoT-2260830032716.fits,2026-08-29,60.0,Clear,0.04983194444444445
CoRoT-2,Science,2026-08-30 03:30:15.898000+00:00,2461282.646017338,CoRoT-2_Session_4,CoRoT-2260830033015.fits,observations/2026-08-30/CoRoT-2/session_01/CoRoT-2260830033015.fits,2026-08-29,60.0,Clear,0.04984333333333334
CoRoT-2,Science,2026-08-30 03:33:15.404000+00:00,2461282.6480949535,CoRoT-2_Session_4,CoRoT-2260830033315.fits,observations/2026-08-30/CoRoT-2/session_01/CoRoT-2260830033315.fits,2026-08-29,60.0,Clear,0.04986277777777778
CoRoT-2,Science,2026-08-30 03:36:16.805000+00:00,2461282.6501945024,CoRoT-2_Session_4,CoRoT-2260830033616.fits,observations/2026-08-30/CoRoT-2/session_01/CoRoT-2260830033616.fits,2026-08-29,60.0,Clear,0.05038916666666667
CoRoT-2,Science,2026-08-30 03:39:16.321000+00:00,2461282.6522722337,CoRoT-2_Session_4,CoRoT-2260830033916.fits,observations/2026-08-30/CoRoT-2/session_01/CoRoT-2260830033916.fits,2026-08-29,60.0,Clear,0.04986555555555555
CoRoT-2,Science,2026-08-30 03:42:15.761000+00:00,2461282.654349086,CoRoT-2_Session_4,CoRoT-2260830034215.fits,observations/2026-08-30/CoRoT-2/session_01/CoRoT-2260830034215.fits,2026-08-29,60.0,Clear,0.04984444444444444
CoRoT-2,Science,2026-08-30 03:45:15.139000+00:00,2461282.65642522,CoRoT-2_Session_4,CoRoT-2260830034515.fits,observations/2026-08-30/CoRoT-2/session_01/CoRoT-2260830034515.fits,2026-08-29,60.0,Clear,0.04982722222222222
CoRoT-2,Science,2026-08-30 03:48:16.590000+00:00,2461282.6585253472,CoRoT-2_Session_4,CoRoT-2260830034816.fits,observations/2026-08-30/CoRoT-2/session_01/CoRoT-2260830034816.fits,2026-08-29,60.0,Clear,0.050403055555555555
CoRoT-2,Science,2026-08-30 03:51:16.173000+00:00,2461282.6606038543,CoRoT-2_Session_4,CoRoT-2260830035116.fits,observations/2026-08-30/CoRoT-2/session_01/CoRoT-2260830035116.fits,2026-08-29,60.0,Clear,0.04988416666666667
CoRoT-2,Science,2026-08-30 03:54:15.552000+00:00,2461282.66268,CoRoT-2_Session_4,CoRoT-2260830035415.fits,observations/2026-08-30/CoRoT-2/session_01/CoRoT-2260830035415.fits,2026-08-29,60.0,Clear,0.0498275
CoRoT-2,Science,2026-08-30 03:57:16.158000+00:00,2461282.664770347,CoRoT-2_Session_4,CoRoT-2260830035716.fits,observations/2026-08-30/CoRoT-2/session_01/CoRoT-2260830035716.fits,2026-08-29,60.0,Clear,0.05016833333333333
CoRoT-2,Science,2026-08-30 04:00:15.706000+00:00,2461282.666848449,CoRoT-2_Session_4,CoRoT-2260830040015.fits,observations/2026-08-30/CoRoT-2/session_01/CoRoT-2260830040015.fits,2026-08-29,60.0,Clear,0.04987444444444444
CoRoT-2,Science,2026-08-30 04:03:16.188000+00:00,2461282.6689373613,CoRoT-2_Session_4,CoRoT-2260830040316.fits,observations/2026-08-30/CoRoT-2/session_01/CoRoT-2260830040316.fits,2026-08-29,60.0,Clear,0.05013388888888889
CoRoT-2,Science,2026-08-30 04:06:15.717000+00:00,2461282.671015243,CoRoT-2_Session_4,CoRoT-2260830040615.fits,observations/2026-08-30/CoRoT-2/session_01/CoRoT-2260830040615.fits,2026-08-29,60.0,Clear,0.049869166666666666
CoRoT-2,Science,2026-08-30 04:09:16.244000+00:00,2461282.673104676,CoRoT-2_Session_4,CoRoT-2260830040916.fits,observations/2026-08-30/CoRoT-2/session_01/CoRoT-2260830040916.fits,2026-08-29,60.0,Clear,0.050146388888888886
CoRoT-2,Science,2026-08-30 04:12:15.764000+00:00,2461282.675182454,CoRoT-2_Session_4,CoRoT-2260830041215.fits,observations/2026-08-30/CoRoT-2/session_01/CoRoT-2260830041215.fits,2026-08-29,60.0,Clear,0.04986666666666667
CoRoT-2,Science,2026-08-30 04:15:15.280000+00:00,2461282.677260185,CoRoT-2_Session_4,CoRoT-2260830041515.fits,observations/2026-08-30/CoRoT-2/session_01/CoRoT-2260830041515.fits,2026-08-29,60.0,Clear,0.04986555555555555
CoRoT-2,Science,2026-08-30 04:18:16.584000+00:00,2461282.679358611,CoRoT-2_Session_4,CoRoT-2260830041816.fits,observations/2026-08-30/CoRoT-2/session_01/CoRoT-2260830041816.fits,2026-08-29,60.0,Clear,0.050362222222222225
CoRoT-2,Science,2026-08-30 04:21:16.025000+00:00,2461282.6814354747,CoRoT-2_Session_4,CoRoT-2260830042116.fits,observations/2026-08-30/CoRoT-2/session_01/CoRoT-2260830042116.fits,2026-08-29,60.0,Clear,0.04984472222222222
CoRoT-2,Science,2026-08-30 04:24:15.466000+00:00,2461282.683512338,CoRoT-2_Session_4,CoRoT-2260830042415.fits,observations/2026-08-30/CoRoT-2/session_01/CoRoT-2260830042415.fits,2026-08-29,60.0,Clear,0.04984472222222222
CoRoT-2,Science,2026-08-30 04:27:15.806000+00:00,2461282.6855996065,CoRoT-2_Session_4,CoRoT-2260830042715.fits,observations/2026-08-30/CoRoT-2/session_01/CoRoT-2260830042715.fits,2026-08-29,60.0,Clear,0.05009444444444445
CoRoT-2,Science,2026-08-30 04:30:15.285000+00:00,2461282.68767691,CoRoT-2_Session_4,CoRoT-2260830043015.fits,observations/2026-08-30/CoRoT-2/session_01/CoRoT-2260830043015.fits,2026-08-29,60.0,Clear,0.04985527777777778
CoRoT-2,Science,2026-08-30 04:33:16.662000+00:00,2461282.689776181,CoRoT-2_Session_4,CoRoT-2260830043316.fits,observations/2026-08-30/CoRoT-2/session_01/CoRoT-2260830043316.fits,2026-08-29,60.0,Clear,0.050382500000000004
CoRoT-2,Science,2026-08-30 04:36:16.130000+00:00,2461282.6918533565,CoRoT-2_Session_4,CoRoT-2260830043616.fits,observations/2026-08-30/CoRoT-2/session_01/CoRoT-2260830043616.fits,2026-08-29,60.0,Clear,0.04985222222222222
CoRoT-2,Science,2026-08-30 04:39:16.588000+00:00,2461282.693941991,CoRoT-2_Session_4,CoRoT-2260830043916.fits,observations/2026-08-30/CoRoT-2/session_01/CoRoT-2260830043916.fits,2026-08-29,60.0,Clear,0.05012722222222222
CoRoT-2,Science,2026-08-30 04:42:16.043000+00:00,2461282.696019016,CoRoT-2_Session_4,CoRoT-2260830044216.fits,observations/2026-08-30/CoRoT-2/session_01/CoRoT-2260830044216.fits,2026-08-29,60.0,Clear,0.049848611111111114
CoRoT-2,Science,2026-08-30 04:45:15.396000+00:00,2461282.698094861,CoRoT-2_Session_4,CoRoT-2260830044515.fits,observations/2026-08-30/CoRoT-2/session_01/CoRoT-2260830044515.fits,2026-08-29,60.0,Clear,0.04982027777777778
CoRoT-2,Science,2026-08-30 04:48:15.835000+00:00,2461282.7001832756,CoRoT-2_Session_4,CoRoT-2260830044815.fits,observations/2026-08-30/CoRoT-2/session_01/CoRoT-2260830044815.fits,2026-08-29,60.0,Clear,0.05012194444444444
CoRoT-2,Science,2026-08-30 04:51:15.168000+00:00,2461282.702258889,CoRoT-2_Session_4,CoRoT-2260830045115.fits,observations/2026-08-30/CoRoT-2/session_01/CoRoT-2260830045115.fits,2026-08-29,60.0,Clear,0.04981472222222222
CoRoT-2,Science,2026-08-30 04:54:15.581000+00:00,2461282.7043470023,CoRoT-2_Session_4,CoRoT-2260830045415.fits,observations/2026-08-30/CoRoT-2/session_01/CoRoT-2260830045415.fits,2026-08-29,60.0,Clear,0.05011472222222223
CoRoT-2,Science,2026-08-30 04:57:16.045000+00:00,2461282.706435706,CoRoT-2_Session_4,CoRoT-2260830045716.fits,observations/2026-08-30/CoRoT-2/session_01/CoRoT-2260830045716.fits,2026-08-29,60.0,Clear,0.05012888888888889
CoRoT-2,Science,2026-08-30 05:00:15.458000+00:00,2461282.708512245,CoRoT-2_Session_4,CoRoT-2260830050015.fits,observations/2026-08-30/CoRoT-2/session_01/CoRoT-2260830050015.fits,2026-08-29,60.0,Clear,0.04983694444444445
CoRoT-2,Science,2026-08-30 05:03:15.941000+00:00,2461282.710601169,CoRoT-2_Session_4,CoRoT-2260830050315.fits,observations/2026-08-30/CoRoT-2/session_01/CoRoT-2260830050315.fits,2026-08-29,60.0,Clear,0.05013416666666667
CoRoT-2,Science,2026-08-30 05:06:15.552000+00:00,2461282.71268,CoRoT-2_Session_4,CoRoT-2260830050615.fits,observations/2026-08-30/CoRoT-2/session_01/CoRoT-2260830050615.fits,2026-08-29,60.0,Clear,0.04989194444444444
CoRoT-2,Science,2026-08-30 05:09:15.990000+00:00,2461282.7147684027,CoRoT-2_Session_4,CoRoT-2260830050915.fits,observations/2026-08-30/CoRoT-2/session_01/CoRoT-2260830050915.fits,2026-08-29,60.0,Clear,0.05012166666666666
CoRoT-2,Science,2026-08-30 05:12:16.403000+00:00,2461282.7168565164,CoRoT-2_Session_4,CoRoT-2260830051216.fits,observations/2026-08-30/CoRoT-2/session_01/CoRoT-2260830051216.fits,2026-08-29,60.0,Clear,0.05011472222222223
CoRoT-2,Science,2026-08-30 05:15:15.707000+00:00,2461282.718931794,CoRoT-2_Session_4,CoRoT-2260830051515.fits,observations/2026-08-30/CoRoT-2/session_01/CoRoT-2260830051515.fits,2026-08-29,60.0,Clear,0.049806666666666666
CoRoT-2,Science,2026-08-30 05:18:15.171000+00:00,2461282.721008924,CoRoT-2_Session_4,CoRoT-2260830051815.fits,observations/2026-08-30/CoRoT-2/session_01/CoRoT-2260830051815.fits,2026-08-29,60.0,Clear,0.04985111111111111
CoRoT-2,Science,2026-08-30 05:21:15.636000+00:00,2461282.7230976387,CoRoT-2_Session_4,CoRoT-2260830052115.fits,observations/2026-08-30/CoRoT-2/session_01/CoRoT-2260830052115.fits,2026-08-29,60.0,Clear,0.05012916666666667
CoRoT-2,Science,2026-08-30 05:24:16.144000+00:00,2461282.725186852,CoRoT-2_Session_4,CoRoT-2260830052416.fits,observations/2026-08-30/CoRoT-2/session_01/CoRoT-2260830052416.fits,2026-08-29,60.0,Clear,0.050141111111111115
CoRoT-2,Science,2026-08-30 05:27:15.577000+00:00,2461282.727263623,CoRoT-2_Session_4,CoRoT-2260830052715.fits,observations/2026-08-30/CoRoT-2/session_01/CoRoT-2260830052715.fits,2026-08-29,60.0,Clear,0.0498425
CoRoT-2,Science,2026-08-30 05:30:15.935000+00:00,2461282.7293510996,CoRoT-2_Session_4,CoRoT-2260830053015.fits,observations/2026-08-30/CoRoT-2/session_01/CoRoT-2260830053015.fits,2026-08-29,60.0,Clear,0.050099444444444446
CoRoT-2,Science,2026-08-30 05:33:15.423000+00:00,2461282.731428507,CoRoT-2_Session_4,CoRoT-2260830053315.fits,observations/2026-08-30/CoRoT-2/session_01/CoRoT-2260830053315.fits,2026-08-29,60.0,Clear,0.04985777777777778
CoRoT-2,Science,2026-08-30 05:36:15.917000+00:00,2461282.733517558,CoRoT-2_Session_4,CoRoT-2260830053615.fits,observations/2026-08-30/CoRoT-2/session_01/CoRoT-2260830053615.fits,2026-08-29,60.0,Clear,0.05013722222222222
CoRoT-2,Science,2026-08-30 05:39:16.312000+00:00,2461282.735605463,CoRoT-2_Session_4,CoRoT-2260830053916.fits,observations/2026-08-30/CoRoT-2/session_01/CoRoT-2260830053916.fits,2026-08-29,60.0,Clear,0.05010972222222222
CoRoT-2,Science,2026-08-30 05:42:15.764000+00:00,2461282.737682454,CoRoT-2_Session_4,CoRoT-2260830054215.fits,observations/2026-08-30/CoRoT-2/session_01/CoRoT-2260830054215.fits,2026-08-29,60.0,Clear,0.049847777777777776
CoRoT-2,Science,2026-08-30 05:45:17.026000+00:00,2461282.7397803934,CoRoT-2_Session_4,CoRoT-2260830054517.fits,observations/2026-08-30/CoRoT-2/session_01/CoRoT-2260830054517.fits,2026-08-29,60.0,Clear,0.05035055555555556
CoRoT-2,Science,2026-08-30 05:48:16.444000+00:00,2461282.741856991,CoRoT-2_Session_4,CoRoT-2260830054816.fits,observations/2026-08-30/CoRoT-2/session_01/CoRoT-2260830054816.fits,2026-08-29,60.0,Clear,0.04983833333333333
CoRoT-2,Science,2026-08-30 05:51:16.829000+00:00,2461282.74394478,CoRoT-2_Session_4,CoRoT-2260830055116.fits,observations/2026-08-30/CoRoT-2/session_01/CoRoT-2260830055116.fits,2026-08-29,60.0,Clear,0.05010694444444444
CoRoT-2,Science,2026-08-30 05:54:15.274000+00:00,2461282.746010116,CoRoT-2_Session_4,CoRoT-2260830055415.fits,observations/2026-08-30/CoRoT-2/session_01/CoRoT-2260830055415.fits,2026-08-29,60.0,Clear,0.04956805555555555
CoRoT-2,Science,2026-08-30 05:57:15.694000+00:00,2461282.74809831,CoRoT-2_Session_4,CoRoT-2260830055715.fits,observations/2026-08-30/CoRoT-2/session_01/CoRoT-2260830055715.fits,2026-08-29,60.0,Clear,0.050116666666666664
CoRoT-2,Science,2026-08-30 06:00:15.152000+00:00,2461282.7501753704,CoRoT-2_Session_4,CoRoT-2260830060015.fits,observations/2026-08-30/CoRoT-2/session_01/CoRoT-2260830060015.fits,2026-08-29,60.0,Clear,0.049849444444444446
CoRoT-2,Science,2026-08-30 06:03:15.625000+00:00,2461282.7522641784,CoRoT-2_Session_4,CoRoT-2260830060315.fits,observations/2026-08-30/CoRoT-2/session_01/CoRoT-2260830060315.fits,2026-08-29,60.0,Clear,0.05013138888888889
CoRoT-2,Science,2026-08-30 06:06:16.047000+00:00,2461282.754352396,CoRoT-2_Session_4,CoRoT-2260830060616.fits,observations/2026-08-30/CoRoT-2/session_01/CoRoT-2260830060616.fits,2026-08-29,60.0,Clear,0.05011722222222222
CoRoT-2,Science,2026-08-30 06:09:16.488000+00:00,2461282.756440833,CoRoT-2_Session_4,CoRoT-2260830060916.fits,observations/2026-08-30/CoRoT-2/session_01/CoRoT-2260830060916.fits,2026-08-29,60.0,Clear,0.0501225
CoRoT-2,Science,2026-08-30 06:12:15.933000+00:00,2461282.758517743,CoRoT-2_Session_4,CoRoT-2260830061215.fits,observations/2026-08-30/CoRoT-2/session_01/CoRoT-2260830061215.fits,2026-08-29,60.0,Clear,0.04984583333333333
CoRoT-2,Science,2026-08-30 06:15:16.314000+00:00,2461282.760605486,CoRoT-2_Session_4,CoRoT-2260830061516.fits,observations/2026-08-30/CoRoT-2/session_01/CoRoT-2260830061516.fits,2026-08-29,60.0,Clear,0.050105833333333336
CoRoT-2,Science,2026-08-30 06:18:15.885000+00:00,2461282.762683854,CoRoT-2_Session_4,CoRoT-2260830061815.fits,observations/2026-08-30/CoRoT-2/session_01/CoRoT-2260830061815.fits,2026-08-29,60.0,Clear,0.04988083333333333
CoRoT-2,Science,2026-08-30 06:21:15.278000+00:00,2461282.764760162,CoRoT-2_Session_4,CoRoT-2260830062115.fits,observations/2026-08-30/CoRoT-2/session_01/CoRoT-2260830062115.fits,2026-08-29,60.0,Clear,0.04983138888888889
CoRoT-2,Science,2026-08-30 06:24:15.748000+00:00,2461282.7668489353,CoRoT-2_Session_4,CoRoT-2260830062415.fits,observations/2026-08-30/CoRoT-2/session_01/CoRoT-2260830062415.fits,2026-08-29,60.0,Clear,0.05013055555555555
CoRoT-2,Science,2026-08-30 06:27:16.159000+00:00,2461282.7689370257,CoRoT-2_Session_4,CoRoT-2260830062716.fits,observations/2026-08-30/CoRoT-2/session_01/CoRoT-2260830062716.fits,2026-08-29,60.0,Clear,0.05011416666666667
CoRoT-2,Science,2026-08-30 06:30:15.481000+00:00,2461282.7710125116,CoRoT-2_Session_4,CoRoT-2260830063015.fits,observations/2026-08-30/CoRoT-2/session_01/CoRoT-2260830063015.fits,2026-08-29,60.0,Clear,0.04981166666666667
CoRoT-2,Science,2026-08-30 06:33:15.944000+00:00,2461282.7731012036,CoRoT-2_Session_4,CoRoT-2260830063315.fits,observations/2026-08-30/CoRoT-2/session_01/CoRoT-2260830063315.fits,2026-08-29,60.0,Clear,0.05012861111111111
CoRoT-2,Science,2026-08-30 06:36:15.342000+00:00,2461282.7751775696,CoRoT-2_Session_4,CoRoT-2260830063615.fits,observations/2026-08-30/CoRoT-2/session_01/CoRoT-2260830063615.fits,2026-08-29,60.0,Clear,0.049832777777777774
CoRoT-2,Science,2026-08-30 06:39:15.783000+00:00,2461282.777266007,CoRoT-2_Session_4,CoRoT-2260830063915.fits,observations/2026-08-30/CoRoT-2/session_01/CoRoT-2260830063915.fits,2026-08-29,60.0,Clear,0.0501225
CoRoT-2,Science,2026-08-30 06:42:17.149000+00:00,2461282.7793651503,CoRoT-2_Session_4,CoRoT-2260830064217.fits,observations/2026-08-30/CoRoT-2/session_01/CoRoT-2260830064217.fits,2026-08-29,60.0,Clear,0.05037944444444445
CoRoT-2,Science,2026-08-30 06:45:15.619000+00:00,2461282.7814307753,CoRoT-2_Session_4,CoRoT-2260830064515.fits,observations/2026-08-30/CoRoT-2/session_01/CoRoT-2260830064515.fits,2026-08-29,60.0,Clear,0.049575
CoRoT-2,Science,2026-08-30 06:48:16.017000+00:00,2461282.7835187153,CoRoT-2_Session_4,CoRoT-2260830064816.fits,observations/2026-08-30/CoRoT-2/session_01/CoRoT-2260830064816.fits,2026-08-29,60.0,Clear,0.050110555555555554
CoRoT-2,Science,2026-08-30 06:51:15.541000+00:00,2461282.7855965393,CoRoT-2_Session_4,CoRoT-2260830065115.fits,observations/2026-08-30/CoRoT-2/session_01/CoRoT-2260830065115.fits,2026-08-29,60.0,Clear,0.049867777777777775
CoRoT-2,Science,2026-08-30 06:54:17.032000+00:00,2461282.7876971294,CoRoT-2_Session_4,CoRoT-2260830065417.fits,observations/2026-08-30/CoRoT-2/session_01/CoRoT-2260830065417.fits,2026-08-29,60.0,Clear,0.05041416666666667
CoRoT-2,Science,2026-08-30 06:57:15.526000+00:00,2461282.7897630325,CoRoT-2_Session_4,CoRoT-2260830065715.fits,observations/2026-08-30/CoRoT-2/session_01/CoRoT-2260830065715.fits,2026-08-29,60.0,Clear,0.04958166666666667
CoRoT-2,Science,2026-08-30 07:00:16.085000+00:00,2461282.7918528356,CoRoT-2_Session_4,CoRoT-2260830070016.fits,observations/2026-08-30/CoRoT-2/session_01/CoRoT-2260830070016.fits,2026-08-30,60.0,Clear,0.05015527777777778
CoRoT-2,Science,2026-08-30 07:03:16.619000+00:00,2461282.7939423495,CoRoT-2_Session_4,CoRoT-2260830070316.fits,observations/2026-08-30/CoRoT-2/session_01/CoRoT-2260830070316.fits,2026-08-30,60.0,Clear,0.05014833333333333
CoRoT-2,Science,2026-08-30 07:06:16.057000+00:00,2461282.7960191783,CoRoT-2_Session_4,CoRoT-2260830070616.fits,observations/2026-08-30/CoRoT-2/session_01/CoRoT-2260830070616.fits,2026-08-30,60.0,Clear,0.04984388888888889
CoRoT-2,Science,2026-08-30 07:09:15.495000+00:00,2461282.7980960067,CoRoT-2_Session_4,CoRoT-2260830070915.fits,observations/2026-08-30/CoRoT-2/session_01/CoRoT-2260830070915.fits,2026-08-30,60.0,Clear,0.04984388888888889
CoRoT-2,Science,2026-08-30 07:15:22.839000+00:00,2461282.8023476736,CoRoT-2_Session_4,CoRoT-2260830071522.fits,observations/2026-08-30/CoRoT-2/session_01/CoRoT-2260830071522.fits,2026-08-30,60.0,Clear,0.10203999999999999
CoRoT-2,Science,2026-08-30 07:20:13.959000+00:00,2461282.805717118,CoRoT-2_Session_4,CoRoT-2260830072013.fits,observations/2026-08-30/CoRoT-2/session_01/CoRoT-2260830072013.fits,2026-08-30,60.0,Clear,0.08086666666666667
CoRoT-2,Science,2026-08-30 07:25:04.028000+00:00,2461282.809074398,CoRoT-2_Session_4,CoRoT-2260830072504.fits,observations/2026-08-30/CoRoT-2/session_01/CoRoT-2260830072504.fits,2026-08-30,60.0,Clear,0.08057472222222223
CoRoT-2,Science,2026-08-30 07:26:48.134000+00:00,2461282.810279329,CoRoT-2_Session_4,CoRoT-2260830072648.fits,observations/2026-08-30/CoRoT-2/session_01/CoRoT-2260830072648.fits,2026-08-30,60.0,Clear,0.02891833333333333
CoRoT-2,Science,2026-08-30 07:33:21.527000+00:00,2461282.8148324885,CoRoT-2_Session_4,CoRoT-2260830073321.fits,observations/2026-08-30/CoRoT-2/session_01/CoRoT-2260830073321.fits,2026-08-30,60.0,Clear,0.10927583333333332
CoRoT-2,Science,2026-08-30 07:35:06.686000+00:00,2461282.8160496065,CoRoT-2_Session_4,CoRoT-2260830073506.fits,observations/2026-08-30/CoRoT-2/session_01/CoRoT-2260830073506.fits,2026-08-30,60.0,Clear,0.029210833333333335
CoRoT-2,Science,2026-08-30 07:41:41.037000+00:00,2461282.820613854,CoRoT-2_Session_4,CoRoT-2260830074141.fits,observations/2026-08-30/CoRoT-2/session_01/CoRoT-2260830074141.fits,2026-08-30,60.0,Clear,0.10954194444444444
CoRoT-2,Science,2026-08-30 07:43:25.229000+00:00,2461282.82181978,CoRoT-2_Session_4,CoRoT-2260830074325.fits,observations/2026-08-30/CoRoT-2/session_01/CoRoT-2260830074325.fits,2026-08-30,60.0,Clear,0.02894222222222222
CoRoT-2,Science,2026-08-30 07:48:13.286000+00:00,2461282.825153773,CoRoT-2_Session_4,CoRoT-2260830074813.fits,observations/2026-08-30/CoRoT-2/session_01/CoRoT-2260830074813.fits,2026-08-30,60.0,Clear,0.08001583333333334
Dark-C-,Calibration,2026-08-06 12:45:14.317000+00:00,2461259.031415706,Calibration_Session,Dark-C-260806124514.fits,calibration/2026-08-06/Dark-C-260806124514.fits,2026-08-06,60.0,Opaque,
Dark-C-,Calibration,2026-08-06 12:51:19.482000+00:00,2461259.0356421527,Calibration_Session,Dark-C-260806125119.fits,calibration/2026-08-06/Dark-C-260806125119.fits,2026-08-06,60.0,Opaque,0.10143472222222223
Dark-C-,Calibration,2026-08-07 12:39:49.561000+00:00,2461260.027656956,Calibration_Session,Dark-C-260807123949.fits,calibration/2026-08-07/Dark-C-260807123949.fits,2026-08-07,60.0,Opaque,23.80835527777778
Dark-C-,Calibration,2026-08-07 12:45:53.100000+00:00,2461260.0318645835,Calibration_Session,Dark-C-260807124553.fits,calibration/2026-08-07/Dark-C-260807124553.fits,2026-08-07,60.0,Opaque,0.10098305555555555
Dark-C-,Calibration,2026-08-08 12:37:58.221000+00:00,2461261.0263682986,Calibration_Session,Dark-C-260808123758.fits,calibration/2026-08-08/Dark-C-260808123758.fits,2026-08-08,60.0,Opaque,23.868089166666667
Dark-C-,Calibration,2026-08-08 12:44:01.744000+00:00,2461261.0305757406,Calibration_Session,Dark-C-260808124401.fits,calibration/2026-08-08/Dark-C-260808124401.fits,2026-08-08,60.0,Opaque,0.10097861111111112
Dark-C-,Calibration,2026-08-09 05:20:54.224000+00:00,2461261.7228498147,Calibration_Session,Dark-C-260809052054.fits,calibration/2026-08-09/Dark-C-260809052054.fits,2026-08-08,60.0,Opaque,16.61457777777778
Dark-C-,Calibration,2026-08-09 05:24:57.132000+00:00,2461261.72566125,Calibration_Session,Dark-C-260809052457.fits,calibration/2026-08-09/Dark-C-260809052457.fits,2026-08-08,60.0,Opaque,0.06747444444444443
Dark-C-,Calibration,2026-08-10 12:35:29.930000+00:00,2461263.0246519675,Calibration_Session,Dark-C-260810123529.fits,calibration/2026-08-10/Dark-C-260810123529.fits,2026-08-10,60.0,Opaque,31.17577722222222
Dark-C-,Calibration,2026-08-10 12:41:33.207000+00:00,2461263.0288565625,Calibration_Session,Dark-C-260810124133.fits,calibration/2026-08-10/Dark-C-260810124133.fits,2026-08-10,60.0,Opaque,0.10091027777777778
Dark-C-,Calibration,2026-08-11 06:56:34.330000+00:00,2461263.789286227,Calibration_Session,Dark-C-260811065634.fits,calibration/2026-08-11/Dark-C-260811065634.fits,2026-08-10,60.0,Opaque,18.250311944444448
Dark-C-,Calibration,2026-08-11 07:00:36.347000+00:00,2461263.7920873496,Calibration_Session,Dark-C-260811070036.fits,calibration/2026-08-11/Dark-C-260811070036.fits,2026-08-11,60.0,Opaque,0.06722694444444444
Dark-C-,Calibration,2026-08-12 13:20:17.635000+00:00,2461265.055759664,Calibration_Session,Dark-C-260812132017.fits,calibration/2026-08-12/Dark-C-260812132017.fits,2026-08-12,60.0,Opaque,30.328135555555555
Dark-C-,Calibration,2026-08-12 13:26:34.986000+00:00,2461265.0601271526,Calibration_Session,Dark-C-260812132634.fits,calibration/2026-08-12/Dark-C-260812132634.fits,2026-08-12,60.0,Opaque,0.10481972222222222
Dark-C-,Calibration,2026-08-13 13:12:25.847000+00:00,2461266.050299155,Calibration_Session,Dark-C-260813131225.fits,calibration/2026-08-13/Dark-C-260813131225.fits,2026-08-13,60.0,Opaque,23.764128055555556
Dark-C-,Calibration,2026-08-13 13:18:45.633000+00:00,2461266.0546948262,Calibration_Session,Dark-C-260813131845.fits,calibration/2026-08-13/Dark-C-260813131845.fits,2026-08-13,60.0,Opaque,0.10549611111111111
Dark-C-,Calibration,2026-08-14 04:11:26.211000+00:00,2461266.6746089235,Calibration_Session,Dark-C-260814041126.fits,calibration/2026-08-14/Dark-C-260814041126.fits,2026-08-13,60.0,Opaque,14.877938333333333
Dark-C-,Calibration,2026-08-14 04:15:18.988000+00:00,2461266.677303102,Calibration_Session,Dark-C-260814041518.fits,calibration/2026-08-14/Dark-C-260814041518.fits,2026-08-13,60.0,Opaque,0.06466027777777777
Dark-C-,Calibration,2026-08-15 12:57:51.164000+00:00,2461268.040175509,Calibration_Session,Dark-C-260815125751.fits,calibration/2026-08-15/Dark-C-260815125751.fits,2026-08-15,60.0,Opaque,32.70893777777778
Dark-C-,Calibration,2026-08-15 13:03:50.550000+00:00,2461268.0443350696,Calibration_Session,Dark-C-260815130350.fits,calibration/2026-08-15/Dark-C-260815130350.fits,2026-08-15,60.0,Opaque,0.09982944444444446
Dark-C-,Calibration,2026-08-16 10:51:36.514000+00:00,2461268.952505949,Calibration_Session,Dark-C-260816105136.fits,calibration/2026-08-16/Dark-C-260816105136.fits,2026-08-16,60.0,Opaque,21.796101111111113
Dark-C-,Calibration,2026-08-16 10:54:16.145000+00:00,2461268.95435353,Calibration_Session,Dark-C-260816105416.fits,calibration/2026-08-16/Dark-C-260816105416.fits,2026-08-16,60.0,Opaque,0.04434194444444445
Dark-C-,Calibration,2026-08-17 14:35:29.740000+00:00,2461270.1079831016,Calibration_Session,Dark-C-260817143529.fits,calibration/2026-08-17/Dark-C-260817143529.fits,2026-08-17,60.0,Opaque,27.68710972222222
Dark-C-,Calibration,2026-08-17 14:41:51.931000+00:00,2461270.1124066086,Calibration_Session,Dark-C-260817144151.fits,calibration/2026-08-17/Dark-C-260817144151.fits,2026-08-17,60.0,Opaque,0.10616416666666666
Dark-C-,Calibration,2026-08-18 12:33:05.761000+00:00,2461271.0229833447,Calibration_Session,Dark-C-260818123305.fits,calibration/2026-08-18/Dark-C-260818123305.fits,2026-08-18,60.0,Opaque,21.853841666666668
Dark-C-,Calibration,2026-08-18 12:39:00.016000+00:00,2461271.0270835184,Calibration_Session,Dark-C-260818123900.fits,calibration/2026-08-18/Dark-C-260818123900.fits,2026-08-18,60.0,Opaque,0.09840416666666667
Dark-C-,Calibration,2026-08-19 13:19:08.506000+00:00,2461272.0549595603,Calibration_Session,Dark-C-260819131908.fits,calibration/2026-08-19/Dark-C-260819131908.fits,2026-08-19,60.0,Opaque,24.669025
Dark-C-,Calibration,2026-08-19 13:25:17.001000+00:00,2461272.0592245487,Calibration_Session,Dark-C-260819132516.fits,calibration/2026-08-19/Dark-C-260819132516.fits,2026-08-19,60.0,Opaque,0.10235972222222223
Dark-C-,Calibration,2026-08-20 12:28:15.897000+00:00,2461273.0196284377,Calibration_Session,Dark-C-260820122815.fits,calibration/2026-08-20/Dark-C-260820122815.fits,2026-08-20,60.0,Opaque,23.04969333333333
Dark-C-,Calibration,2026-08-20 12:34:12.250000+00:00,2461273.0237528933,Calibration_Session,Dark-C-260820123412.fits,calibration/2026-08-20/Dark-C-260820123412.fits,2026-08-20,60.0,Opaque,0.09898694444444445
Dark-C-,Calibration,2026-08-21 10:24:39.206000+00:00,2461273.9337871065,Calibration_Session,Dark-C-260821102439.fits,calibration/2026-08-21/Dark-C-260821102439.fits,2026-08-21,60.0,Opaque,21.84082111111111
Dark-C-,Calibration,2026-08-21 10:27:16.785000+00:00,2461273.9356109374,Calibration_Session,Dark-C-260821102716.fits,calibration/2026-08-21/Dark-C-260821102716.fits,2026-08-21,60.0,Opaque,0.04377194444444445
Dark-C-,Calibration,2026-08-22 13:00:05.620000+00:00,2461275.041731713,Calibration_Session,Dark-C-260822130005.fits,calibration/2026-08-22/Dark-C-260822130005.fits,2026-08-22,60.0,Opaque,26.546898611111114
Dark-C-,Calibration,2026-08-22 13:06:12.038000+00:00,2461275.045972662,Calibration_Session,Dark-C-260822130612.fits,calibration/2026-08-22/Dark-C-260822130612.fits,2026-08-22,60.0,Opaque,0.10178277777777778
Dark-C-,Calibration,2026-08-23 13:33:56.267000+00:00,2461276.0652345717,Calibration_Session,Dark-C-260823133356.fits,calibration/2026-08-23/Dark-C-260823133356.fits,2026-08-23,60.0,Opaque,24.462285833333336
Dark-C-,Calibration,2026-08-23 13:40:10.819000+00:00,2461276.0695696645,Calibration_Session,Dark-C-260823134010.fits,calibration/2026-08-23/Dark-C-260823134010.fits,2026-08-23,60.0,Opaque,0.10404222222222223
Dark-C-,Calibration,2026-08-24 08:42:49.434000+00:00,2461276.8630721527,Calibration_Session,Dark-C-260824084249.fits,calibration/2026-08-24/Dark-C-260824084249.fits,2026-08-24,60.0,Opaque,19.044059722222222
Dark-C-,Calibration,2026-08-24 08:45:15.842000+00:00,2461276.86476669,Calibration_Session,Dark-C-260824084515.fits,calibration/2026-08-24/Dark-C-260824084515.fits,2026-08-24,60.0,Opaque,0.040668888888888886
Dark-C-,Calibration,2026-08-25 12:00:49.462000+00:00,2461278.000572477,Calibration_Session,Dark-C-260825120049.fits,calibration/2026-08-25/Dark-C-260825120049.fits,2026-08-25,60.0,Opaque,27.259338888888887
Dark-C-,Calibration,2026-08-25 12:06:41.675000+00:00,2461278.004649016,Calibration_Session,Dark-C-260825120641.fits,calibration/2026-08-25/Dark-C-260825120641.fits,2026-08-25,60.0,Opaque,0.09783694444444445
Dark-C-,Calibration,2026-08-26 13:02:41.789000+00:00,2461279.0435392247,Calibration_Session,Dark-C-260826130241.fits,calibration/2026-08-26/Dark-C-260826130241.fits,2026-08-26,60.0,Opaque,24.933365000000002
Dark-C-,Calibration,2026-08-26 13:08:52.099000+00:00,2461279.04782522,Calibration_Session,Dark-C-260826130852.fits,calibration/2026-08-26/Dark-C-260826130852.fits,2026-08-26,60.0,Opaque,0.1028638888888889
Dark-C-,Calibration,2026-08-27 11:48:53.307000+00:00,2461279.992283646,Calibration_Session,Dark-C-260827114853.fits,calibration/2026-08-27/Dark-C-260827114853.fits,2026-08-27,60.0,Opaque,22.667002222222223
Dark-C-,Calibration,2026-08-27 11:51:15.819000+00:00,2461279.9939330905,Calibration_Session,Dark-C-260827115115.fits,calibration/2026-08-27/Dark-C-260827115115.fits,2026-08-27,60.0,Opaque,0.039586666666666666
Dark-C-,Calibration,2026-08-28 12:26:43.025000+00:00,2461281.01855353,Calibration_Session,Dark-C-260828122643.fits,calibration/2026-08-28/Dark-C-260828122643.fits,2026-08-28,60.0,Opaque,24.590890555555557
Dark-C-,Calibration,2026-08-28 12:32:45.416000+00:00,2461281.0227478705,Calibration_Session,Dark-C-260828123245.fits,calibration/2026-08-28/Dark-C-260828123245.fits,2026-08-28,60.0,Opaque,0.10066416666666667
Dark-C-,Calibration,2026-08-29 13:06:48.353000+00:00,2461282.0463929744,Calibration_Session,Dark-C-260829130648.fits,calibration/2026-08-29/Dark-C-260829130648.fits,2026-08-29,60.0,Opaque,24.5674825
Dark-C-,Calibration,2026-08-29 13:12:51.536000+00:00,2461282.0505964817,Calibration_Session,Dark-C-260829131251.fits,calibration/2026-08-29/Dark-C-260829131251.fits,2026-08-29,60.0,Opaque,0.10088416666666666
Dark-C-,Calibration,2026-08-30 10:59:47.047000+00:00,2461282.9581834143,Calibration_Session,Dark-C-260830105947.fits,calibration/2026-08-30/Dark-C-260830105947.fits,2026-08-30,60.0,Opaque,21.78208638888889
Dark-C-,Calibration,2026-08-30 11:01:32.314000+00:00,2461282.9594017826,Calibration_Session,Dark-C-260830110132.fits,calibration/2026-08-30/Dark-C-260830110132.fits,2026-08-30,60.0,Opaque,0.02924083333333333
Dark-C-,Calibration,2026-08-31 07:12:52.968000+00:00,2461283.8006130555,Calibration_Session,Dark-C-260831071252.fits,calibration/2026-08-31/Dark-C-260831071252.fits,2026-08-31,60.0,Opaque,20.189070555555553
Dark-C-,Calibration,2026-08-31 07:15:15.460000+00:00,2461283.8022622685,Calibration_Session,Dark-C-260831071515.fits,calibration/2026-08-31/Dark-C-260831071515.fits,2026-08-31,60.0,Opaque,0.03958111111111111
Dark-C-,Calibration,2026-09-01 12:55:58.446000+00:00,2461285.0388709027,Calibration_Session,Dark-C-260901125558.fits,calibration/2026-09-01/Dark-C-260901125558.fits,2026-09-01,60.0,Opaque,29.678607222222222
Dark-C-,Calibration,2026-09-01 13:01:58.670000+00:00,2461285.043040162,Calibration_Session,Dark-C-260901130158.fits,calibration/2026-09-01/Dark-C-260901130158.fits,2026-09-01,60.0,Opaque,0.10006222222222222
Dark-C-,Calibration,2026-09-02 12:29:59.635000+00:00,2461286.020829109,Calibration_Session,Dark-C-260902122959.fits,calibration/2026-09-02/Dark-C-260902122959.fits,2026-09-02,60.0,Opaque,23.46693472222222
Dark-C-,Calibration,2026-09-02 12:35:55.839000+00:00,2461286.0249518403,Calibration_Session,Dark-C-260902123555.fits,calibration/2026-09-02/Dark-C-260902123555.fits,2026-09-02,60.0,Opaque,0.09894555555555556
Dark-C-,Calibration,2026-09-03 10:10:18.709000+00:00,2461286.9238276505,Calibration_Session,Dark-C-260903101018.fits,calibration/2026-09-03/Dark-C-260903101018.fits,2026-09-03,60.0,Opaque,21.573019444444444
Dark-C-,Calibration,2026-09-03 10:12:15.974000+00:00,2461286.925184884,Calibration_Session,Dark-C-260903101215.fits,calibration/2026-09-03/Dark-C-260903101215.fits,2026-09-03,60.0,Opaque,0.03257361111111111
Dark-C-,Calibration,2026-09-05 12:27:32.804000+00:00,2461289.019129676,Calibration_Session,Dark-C-260905122732.fits,calibration/2026-09-05/Dark-C-260905122732.fits,2026-09-05,60.0,Opaque,50.254675
Dark-C-,Calibration,2026-09-05 12:33:30.158000+00:00,2461289.0232657176,Calibration_Session,Dark-C-260905123330.fits,calibration/2026-09-05/Dark-C-260905123330.fits,2026-09-05,60.0,Opaque,0.09926499999999999
Qatar-1,Science,2026-08-18 08:24:49.906000+00:00,2461270.8505776157,Qatar-1_Session_1,Qatar-1260818082449.fits,observations/2026-08-18/Qatar-1/session_01/Qatar-1260818082449.fits,2026-08-18,60.0,Clear,
Qatar-1,Science,2026-08-18 08:27:15.461000+00:00,2461270.85226228,Qatar-1_Session_1,Qatar-1260818082715.fits,observations/2026-08-18/Qatar-1/session_01/Qatar-1260818082715.fits,2026-08-18,60.0,Clear,0.040431944444444444
Qatar-1,Science,2026-08-18 08:30:16.788000+00:00,2461270.854360972,Qatar-1_Session_1,Qatar-1260818083016.fits,observations/2026-08-18/Qatar-1/session_01/Qatar-1260818083016.fits,2026-08-18,60.0,Clear,0.050368611111111114
Qatar-1,Science,2026-08-18 08:33:16.158000+00:00,2461270.856437014,Qatar-1_Session_1,Qatar-1260818083316.fits,observations/2026-08-18/Qatar-1/session_01/Qatar-1260818083316.fits,2026-08-18,60.0,Clear,0.049825
Qatar-1,Science,2026-08-18 08:36:15.528000+00:00,2461270.8585130554,Qatar-1_Session_1,Qatar-1260818083615.fits,observations/2026-08-18/Qatar-1/session_01/Qatar-1260818083615.fits,2026-08-18,60.0,Clear,0.049825
Qatar-1,Science,2026-08-18 08:39:16.942000+00:00,2461270.8606127547,Qatar-1_Session_1,Qatar-1260818083916.fits,observations/2026-08-18/Qatar-1/session_01/Qatar-1260818083916.fits,2026-08-18,60.0,Clear,0.05039277777777777
Qatar-1,Science,2026-08-18 08:42:15.374000+00:00,2461270.8626779397,Qatar-1_Session_1,Qatar-1260818084215.fits,observations/2026-08-18/Qatar-1/session_01/Qatar-1260818084215.fits,2026-08-18,60.0,Clear,0.04956444444444444
Qatar-1,Science,2026-08-18 08:45:15.732000+00:00,2461270.864765417,Qatar-1_Session_1,Qatar-1260818084515.fits,observations/2026-08-18/Qatar-1/session_01/Qatar-1260818084515.fits,2026-08-18,60.0,Clear,0.050099444444444446
Qatar-1,Science,2026-08-18 08:48:15.174000+00:00,2461270.866842292,Qatar-1_Session_1,Qatar-1260818084815.fits,observations/2026-08-18/Qatar-1/session_01/Qatar-1260818084815.fits,2026-08-18,60.0,Clear,0.049845
Qatar-1,Science,2026-08-18 08:51:15.476000+00:00,2461270.8689291202,Qatar-1_Session_1,Qatar-1260818085115.fits,observations/2026-08-18/Qatar-1/session_01/Qatar-1260818085115.fits,2026-08-18,60.0,Clear,0.050083888888888886
Qatar-1,Science,2026-08-18 08:54:15.830000+00:00,2461270.871016551,Qatar-1_Session_1,Qatar-1260818085415.fits,observations/2026-08-18/Qatar-1/session_01/Qatar-1260818085415.fits,2026-08-18,60.0,Clear,0.050098333333333335
Qatar-1,Science,2026-08-18 08:57:16.249000+00:00,2461270.873104734,Qatar-1_Session_1,Qatar-1260818085716.fits,observations/2026-08-18/Qatar-1/session_01/Qatar-1260818085716.fits,2026-08-18,60.0,Clear,0.05011638888888889
Qatar-1,Science,2026-08-18 09:00:16.671000+00:00,2461270.8751929514,Qatar-1_Session_1,Qatar-1260818090016.fits,observations/2026-08-18/Qatar-1/session_01/Qatar-1260818090016.fits,2026-08-18,60.0,Clear,0.05011722222222222
Qatar-1,Science,2026-08-18 09:03:16.918000+00:00,2461270.8772791433,Qatar-1_Session_1,Qatar-1260818090316.fits,observations/2026-08-18/Qatar-1/session_01/Qatar-1260818090316.fits,2026-08-18,60.0,Clear,0.05006861111111111
Qatar-1,Science,2026-08-18 09:06:15.169000+00:00,2461270.8793422338,Qatar-1_Session_1,Qatar-1260818090615.fits,observations/2026-08-18/Qatar-1/session_01/Qatar-1260818090615.fits,2026-08-18,60.0,Clear,0.049514166666666665
Qatar-1,Science,2026-08-18 09:09:15.591000+00:00,2461270.8814304513,Qatar-1_Session_1,Qatar-1260818090915.fits,observations/2026-08-18/Qatar-1/session_01/Qatar-1260818090915.fits,2026-08-18,60.0,Clear,0.05011722222222222
Qatar-1,Science,2026-08-18 09:12:15.971000+00:00,2461270.8835181827,Qatar-1_Session_1,Qatar-1260818091215.fits,observations/2026-08-18/Qatar-1/session_01/Qatar-1260818091215.fits,2026-08-18,60.0,Clear,0.050105555555555556
Qatar-1,Science,2026-08-18 09:15:15.198000+00:00,2461270.8855925696,Qatar-1_Session_1,Qatar-1260818091515.fits,observations/2026-08-18/Qatar-1/session_01/Qatar-1260818091515.fits,2026-08-18,60.0,Clear,0.049785277777777776
Qatar-1,Science,2026-08-18 09:18:16.537000+00:00,2461270.8876914005,Qatar-1_Session_1,Qatar-1260818091816.fits,observations/2026-08-18/Qatar-1/session_01/Qatar-1260818091816.fits,2026-08-18,60.0,Clear,0.05037194444444444
Qatar-1,Science,2026-08-18 09:21:17.011000+00:00,2461270.88978022,Qatar-1_Session_1,Qatar-1260818092117.fits,observations/2026-08-18/Qatar-1/session_01/Qatar-1260818092117.fits,2026-08-18,60.0,Clear,0.050131666666666665
Qatar-1,Science,2026-08-18 09:24:15.300000+00:00,2461270.89184375,Qatar-1_Session_1,Qatar-1260818092415.fits,observations/2026-08-18/Qatar-1/session_01/Qatar-1260818092415.fits,2026-08-18,60.0,Clear,0.04952472222222222
Qatar-1,Science,2026-08-18 09:27:15.667000+00:00,2461270.893931331,Qatar-1_Session_1,Qatar-1260818092715.fits,observations/2026-08-18/Qatar-1/session_01/Qatar-1260818092715.fits,2026-08-18,60.0,Clear,0.05010194444444444
Qatar-1,Science,2026-08-18 09:30:15.977000+00:00,2461270.8960182522,Qatar-1_Session_1,Qatar-1260818093015.fits,observations/2026-08-18/Qatar-1/session_01/Qatar-1260818093015.fits,2026-08-18,60.0,Clear,0.05008611111111111
Qatar-1,Science,2026-08-18 09:33:16.341000+00:00,2461270.8981057988,Qatar-1_Session_1,Qatar-1260818093316.fits,observations/2026-08-18/Qatar-1/session_01/Qatar-1260818093316.fits,2026-08-18,60.0,Clear,0.05010111111111111
Qatar-1,Science,2026-08-18 09:36:15.845000+00:00,2461270.9001833913,Qatar-1_Session_1,Qatar-1260818093615.fits,observations/2026-08-18/Qatar-1/session_01/Qatar-1260818093615.fits,2026-08-18,60.0,Clear,0.04986222222222222
Qatar-1,Science,2026-08-18 09:39:16.175000+00:00,2461270.902270544,Qatar-1_Session_1,Qatar-1260818093916.fits,observations/2026-08-18/Qatar-1/session_01/Qatar-1260818093916.fits,2026-08-18,60.0,Clear,0.05009166666666667
Qatar-1,Science,2026-08-18 09:42:16.561000+00:00,2461270.904358345,Qatar-1_Session_1,Qatar-1260818094216.fits,observations/2026-08-18/Qatar-1/session_01/Qatar-1260818094216.fits,2026-08-18,60.0,Clear,0.05010722222222222
Qatar-1,Science,2026-08-18 09:45:16.032000+00:00,2461270.906435556,Qatar-1_Session_1,Qatar-1260818094516.fits,observations/2026-08-18/Qatar-1/session_01/Qatar-1260818094516.fits,2026-08-18,60.0,Clear,0.04985305555555555
Qatar-1,Science,2026-08-18 09:48:15.299000+00:00,2461270.908510405,Qatar-1_Session_1,Qatar-1260818094815.fits,observations/2026-08-18/Qatar-1/session_01/Qatar-1260818094815.fits,2026-08-18,60.0,Clear,0.04979638888888889
Qatar-1,Science,2026-08-18 09:51:16.638000+00:00,2461270.910609236,Qatar-1_Session_1,Qatar-1260818095116.fits,observations/2026-08-18/Qatar-1/session_01/Qatar-1260818095116.fits,2026-08-18,60.0,Clear,0.05037194444444444
Qatar-1,Science,2026-08-18 09:54:16.034000+00:00,2461270.9126855787,Qatar-1_Session_1,Qatar-1260818095416.fits,observations/2026-08-18/Qatar-1/session_01/Qatar-1260818095416.fits,2026-08-18,60.0,Clear,0.049832222222222215
Qatar-1,Science,2026-08-18 09:57:15.381000+00:00,2461270.914761354,Qatar-1_Session_1,Qatar-1260818095715.fits,observations/2026-08-18/Qatar-1/session_01/Qatar-1260818095715.fits,2026-08-18,60.0,Clear,0.04981861111111111
Qatar-1,Science,2026-08-18 10:00:15.797000+00:00,2461270.9168495024,Qatar-1_Session_1,Qatar-1260818100015.fits,observations/2026-08-18/Qatar-1/session_01/Qatar-1260818100015.fits,2026-08-18,60.0,Clear,0.05011555555555555
Qatar-1,Science,2026-08-18 10:03:15.243000+00:00,2461270.9189264234,Qatar-1_Session_1,Qatar-1260818100315.fits,observations/2026-08-18/Qatar-1/session_01/Qatar-1260818100315.fits,2026-08-18,60.0,Clear,0.04984611111111111
Qatar-1,Science,2026-08-18 10:06:16.554000+00:00,2461270.9210249307,Qatar-1_Session_1,Qatar-1260818100616.fits,observations/2026-08-18/Qatar-1/session_01/Qatar-1260818100616.fits,2026-08-18,60.0,Clear,0.05036416666666667
Qatar-1,Science,2026-08-18 10:09:15.930000+00:00,2461270.9231010415,Qatar-1_Session_1,Qatar-1260818100915.fits,observations/2026-08-18/Qatar-1/session_01/Qatar-1260818100915.fits,2026-08-18,60.0,Clear,0.049826666666666665
Qatar-1,Science,2026-08-18 10:12:15.259000+00:00,2461270.925176609,Qatar-1_Session_1,Qatar-1260818101215.fits,observations/2026-08-18/Qatar-1/session_01/Qatar-1260818101215.fits,2026-08-18,60.0,Clear,0.049813611111111114
Qatar-1,Science,2026-08-18 10:15:15.654000+00:00,2461270.927264514,Qatar-1_Session_1,Qatar-1260818101515.fits,observations/2026-08-18/Qatar-1/session_01/Qatar-1260818101515.fits,2026-08-18,60.0,Clear,0.05010972222222222
Qatar-1,Science,2026-08-18 10:18:17.049000+00:00,2461270.929363993,Qatar-1_Session_1,Qatar-1260818101817.fits,observations/2026-08-18/Qatar-1/session_01/Qatar-1260818101817.fits,2026-08-18,60.0,Clear,0.0503875
Qatar-1,Science,2026-08-18 10:21:15.414000+00:00,2461270.9314284027,Qatar-1_Session_1,Qatar-1260818102115.fits,observations/2026-08-18/Qatar-1/session_01/Qatar-1260818102115.fits,2026-08-18,60.0,Clear,0.04954583333333334
Qatar-1,Science,2026-08-18 10:24:15.801000+00:00,2461270.933516215,Qatar-1_Session_1,Qatar-1260818102415.fits,observations/2026-08-18/Qatar-1/session_01/Qatar-1260818102415.fits,2026-08-18,60.0,Clear,0.0501075
Qatar-1,Science,2026-08-18 10:27:16.223000+00:00,2461270.935604433,Qatar-1_Session_1,Qatar-1260818102716.fits,observations/2026-08-18/Qatar-1/session_01/Qatar-1260818102716.fits,2026-08-18,60.0,Clear,0.05011722222222222
Qatar-1,Science,2026-08-18 10:30:15.814000+00:00,2461270.9376830324,Qatar-1_Session_1,Qatar-1260818103015.fits,observations/2026-08-18/Qatar-1/session_01/Qatar-1260818103015.fits,2026-08-18,60.0,Clear,0.04988638888888889
Qatar-1,Science,2026-08-18 10:33:15.292000+00:00,2461270.939760324,Qatar-1_Session_1,Qatar-1260818103315.fits,observations/2026-08-18/Qatar-1/session_01/Qatar-1260818103315.fits,2026-08-18,60.0,Clear,0.049855000000000003
Qatar-1,Science,2026-08-18 10:36:15.674000+00:00,2461270.9418480787,Qatar-1_Session_1,Qatar-1260818103615.fits,observations/2026-08-18/Qatar-1/session_01/Qatar-1260818103615.fits,2026-08-18,60.0,Clear,0.050106111111111115
Qatar-1,Science,2026-08-18 10:39:16.084000+00:00,2461270.9439361575,Qatar-1_Session_1,Qatar-1260818103916.fits,observations/2026-08-18/Qatar-1/session_01/Qatar-1260818103916.fits,2026-08-18,60.0,Clear,0.05011388888888889
Qatar-1,Science,2026-08-18 10:42:16.433000+00:00,2461270.94602353,Qatar-1_Session_1,Qatar-1260818104216.fits,observations/2026-08-18/Qatar-1/session_01/Qatar-1260818104216.fits,2026-08-18,60.0,Clear,0.050096944444444444
Qatar-1,Science,2026-08-18 10:45:15.777000+00:00,2461270.948099271,Qatar-1_Session_1,Qatar-1260818104515.fits,observations/2026-08-18/Qatar-1/session_01/Qatar-1260818104515.fits,2026-08-18,60.0,Clear,0.04981777777777777
Qatar-1,Science,2026-08-18 10:48:15.250000+00:00,2461270.9501765044,Qatar-1_Session_1,Qatar-1260818104815.fits,observations/2026-08-18/Qatar-1/session_01/Qatar-1260818104815.fits,2026-08-18,60.0,Clear,0.04985361111111111
Qatar-1,Science,2026-08-18 10:51:15.620000+00:00,2461270.9522641203,Qatar-1_Session_1,Qatar-1260818105115.fits,observations/2026-08-18/Qatar-1/session_01/Qatar-1260818105115.fits,2026-08-18,60.0,Clear,0.05010277777777778
Qatar-1,Science,2026-08-18 10:54:15.852000+00:00,2461270.954350139,Qatar-1_Session_1,Qatar-1260818105415.fits,observations/2026-08-18/Qatar-1/session_01/Qatar-1260818105415.fits,2026-08-18,60.0,Clear,0.050064444444444446
Qatar-1,Science,2026-08-18 10:57:15.254000+00:00,2461270.956426551,Qatar-1_Session_1,Qatar-1260818105715.fits,observations/2026-08-18/Qatar-1/session_01/Qatar-1260818105715.fits,2026-08-18,60.0,Clear,0.049833888888888886
Qatar-1,Science,2026-08-18 11:00:15.648000+00:00,2461270.9585144445,Qatar-1_Session_1,Qatar-1260818110015.fits,observations/2026-08-18/Qatar-1/session_01/Qatar-1260818110015.fits,2026-08-18,60.0,Clear,0.05010944444444444
Qatar-1,Science,2026-08-18 11:03:16.063000+00:00,2461270.960602581,Qatar-1_Session_1,Qatar-1260818110316.fits,observations/2026-08-18/Qatar-1/session_01/Qatar-1260818110316.fits,2026-08-18,60.0,Clear,0.05011527777777777
Qatar-1,Science,2026-08-18 11:06:15.572000+00:00,2461270.9626802313,Qatar-1_Session_1,Qatar-1260818110615.fits,observations/2026-08-18/Qatar-1/session_01/Qatar-1260818110615.fits,2026-08-18,60.0,Clear,0.04986361111111111
Qatar-1,Science,2026-08-18 11:09:17.023000+00:00,2461270.9647803586,Qatar-1_Session_1,Qatar-1260818110917.fits,observations/2026-08-18/Qatar-1/session_01/Qatar-1260818110917.fits,2026-08-18,60.0,Clear,0.050403055555555555
Qatar-1,Science,2026-08-18 11:12:15.445000+00:00,2461270.966845428,Qatar-1_Session_1,Qatar-1260818111215.fits,observations/2026-08-18/Qatar-1/session_01/Qatar-1260818111215.fits,2026-08-18,60.0,Clear,0.049561666666666664
Qatar-1,Science,2026-08-18 11:15:16.800000+00:00,2461270.9689444443,Qatar-1_Session_1,Qatar-1260818111516.fits,observations/2026-08-18/Qatar-1/session_01/Qatar-1260818111516.fits,2026-08-18,60.0,Clear,0.05037638888888889
Qatar-1,Science,2026-08-18 11:18:16.265000+00:00,2461270.9710215856,Qatar-1_Session_1,Qatar-1260818111816.fits,observations/2026-08-18/Qatar-1/session_01/Qatar-1260818111816.fits,2026-08-18,60.0,Clear,0.04985138888888889
Qatar-1,Science,2026-08-18 11:21:15.755000+00:00,2461270.973099016,Qatar-1_Session_1,Qatar-1260818112115.fits,observations/2026-08-18/Qatar-1/session_01/Qatar-1260818112115.fits,2026-08-18,60.0,Clear,0.04985833333333334
Qatar-1,Science,2026-08-18 11:24:15.210000+00:00,2461270.9751760415,Qatar-1_Session_1,Qatar-1260818112415.fits,observations/2026-08-18/Qatar-1/session_01/Qatar-1260818112415.fits,2026-08-18,60.0,Clear,0.049848611111111114
Qatar-1,Science,2026-08-18 11:27:15.441000+00:00,2461270.9772620485,Qatar-1_Session_1,Qatar-1260818112715.fits,observations/2026-08-18/Qatar-1/session_01/Qatar-1260818112715.fits,2026-08-18,60.0,Clear,0.05006416666666667
Qatar-1,Science,2026-08-18 11:30:15.918000+00:00,2461270.9793509026,Qatar-1_Session_1,Qatar-1260818113015.fits,observations/2026-08-18/Qatar-1/session_01/Qatar-1260818113015.fits,2026-08-18,60.0,Clear,0.0501325
Qatar-1,Science,2026-08-18 11:33:15.255000+00:00,2461270.9814265626,Qatar-1_Session_1,Qatar-1260818113315.fits,observations/2026-08-18/Qatar-1/session_01/Qatar-1260818113315.fits,2026-08-18,60.0,Clear,0.04981583333333333
Qatar-1,Science,2026-08-18 11:36:15.666000+00:00,2461270.9835146526,Qatar-1_Session_1,Qatar-1260818113615.fits,observations/2026-08-18/Qatar-1/session_01/Qatar-1260818113615.fits,2026-08-18,60.0,Clear,0.05011416666666667
Qatar-1,Science,2026-08-18 11:39:16.126000+00:00,2461270.98560331,Qatar-1_Session_1,Qatar-1260818113916.fits,observations/2026-08-18/Qatar-1/session_01/Qatar-1260818113916.fits,2026-08-18,60.0,Clear,0.05012777777777778
Qatar-1,Science,2026-08-18 11:42:15.504000+00:00,2461270.9876794443,Qatar-1_Session_1,Qatar-1260818114215.fits,observations/2026-08-18/Qatar-1/session_01/Qatar-1260818114215.fits,2026-08-18,60.0,Clear,0.04982722222222222
Qatar-1,Science,2026-08-18 11:45:16.900000+00:00,2461270.989778935,Qatar-1_Session_1,Qatar-1260818114516.fits,observations/2026-08-18/Qatar-1/session_01/Qatar-1260818114516.fits,2026-08-18,60.0,Clear,0.050387777777777774
Qatar-1,Science,2026-08-18 11:48:15.188000+00:00,2461270.991842454,Qatar-1_Session_1,Qatar-1260818114815.fits,observations/2026-08-18/Qatar-1/session_01/Qatar-1260818114815.fits,2026-08-18,60.0,Clear,0.04952444444444445
Qatar-1,Science,2026-08-18 11:51:15.609000+00:00,2461270.9939306597,Qatar-1_Session_1,Qatar-1260818115115.fits,observations/2026-08-18/Qatar-1/session_01/Qatar-1260818115115.fits,2026-08-18,60.0,Clear,0.05011694444444444
Qatar-1,Science,2026-08-18 11:54:15.992000+00:00,2461270.996018426,Qatar-1_Session_1,Qatar-1260818115415.fits,observations/2026-08-18/Qatar-1/session_01/Qatar-1260818115415.fits,2026-08-18,60.0,Clear,0.050106388888888895
Qatar-1,Science,2026-08-18 12:02:04.180000+00:00,2461271.0014372687,Qatar-1_Session_1,Qatar-1260818120204.fits,observations/2026-08-18/Qatar-1/session_01/Qatar-1260818120204.fits,2026-08-18,60.0,Clear,0.1300522222222222
Qatar-1,Science,2026-08-18 12:09:55.376000+00:00,2461271.006890926,Qatar-1_Session_1,Qatar-1260818120955.fits,observations/2026-08-18/Qatar-1/session_01/Qatar-1260818120955.fits,2026-08-18,60.0,Clear,0.1308877777777778
Qatar-1,Science,2026-08-18 12:17:50.523000+00:00,2461271.0123903123,Qatar-1_Session_1,Qatar-1260818121750.fits,observations/2026-08-18/Qatar-1/session_01/Qatar-1260818121750.fits,2026-08-18,60.0,Clear,0.13198527777777777
Qatar-1,Science,2026-08-18 12:25:45.780000+00:00,2461271.017890972,Qatar-1_Session_1,Qatar-1260818122545.fits,observations/2026-08-18/Qatar-1/session_01/Qatar-1260818122545.fits,2026-08-18,60.0,Clear,0.13201583333333333
Qatar-1,Science,2026-08-21 04:37:41.530000+00:00,2461273.6928417822,Qatar-1_Session_2,Qatar-1260821043741.fits,observations/2026-08-21/Qatar-1/session_01/Qatar-1260821043741.fits,2026-08-20,60.0,Clear,64.19881944444444
Qatar-1,Science,2026-08-21 04:39:27.733000+00:00,2461273.6940709837,Qatar-1_Session_2,Qatar-1260821043927.fits,observations/2026-08-21/Qatar-1/session_01/Qatar-1260821043927.fits,2026-08-20,60.0,Clear,0.029500833333333334
Qatar-1,Science,2026-08-21 04:42:19.066000+00:00,2461273.6960540046,Qatar-1_Session_2,Qatar-1260821044219.fits,observations/2026-08-21/Qatar-1/session_01/Qatar-1260821044219.fits,2026-08-20,60.0,Clear,0.0475925
Qatar-1,Science,2026-08-21 04:45:15.463000+00:00,2461273.6980956364,Qatar-1_Session_2,Qatar-1260821044515.fits,observations/2026-08-21/Qatar-1/session_01/Qatar-1260821044515.fits,2026-08-20,60.0,Clear,0.04899916666666666
Qatar-1,Science,2026-08-21 04:48:16.847000+00:00,2461273.7001949884,Qatar-1_Session_2,Qatar-1260821044816.fits,observations/2026-08-21/Qatar-1/session_01/Qatar-1260821044816.fits,2026-08-20,60.0,Clear,0.05038444444444444
Qatar-1,Science,2026-08-21 04:51:16.189000+00:00,2461273.702270706,Qatar-1_Session_2,Qatar-1260821045116.fits,observations/2026-08-21/Qatar-1/session_01/Qatar-1260821045116.fits,2026-08-20,60.0,Clear,0.04981722222222223
Qatar-1,Science,2026-08-21 04:54:15.602000+00:00,2461273.7043472454,Qatar-1_Session_2,Qatar-1260821045415.fits,observations/2026-08-21/Qatar-1/session_01/Qatar-1260821045415.fits,2026-08-20,60.0,Clear,0.04983694444444445
Qatar-1,Science,2026-08-21 04:57:15.895000+00:00,2461273.70643397,Qatar-1_Session_2,Qatar-1260821045715.fits,observations/2026-08-21/Qatar-1/session_01/Qatar-1260821045715.fits,2026-08-20,60.0,Clear,0.05008138888888889
Qatar-1,Science,2026-08-21 05:00:15.306000+00:00,2461273.708510486,Qatar-1_Session_2,Qatar-1260821050015.fits,observations/2026-08-21/Qatar-1/session_01/Qatar-1260821050015.fits,2026-08-20,60.0,Clear,0.04983638888888889
Qatar-1,Science,2026-08-21 05:03:15.579000+00:00,2461273.710596979,Qatar-1_Session_2,Qatar-1260821050315.fits,observations/2026-08-21/Qatar-1/session_01/Qatar-1260821050315.fits,2026-08-20,60.0,Clear,0.05007583333333333
Qatar-1,Science,2026-08-21 05:06:15.933000+00:00,2461273.7126844097,Qatar-1_Session_2,Qatar-1260821050615.fits,observations/2026-08-21/Qatar-1/session_01/Qatar-1260821050615.fits,2026-08-20,60.0,Clear,0.050098333333333335
Qatar-1,Science,2026-08-21 05:09:15.234000+00:00,2461273.714759653,Qatar-1_Session_2,Qatar-1260821050915.fits,observations/2026-08-21/Qatar-1/session_01/Qatar-1260821050915.fits,2026-08-20,60.0,Clear,0.04980583333333333
Qatar-1,Science,2026-08-21 05:12:16.638000+00:00,2461273.716859236,Qatar-1_Session_2,Qatar-1260821051216.fits,observations/2026-08-21/Qatar-1/session_01/Qatar-1260821051216.fits,2026-08-20,60.0,Clear,0.05039
Qatar-1,Science,2026-08-21 05:15:16.077000+00:00,2461273.7189360764,Qatar-1_Session_2,Qatar-1260821051516.fits,observations/2026-08-21/Qatar-1/session_01/Qatar-1260821051516.fits,2026-08-20,60.0,Clear,0.04984416666666666
Qatar-1,Science,2026-08-21 05:18:15.424000+00:00,2461273.721011852,Qatar-1_Session_2,Qatar-1260821051815.fits,observations/2026-08-21/Qatar-1/session_01/Qatar-1260821051815.fits,2026-08-20,60.0,Clear,0.04981861111111111
Qatar-1,Science,2026-08-21 05:21:16.649000+00:00,2461273.7231093636,Qatar-1_Session_2,Qatar-1260821052116.fits,observations/2026-08-21/Qatar-1/session_01/Qatar-1260821052116.fits,2026-08-20,60.0,Clear,0.050340277777777775
Qatar-1,Science,2026-08-21 05:24:16.983000+00:00,2461273.7251965627,Qatar-1_Session_2,Qatar-1260821052416.fits,observations/2026-08-21/Qatar-1/session_01/Qatar-1260821052416.fits,2026-08-20,60.0,Clear,0.05009277777777778
Qatar-1,Science,2026-08-21 05:27:15.287000+00:00,2461273.7272602664,Qatar-1_Session_2,Qatar-1260821052715.fits,observations/2026-08-21/Qatar-1/session_01/Qatar-1260821052715.fits,2026-08-20,60.0,Clear,0.049528888888888886
Qatar-1,Science,2026-08-21 05:30:15.874000+00:00,2461273.7293503936,Qatar-1_Session_2,Qatar-1260821053015.fits,observations/2026-08-21/Qatar-1/session_01/Qatar-1260821053015.fits,2026-08-20,60.0,Clear,0.05016305555555555
Qatar-1,Science,2026-08-21 05:33:15.288000+00:00,2461273.7314269445,Qatar-1_Session_2,Qatar-1260821053315.fits,observations/2026-08-21/Qatar-1/session_01/Qatar-1260821053315.fits,2026-08-20,60.0,Clear,0.04983722222222222
Qatar-1,Science,2026-08-21 05:36:16.718000+00:00,2461273.7335268287,Qatar-1_Session_2,Qatar-1260821053616.fits,observations/2026-08-21/Qatar-1/session_01/Qatar-1260821053616.fits,2026-08-20,60.0,Clear,0.050397222222222225
Qatar-1,Science,2026-08-21 05:39:16.949000+00:00,2461273.7356128357,Qatar-1_Session_2,Qatar-1260821053916.fits,observations/2026-08-21/Qatar-1/session_01/Qatar-1260821053916.fits,2026-08-20,60.0,Clear,0.05006416666666667
Qatar-1,Science,2026-08-21 05:42:15.366000+00:00,2461273.737677847,Qatar-1_Session_2,Qatar-1260821054215.fits,observations/2026-08-21/Qatar-1/session_01/Qatar-1260821054215.fits,2026-08-20,60.0,Clear,0.04956027777777778
Qatar-1,Science,2026-08-21 05:45:15.790000+00:00,2461273.739766088,Qatar-1_Session_2,Qatar-1260821054515.fits,observations/2026-08-21/Qatar-1/session_01/Qatar-1260821054515.fits,2026-08-20,60.0,Clear,0.05011777777777778
Qatar-1,Science,2026-08-21 05:48:15.156000+00:00,2461273.741842083,Qatar-1_Session_2,Qatar-1260821054815.fits,observations/2026-08-21/Qatar-1/session_01/Qatar-1260821054815.fits,2026-08-20,60.0,Clear,0.04982388888888889
Qatar-1,Science,2026-08-21 05:51:15.486000+00:00,2461273.743929236,Qatar-1_Session_2,Qatar-1260821055115.fits,observations/2026-08-21/Qatar-1/session_01/Qatar-1260821055115.fits,2026-08-20,60.0,Clear,0.05009166666666667
Qatar-1,Science,2026-08-21 05:54:15.858000+00:00,2461273.746016875,Qatar-1_Session_2,Qatar-1260821055415.fits,observations/2026-08-21/Qatar-1/session_01/Qatar-1260821055415.fits,2026-08-20,60.0,Clear,0.05010333333333334
Qatar-1,Science,2026-08-21 05:57:15.228000+00:00,2461273.748092917,Qatar-1_Session_2,Qatar-1260821055715.fits,observations/2026-08-21/Qatar-1/session_01/Qatar-1260821055715.fits,2026-08-20,60.0,Clear,0.049825
Qatar-1,Science,2026-08-21 06:00:16.582000+00:00,2461273.7501919214,Qatar-1_Session_2,Qatar-1260821060016.fits,observations/2026-08-21/Qatar-1/session_01/Qatar-1260821060016.fits,2026-08-20,60.0,Clear,0.050376111111111115
Qatar-1,Science,2026-08-21 06:03:16.966000+00:00,2461273.752279699,Qatar-1_Session_2,Qatar-1260821060316.fits,observations/2026-08-21/Qatar-1/session_01/Qatar-1260821060316.fits,2026-08-20,60.0,Clear,0.05010666666666666
Qatar-1,Science,2026-08-21 06:06:15.335000+00:00,2461273.754344155,Qatar-1_Session_2,Qatar-1260821060615.fits,observations/2026-08-21/Qatar-1/session_01/Qatar-1260821060615.fits,2026-08-20,60.0,Clear,0.04954694444444444
Qatar-1,Science,2026-08-21 06:09:15.711000+00:00,2461273.7564318404,Qatar-1_Session_2,Qatar-1260821060915.fits,observations/2026-08-21/Qatar-1/session_01/Qatar-1260821060915.fits,2026-08-20,60.0,Clear,0.050104444444444445
Qatar-1,Science,2026-08-21 06:12:16.144000+00:00,2461273.758520185,Qatar-1_Session_2,Qatar-1260821061216.fits,observations/2026-08-21/Qatar-1/session_01/Qatar-1260821061216.fits,2026-08-20,60.0,Clear,0.05012027777777778
Qatar-1,Science,2026-08-21 06:15:16.607000+00:00,2461273.7606088775,Qatar-1_Session_2,Qatar-1260821061516.fits,observations/2026-08-21/Qatar-1/session_01/Qatar-1260821061516.fits,2026-08-20,60.0,Clear,0.05012861111111111
Qatar-1,Science,2026-08-21 06:18:16.040000+00:00,2461273.762685648,Qatar-1_Session_2,Qatar-1260821061816.fits,observations/2026-08-21/Qatar-1/session_01/Qatar-1260821061816.fits,2026-08-20,60.0,Clear,0.0498425
Qatar-1,Science,2026-08-21 06:21:15.427000+00:00,2461273.7647618866,Qatar-1_Session_2,Qatar-1260821062115.fits,observations/2026-08-21/Qatar-1/session_01/Qatar-1260821062115.fits,2026-08-20,60.0,Clear,0.04982972222222222
Qatar-1,Science,2026-08-21 06:24:15.982000+00:00,2461273.7668516436,Qatar-1_Session_2,Qatar-1260821062415.fits,observations/2026-08-21/Qatar-1/session_01/Qatar-1260821062415.fits,2026-08-20,60.0,Clear,0.050154166666666666
Qatar-1,Science,2026-08-21 06:27:15.420000+00:00,2461273.7689284724,Qatar-1_Session_2,Qatar-1260821062715.fits,observations/2026-08-21/Qatar-1/session_01/Qatar-1260821062715.fits,2026-08-20,60.0,Clear,0.04984388888888889
Qatar-1,Science,2026-08-21 06:30:15.871000+00:00,2461273.7710170257,Qatar-1_Session_2,Qatar-1260821063015.fits,observations/2026-08-21/Qatar-1/session_01/Qatar-1260821063015.fits,2026-08-20,60.0,Clear,0.050125277777777776
Qatar-1,Science,2026-08-21 06:33:15.360000+00:00,2461273.7730944445,Qatar-1_Session_2,Qatar-1260821063315.fits,observations/2026-08-21/Qatar-1/session_01/Qatar-1260821063315.fits,2026-08-20,60.0,Clear,0.04985805555555556
Qatar-1,Science,2026-08-21 06:36:15.843000+00:00,2461273.775183368,Qatar-1_Session_2,Qatar-1260821063615.fits,observations/2026-08-21/Qatar-1/session_01/Qatar-1260821063615.fits,2026-08-20,60.0,Clear,0.05013416666666667
Qatar-1,Science,2026-08-21 06:39:15.176000+00:00,2461273.7772589815,Qatar-1_Session_2,Qatar-1260821063915.fits,observations/2026-08-21/Qatar-1/session_01/Qatar-1260821063915.fits,2026-08-20,60.0,Clear,0.04981472222222222
Qatar-1,Science,2026-08-21 06:42:15.503000+00:00,2461273.7793460996,Qatar-1_Session_2,Qatar-1260821064215.fits,observations/2026-08-21/Qatar-1/session_01/Qatar-1260821064215.fits,2026-08-20,60.0,Clear,0.050090833333333334
Qatar-1,Science,2026-08-21 06:45:15.874000+00:00,2461273.7814337267,Qatar-1_Session_2,Qatar-1260821064515.fits,observations/2026-08-21/Qatar-1/session_01/Qatar-1260821064515.fits,2026-08-20,60.0,Clear,0.05010305555555556
Qatar-1,Science,2026-08-21 06:48:15.170000+00:00,2461273.783508912,Qatar-1_Session_2,Qatar-1260821064815.fits,observations/2026-08-21/Qatar-1/session_01/Qatar-1260821064815.fits,2026-08-20,60.0,Clear,0.04980444444444444
Qatar-1,Science,2026-08-21 06:51:15.492000+00:00,2461273.785595972,Qatar-1_Session_2,Qatar-1260821065115.fits,observations/2026-08-21/Qatar-1/session_01/Qatar-1260821065115.fits,2026-08-20,60.0,Clear,0.05008944444444444
Qatar-1,Science,2026-08-21 06:54:15.786000+00:00,2461273.7876827084,Qatar-1_Session_2,Qatar-1260821065415.fits,observations/2026-08-21/Qatar-1/session_01/Qatar-1260821065415.fits,2026-08-20,60.0,Clear,0.05008166666666667
Qatar-1,Science,2026-08-21 06:57:15.172000+00:00,2461273.789758935,Qatar-1_Session_2,Qatar-1260821065715.fits,observations/2026-08-21/Qatar-1/session_01/Qatar-1260821065715.fits,2026-08-20,60.0,Clear,0.04982944444444444
Qatar-1,Science,2026-08-21 07:00:15.575000+00:00,2461273.791846933,Qatar-1_Session_2,Qatar-1260821070015.fits,observations/2026-08-21/Qatar-1/session_01/Qatar-1260821070015.fits,2026-08-21,60.0,Clear,0.050111944444444445
Qatar-1,Science,2026-08-21 07:03:15.933000+00:00,2461273.7939344095,Qatar-1_Session_2,Qatar-1260821070315.fits,observations/2026-08-21/Qatar-1/session_01/Qatar-1260821070315.fits,2026-08-21,60.0,Clear,0.050099444444444446
Qatar-1,Science,2026-08-21 07:06:16.302000+00:00,2461273.7960220138,Qatar-1_Session_2,Qatar-1260821070616.fits,observations/2026-08-21/Qatar-1/session_01/Qatar-1260821070616.fits,2026-08-21,60.0,Clear,0.0501025
Qatar-1,Science,2026-08-21 07:09:15.690000+00:00,2461273.798098264,Qatar-1_Session_2,Qatar-1260821070915.fits,observations/2026-08-21/Qatar-1/session_01/Qatar-1260821070915.fits,2026-08-21,60.0,Clear,0.04983
Qatar-1,Science,2026-08-21 07:12:16.208000+00:00,2461273.8001875924,Qatar-1_Session_2,Qatar-1260821071216.fits,observations/2026-08-21/Qatar-1/session_01/Qatar-1260821071216.fits,2026-08-21,60.0,Clear,0.05014388888888889
Qatar-1,Science,2026-08-21 07:15:15.597000+00:00,2461273.802263854,Qatar-1_Session_2,Qatar-1260821071515.fits,observations/2026-08-21/Qatar-1/session_01/Qatar-1260821071515.fits,2026-08-21,60.0,Clear,0.04983027777777778
Qatar-1,Science,2026-08-21 07:18:17.025000+00:00,2461273.8043637155,Qatar-1_Session_2,Qatar-1260821071817.fits,observations/2026-08-21/Qatar-1/session_01/Qatar-1260821071817.fits,2026-08-21,60.0,Clear,0.050396666666666666
Qatar-1,Science,2026-08-21 07:21:15.362000+00:00,2461273.806427801,Qatar-1_Session_2,Qatar-1260821072115.fits,observations/2026-08-21/Qatar-1/session_01/Qatar-1260821072115.fits,2026-08-21,60.0,Clear,0.04953805555555555
Qatar-1,Science,2026-08-21 07:24:15.672000+00:00,2461273.808514722,Qatar-1_Session_2,Qatar-1260821072415.fits,observations/2026-08-21/Qatar-1/session_01/Qatar-1260821072415.fits,2026-08-21,60.0,Clear,0.05008611111111111
Qatar-1,Science,2026-08-21 07:27:17.117000+00:00,2461273.81061478,Qatar-1_Session_2,Qatar-1260821072717.fits,observations/2026-08-21/Qatar-1/session_01/Qatar-1260821072717.fits,2026-08-21,60.0,Clear,0.050401388888888884
Qatar-1,Science,2026-08-21 07:30:15.537000+00:00,2461273.8126798263,Qatar-1_Session_2,Qatar-1260821073015.fits,observations/2026-08-21/Qatar-1/session_01/Qatar-1260821073015.fits,2026-08-21,60.0,Clear,0.049561111111111104
Qatar-1,Science,2026-08-21 07:33:16.018000+00:00,2461273.814768727,Qatar-1_Session_2,Qatar-1260821073316.fits,observations/2026-08-21/Qatar-1/session_01/Qatar-1260821073316.fits,2026-08-21,60.0,Clear,0.05013361111111111
Qatar-1,Science,2026-08-21 07:36:15.462000+00:00,2461273.816845625,Qatar-1_Session_2,Qatar-1260821073615.fits,observations/2026-08-21/Qatar-1/session_01/Qatar-1260821073615.fits,2026-08-21,60.0,Clear,0.04984555555555555
Qatar-1,Science,2026-08-21 07:39:16.778000+00:00,2461273.8189441897,Qatar-1_Session_2,Qatar-1260821073916.fits,observations/2026-08-21/Qatar-1/session_01/Qatar-1260821073916.fits,2026-08-21,60.0,Clear,0.05036555555555556
Qatar-1,Science,2026-08-21 07:42:17.046000+00:00,2461273.821030625,Qatar-1_Session_2,Qatar-1260821074217.fits,observations/2026-08-21/Qatar-1/session_01/Qatar-1260821074217.fits,2026-08-21,60.0,Clear,0.05007444444444444
Qatar-1,Science,2026-08-21 07:45:15.332000+00:00,2461273.8230941202,Qatar-1_Session_2,Qatar-1260821074515.fits,observations/2026-08-21/Qatar-1/session_01/Qatar-1260821074515.fits,2026-08-21,60.0,Clear,0.04952388888888889
Qatar-1,Science,2026-08-21 07:48:15.873000+00:00,2461273.825183715,Qatar-1_Session_2,Qatar-1260821074815.fits,observations/2026-08-21/Qatar-1/session_01/Qatar-1260821074815.fits,2026-08-21,60.0,Clear,0.05015027777777778
Qatar-1,Science,2026-08-21 07:51:15.291000+00:00,2461273.8272603126,Qatar-1_Session_2,Qatar-1260821075115.fits,observations/2026-08-21/Qatar-1/session_01/Qatar-1260821075115.fits,2026-08-21,60.0,Clear,0.04983833333333333
Qatar-1,Science,2026-08-21 07:54:15.752000+00:00,2461273.8293489814,Qatar-1_Session_2,Qatar-1260821075415.fits,observations/2026-08-21/Qatar-1/session_01/Qatar-1260821075415.fits,2026-08-21,60.0,Clear,0.05012805555555556
Qatar-1,Science,2026-08-21 07:57:15.235000+00:00,2461273.831426331,Qatar-1_Session_2,Qatar-1260821075715.fits,observations/2026-08-21/Qatar-1/session_01/Qatar-1260821075715.fits,2026-08-21,60.0,Clear,0.04985638888888889
Qatar-1,Science,2026-08-21 08:00:16.681000+00:00,2461273.8335264004,Qatar-1_Session_2,Qatar-1260821080016.fits,observations/2026-08-21/Qatar-1/session_01/Qatar-1260821080016.fits,2026-08-21,60.0,Clear,0.050401666666666664
Qatar-1,Science,2026-08-21 08:03:16.050000+00:00,2461273.8356024306,Qatar-1_Session_2,Qatar-1260821080316.fits,observations/2026-08-21/Qatar-1/session_01/Qatar-1260821080316.fits,2026-08-21,60.0,Clear,0.04982472222222222
Qatar-1,Science,2026-08-21 08:06:15.381000+00:00,2461273.837678021,Qatar-1_Session_2,Qatar-1260821080615.fits,observations/2026-08-21/Qatar-1/session_01/Qatar-1260821080615.fits,2026-08-21,60.0,Clear,0.049814166666666666
Qatar-1,Science,2026-08-21 08:09:16.781000+00:00,2461273.8397775576,Qatar-1_Session_2,Qatar-1260821080916.fits,observations/2026-08-21/Qatar-1/session_01/Qatar-1260821080916.fits,2026-08-21,60.0,Clear,0.05038888888888889
Qatar-1,Science,2026-08-21 08:12:15.185000+00:00,2461273.841842419,Qatar-1_Session_2,Qatar-1260821081215.fits,observations/2026-08-21/Qatar-1/session_01/Qatar-1260821081215.fits,2026-08-21,60.0,Clear,0.049556666666666666
Qatar-1,Science,2026-08-21 08:15:15.581000+00:00,2461273.8439303357,Qatar-1_Session_2,Qatar-1260821081515.fits,observations/2026-08-21/Qatar-1/session_01/Qatar-1260821081515.fits,2026-08-21,60.0,Clear,0.050109999999999995
Qatar-1,Science,2026-08-28 07:00:36.825000+00:00,2461280.792092882,Qatar-1_Session_3,Qatar-1260828070036.fits,observations/2026-08-28/Qatar-1/session_01/Qatar-1260828070036.fits,2026-08-28,60.0,Clear,166.7559011111111
Qatar-1,Science,2026-08-28 07:03:15.385000+00:00,2461280.793928067,Qatar-1_Session_3,Qatar-1260828070315.fits,observations/2026-08-28/Qatar-1/session_01/Qatar-1260828070315.fits,2026-08-28,60.0,Clear,0.04404444444444444
Qatar-1,Science,2026-08-28 07:06:15.816000+00:00,2461280.796016389,Qatar-1_Session_3,Qatar-1260828070615.fits,observations/2026-08-28/Qatar-1/session_01/Qatar-1260828070615.fits,2026-08-28,60.0,Clear,0.050119722222222225
Qatar-1,Science,2026-08-28 07:09:15.161000+00:00,2461280.7980921413,Qatar-1_Session_3,Qatar-1260828070915.fits,observations/2026-08-28/Qatar-1/session_01/Qatar-1260828070915.fits,2026-08-28,60.0,Clear,0.04981805555555555
Qatar-1,Science,2026-08-28 07:12:15.602000+00:00,2461280.8001805786,Qatar-1_Session_3,Qatar-1260828071215.fits,observations/2026-08-28/Qatar-1/session_01/Qatar-1260828071215.fits,2026-08-28,60.0,Clear,0.0501225
Qatar-1,Science,2026-08-28 07:15:16.963000+00:00,2461280.802279664,Qatar-1_Session_3,Qatar-1260828071516.fits,observations/2026-08-28/Qatar-1/session_01/Qatar-1260828071516.fits,2026-08-28,60.0,Clear,0.05037805555555555
Qatar-1,Science,2026-08-28 07:18:15.526000+00:00,2461280.804346366,Qatar-1_Session_3,Qatar-1260828071815.fits,observations/2026-08-28/Qatar-1/session_01/Qatar-1260828071815.fits,2026-08-28,60.0,Clear,0.04960083333333333
Qatar-1,Science,2026-08-28 07:21:15.944000+00:00,2461280.806434537,Qatar-1_Session_3,Qatar-1260828072115.fits,observations/2026-08-28/Qatar-1/session_01/Qatar-1260828072115.fits,2026-08-28,60.0,Clear,0.05011611111111111
Qatar-1,Science,2026-08-28 07:24:15.288000+00:00,2461280.808510278,Qatar-1_Session_3,Qatar-1260828072415.fits,observations/2026-08-28/Qatar-1/session_01/Qatar-1260828072415.fits,2026-08-28,60.0,Clear,0.04981777777777777
Qatar-1,Science,2026-08-28 07:27:16.763000+00:00,2461280.8106106827,Qatar-1_Session_3,Qatar-1260828072716.fits,observations/2026-08-28/Qatar-1/session_01/Qatar-1260828072716.fits,2026-08-28,60.0,Clear,0.050409722222222224
Qatar-1,Science,2026-08-28 07:30:16.117000+00:00,2461280.8126865393,Qatar-1_Session_3,Qatar-1260828073016.fits,observations/2026-08-28/Qatar-1/session_01/Qatar-1260828073016.fits,2026-08-28,60.0,Clear,0.04982055555555556
Qatar-1,Science,2026-08-28 07:33:15.719000+00:00,2461280.814765266,Qatar-1_Session_3,Qatar-1260828073315.fits,observations/2026-08-28/Qatar-1/session_01/Qatar-1260828073315.fits,2026-08-28,60.0,Clear,0.049889444444444445
Qatar-1,Science,2026-08-28 07:36:16.096000+00:00,2461280.816852963,Qatar-1_Session_3,Qatar-1260828073616.fits,observations/2026-08-28/Qatar-1/session_01/Qatar-1260828073616.fits,2026-08-28,60.0,Clear,0.050104722222222224
Qatar-1,Science,2026-08-28 07:39:15.552000+00:00,2461280.81893,Qatar-1_Session_3,Qatar-1260828073915.fits,observations/2026-08-28/Qatar-1/session_01/Qatar-1260828073915.fits,2026-08-28,60.0,Clear,0.04984888888888889
Qatar-1,Science,2026-08-28 07:42:16.279000+00:00,2461280.821021748,Qatar-1_Session_3,Qatar-1260828074216.fits,observations/2026-08-28/Qatar-1/session_01/Qatar-1260828074216.fits,2026-08-28,60.0,Clear,0.050201944444444445
Qatar-1,Science,2026-08-28 07:45:15.741000+00:00,2461280.823098854,Qatar-1_Session_3,Qatar-1260828074515.fits,observations/2026-08-28/Qatar-1/session_01/Qatar-1260828074515.fits,2026-08-28,60.0,Clear,0.04985055555555555
Qatar-1,Science,2026-08-28 07:48:15.179000+00:00,2461280.825175683,Qatar-1_Session_3,Qatar-1260828074815.fits,observations/2026-08-28/Qatar-1/session_01/Qatar-1260828074815.fits,2026-08-28,60.0,Clear,0.04984388888888889
Qatar-1,Science,2026-08-28 07:51:16.591000+00:00,2461280.8272753586,Qatar-1_Session_3,Qatar-1260828075116.fits,observations/2026-08-28/Qatar-1/session_01/Qatar-1260828075116.fits,2026-08-28,60.0,Clear,0.05039222222222223
Qatar-1,Science,2026-08-28 07:54:16.079000+00:00,2461280.8293527663,Qatar-1_Session_3,Qatar-1260828075416.fits,observations/2026-08-28/Qatar-1/session_01/Qatar-1260828075416.fits,2026-08-28,60.0,Clear,0.04985777777777778
Qatar-1,Science,2026-08-28 07:57:15.496000+00:00,2461280.831429352,Qatar-1_Session_3,Qatar-1260828075715.fits,observations/2026-08-28/Qatar-1/session_01/Qatar-1260828075715.fits,2026-08-28,60.0,Clear,0.04983805555555556
Qatar-1,Science,2026-08-28 08:00:16.966000+00:00,2461280.833529699,Qatar-1_Session_3,Qatar-1260828080016.fits,observations/2026-08-28/Qatar-1/session_01/Qatar-1260828080016.fits,2026-08-28,60.0,Clear,0.05040833333333333
Qatar-1,Science,2026-08-28 08:03:15.476000+00:00,2461280.835595787,Qatar-1_Session_3,Qatar-1260828080315.fits,observations/2026-08-28/Qatar-1/session_01/Qatar-1260828080315.fits,2026-08-28,60.0,Clear,0.04958611111111111
Qatar-1,Science,2026-08-28 08:06:15.920000+00:00,2461280.8376842593,Qatar-1_Session_3,Qatar-1260828080615.fits,observations/2026-08-28/Qatar-1/session_01/Qatar-1260828080615.fits,2026-08-28,60.0,Clear,0.05012333333333333
Qatar-1,Science,2026-08-28 08:09:15.393000+00:00,2461280.8397614933,Qatar-1_Session_3,Qatar-1260828080915.fits,observations/2026-08-28/Qatar-1/session_01/Qatar-1260828080915.fits,2026-08-28,60.0,Clear,0.04985361111111111
Qatar-1,Science,2026-08-28 08:12:15.875000+00:00,2461280.841850405,Qatar-1_Session_3,Qatar-1260828081215.fits,observations/2026-08-28/Qatar-1/session_01/Qatar-1260828081215.fits,2026-08-28,60.0,Clear,0.05013388888888889
Qatar-1,Science,2026-08-28 08:15:15.316000+00:00,2461280.8439272684,Qatar-1_Session_3,Qatar-1260828081515.fits,observations/2026-08-28/Qatar-1/session_01/Qatar-1260828081515.fits,2026-08-28,60.0,Clear,0.04984472222222222
Qatar-1,Science,2026-08-28 08:18:15.654000+00:00,2461280.846014514,Qatar-1_Session_3,Qatar-1260828081815.fits,observations/2026-08-28/Qatar-1/session_01/Qatar-1260828081815.fits,2026-08-28,60.0,Clear,0.05009388888888889
Qatar-1,Science,2026-08-28 08:21:15.156000+00:00,2461280.8480920834,Qatar-1_Session_3,Qatar-1260828082115.fits,observations/2026-08-28/Qatar-1/session_01/Qatar-1260828082115.fits,2026-08-28,60.0,Clear,0.04986166666666667
Qatar-1,Science,2026-08-28 08:24:15.730000+00:00,2461280.85018206,Qatar-1_Session_3,Qatar-1260828082415.fits,observations/2026-08-28/Qatar-1/session_01/Qatar-1260828082415.fits,2026-08-28,60.0,Clear,0.05015944444444445
Qatar-1,Science,2026-08-28 08:27:16.146000+00:00,2461280.8522702083,Qatar-1_Session_3,Qatar-1260828082716.fits,observations/2026-08-28/Qatar-1/session_01/Qatar-1260828082716.fits,2026-08-28,60.0,Clear,0.05011555555555555
Qatar-1,Science,2026-08-28 08:30:15.449000+00:00,2461280.8543454744,Qatar-1_Session_3,Qatar-1260828083015.fits,observations/2026-08-28/Qatar-1/session_01/Qatar-1260828083015.fits,2026-08-28,60.0,Clear,0.049806388888888886
Qatar-1,Science,2026-08-28 08:33:15.885000+00:00,2461280.856433854,Qatar-1_Session_3,Qatar-1260828083315.fits,observations/2026-08-28/Qatar-1/session_01/Qatar-1260828083315.fits,2026-08-28,60.0,Clear,0.050121111111111116
Qatar-1,Science,2026-08-28 08:36:15.361000+00:00,2461280.858511123,Qatar-1_Session_3,Qatar-1260828083615.fits,observations/2026-08-28/Qatar-1/session_01/Qatar-1260828083615.fits,2026-08-28,60.0,Clear,0.049854444444444444
Qatar-1,Science,2026-08-28 08:39:15.767000+00:00,2461280.860599155,Qatar-1_Session_3,Qatar-1260828083915.fits,observations/2026-08-28/Qatar-1/session_01/Qatar-1260828083915.fits,2026-08-28,60.0,Clear,0.05011277777777778
Qatar-1,Science,2026-08-28 08:42:15.200000+00:00,2461280.8626759257,Qatar-1_Session_3,Qatar-1260828084215.fits,observations/2026-08-28/Qatar-1/session_01/Qatar-1260828084215.fits,2026-08-28,60.0,Clear,0.0498425
Qatar-1,Science,2026-08-28 08:45:15.574000+00:00,2461280.864763588,Qatar-1_Session_3,Qatar-1260828084515.fits,observations/2026-08-28/Qatar-1/session_01/Qatar-1260828084515.fits,2026-08-28,60.0,Clear,0.050103888888888885
Qatar-1,Science,2026-08-28 08:48:15.915000+00:00,2461280.866850868,Qatar-1_Session_3,Qatar-1260828084815.fits,observations/2026-08-28/Qatar-1/session_01/Qatar-1260828084815.fits,2026-08-28,60.0,Clear,0.05009472222222222
Qatar-1,Science,2026-08-28 08:51:15.242000+00:00,2461280.868926412,Qatar-1_Session_3,Qatar-1260828085115.fits,observations/2026-08-28/Qatar-1/session_01/Qatar-1260828085115.fits,2026-08-28,60.0,Clear,0.049813055555555555
Qatar-1,Science,2026-08-28 08:54:15.757000+00:00,2461280.871015706,Qatar-1_Session_3,Qatar-1260828085415.fits,observations/2026-08-28/Qatar-1/session_01/Qatar-1260828085415.fits,2026-08-28,60.0,Clear,0.05014305555555555
Qatar-1,Science,2026-08-28 08:57:16.088000+00:00,2461280.8731028703,Qatar-1_Session_3,Qatar-1260828085716.fits,observations/2026-08-28/Qatar-1/session_01/Qatar-1260828085716.fits,2026-08-28,60.0,Clear,0.05009194444444444
Qatar-1,Science,2026-08-28 09:00:15.358000+00:00,2461280.8751777546,Qatar-1_Session_3,Qatar-1260828090015.fits,observations/2026-08-28/Qatar-1/session_01/Qatar-1260828090015.fits,2026-08-28,60.0,Clear,0.04979722222222222
Qatar-1,Science,2026-08-28 09:03:16.731000+00:00,2461280.8772769794,Qatar-1_Session_3,Qatar-1260828090316.fits,observations/2026-08-28/Qatar-1/session_01/Qatar-1260828090316.fits,2026-08-28,60.0,Clear,0.050381388888888885
Qatar-1,Science,2026-08-28 09:06:16.064000+00:00,2461280.8793525924,Qatar-1_Session_3,Qatar-1260828090616.fits,observations/2026-08-28/Qatar-1/session_01/Qatar-1260828090616.fits,2026-08-28,60.0,Clear,0.04981472222222222
Qatar-1,Science,2026-08-28 09:09:15.399000+00:00,2461280.881428229,Qatar-1_Session_3,Qatar-1260828090915.fits,observations/2026-08-28/Qatar-1/session_01/Qatar-1260828090915.fits,2026-08-28,60.0,Clear,0.04981527777777778
Qatar-1,Science,2026-08-28 09:12:15.867000+00:00,2461280.883516979,Qatar-1_Session_3,Qatar-1260828091215.fits,observations/2026-08-28/Qatar-1/session_01/Qatar-1260828091215.fits,2026-08-28,60.0,Clear,0.050129999999999994
Qatar-1,Science,2026-08-28 09:15:15.447000+00:00,2461280.8855954516,Qatar-1_Session_3,Qatar-1260828091515.fits,observations/2026-08-28/Qatar-1/session_01/Qatar-1260828091515.fits,2026-08-28,60.0,Clear,0.049883333333333335
Qatar-1,Science,2026-08-28 09:18:15.922000+00:00,2461280.8876842824,Qatar-1_Session_3,Qatar-1260828091815.fits,observations/2026-08-28/Qatar-1/session_01/Qatar-1260828091815.fits,2026-08-28,60.0,Clear,0.050131944444444444
Qatar-1,Science,2026-08-28 09:21:15.248000+00:00,2461280.889759815,Qatar-1_Session_3,Qatar-1260828092115.fits,observations/2026-08-28/Qatar-1/session_01/Qatar-1260828092115.fits,2026-08-28,60.0,Clear,0.049812777777777775
Qatar-1,Science,2026-08-28 09:24:16.776000+00:00,2461280.8918608334,Qatar-1_Session_3,Qatar-1260828092416.fits,observations/2026-08-28/Qatar-1/session_01/Qatar-1260828092416.fits,2026-08-28,60.0,Clear,0.050424444444444445
Qatar-1,Science,2026-08-28 09:27:16.152000+00:00,2461280.8939369447,Qatar-1_Session_3,Qatar-1260828092716.fits,observations/2026-08-28/Qatar-1/session_01/Qatar-1260828092716.fits,2026-08-28,60.0,Clear,0.049826666666666665
Qatar-1,Science,2026-08-28 09:30:16.599000+00:00,2461280.8960254514,Qatar-1_Session_3,Qatar-1260828093016.fits,observations/2026-08-28/Qatar-1/session_01/Qatar-1260828093016.fits,2026-08-28,60.0,Clear,0.050124166666666664
Qatar-1,Science,2026-08-28 09:33:15.449000+00:00,2461280.8980954746,Qatar-1_Session_3,Qatar-1260828093315.fits,observations/2026-08-28/Qatar-1/session_01/Qatar-1260828093315.fits,2026-08-28,60.0,Clear,0.049680555555555554
Qatar-1,Science,2026-08-28 09:36:15.825000+00:00,2461280.90018316,Qatar-1_Session_3,Qatar-1260828093615.fits,observations/2026-08-28/Qatar-1/session_01/Qatar-1260828093615.fits,2026-08-28,60.0,Clear,0.050104444444444445
Qatar-1,Science,2026-08-28 09:39:15.262000+00:00,2461280.902259977,Qatar-1_Session_3,Qatar-1260828093915.fits,observations/2026-08-28/Qatar-1/session_01/Qatar-1260828093915.fits,2026-08-28,60.0,Clear,0.049843611111111116
Qatar-1,Science,2026-08-28 09:42:15.725000+00:00,2461280.904348669,Qatar-1_Session_3,Qatar-1260828094215.fits,observations/2026-08-28/Qatar-1/session_01/Qatar-1260828094215.fits,2026-08-28,60.0,Clear,0.05012861111111111
Qatar-1,Science,2026-08-28 09:45:16.062000+00:00,2461280.9064359027,Qatar-1_Session_3,Qatar-1260828094516.fits,observations/2026-08-28/Qatar-1/session_01/Qatar-1260828094516.fits,2026-08-28,60.0,Clear,0.05009361111111111
Qatar-1,Science,2026-08-28 09:48:15.444000+00:00,2461280.9085120833,Qatar-1_Session_3,Qatar-1260828094815.fits,observations/2026-08-28/Qatar-1/session_01/Qatar-1260828094815.fits,2026-08-28,60.0,Clear,0.049828333333333336
Qatar-1,Science,2026-08-28 09:51:15.764000+00:00,2461280.9105991204,Qatar-1_Session_3,Qatar-1260828095115.fits,observations/2026-08-28/Qatar-1/session_01/Qatar-1260828095115.fits,2026-08-28,60.0,Clear,0.050088888888888884
Qatar-1,Science,2026-08-28 09:57:15.678000+00:00,2461280.9147647917,Qatar-1_Session_3,Qatar-1260828095715.fits,observations/2026-08-28/Qatar-1/session_01/Qatar-1260828095715.fits,2026-08-28,60.0,Clear,0.09997611111111111
Qatar-1,Science,2026-08-28 10:00:16.120000+00:00,2461280.9168532407,Qatar-1_Session_3,Qatar-1260828100016.fits,observations/2026-08-28/Qatar-1/session_01/Qatar-1260828100016.fits,2026-08-28,60.0,Clear,0.05012277777777778
Qatar-1,Science,2026-08-28 10:03:15.673000+00:00,2461280.9189314004,Qatar-1_Session_3,Qatar-1260828100315.fits,observations/2026-08-28/Qatar-1/session_01/Qatar-1260828100315.fits,2026-08-28,60.0,Clear,0.049875833333333335
Qatar-1,Science,2026-08-28 10:06:16.050000+00:00,2461280.9210190973,Qatar-1_Session_3,Qatar-1260828100616.fits,observations/2026-08-28/Qatar-1/session_01/Qatar-1260828100616.fits,2026-08-28,60.0,Clear,0.050104722222222224
Qatar-1,Science,2026-08-28 10:09:15.394000+00:00,2461280.923094838,Qatar-1_Session_3,Qatar-1260828100915.fits,observations/2026-08-28/Qatar-1/session_01/Qatar-1260828100915.fits,2026-08-28,60.0,Clear,0.04981777777777777
Qatar-1,Science,2026-08-28 10:12:15.841000+00:00,2461280.925183345,Qatar-1_Session_3,Qatar-1260828101215.fits,observations/2026-08-28/Qatar-1/session_01/Qatar-1260828101215.fits,2026-08-28,60.0,Clear,0.050124166666666664
Qatar-1,Science,2026-08-28 10:15:16.266000+00:00,2461280.927271597,Qatar-1_Session_3,Qatar-1260828101516.fits,observations/2026-08-28/Qatar-1/session_01/Qatar-1260828101516.fits,2026-08-28,60.0,Clear,0.05011805555555556
Qatar-1,Science,2026-08-28 10:18:15.549000+00:00,2461280.9293466317,Qatar-1_Session_3,Qatar-1260828101815.fits,observations/2026-08-28/Qatar-1/session_01/Qatar-1260828101815.fits,2026-08-28,60.0,Clear,0.04980083333333333
Qatar-1,Science,2026-08-28 10:21:15.937000+00:00,2461280.931434456,Qatar-1_Session_3,Qatar-1260828102115.fits,observations/2026-08-28/Qatar-1/session_01/Qatar-1260828102115.fits,2026-08-28,60.0,Clear,0.05010777777777778
Qatar-1,Science,2026-08-28 10:24:15.443000+00:00,2461280.9335120716,Qatar-1_Session_3,Qatar-1260828102415.fits,observations/2026-08-28/Qatar-1/session_01/Qatar-1260828102415.fits,2026-08-28,60.0,Clear,0.04986277777777778
Qatar-1,Science,2026-08-28 10:27:15.867000+00:00,2461280.9356003124,Qatar-1_Session_3,Qatar-1260828102715.fits,observations/2026-08-28/Qatar-1/session_01/Qatar-1260828102715.fits,2026-08-28,60.0,Clear,0.05011777777777778
Qatar-1,Science,2026-08-28 10:30:15.357000+00:00,2461280.937677743,Qatar-1_Session_3,Qatar-1260828103015.fits,observations/2026-08-28/Qatar-1/session_01/Qatar-1260828103015.fits,2026-08-28,60.0,Clear,0.04985833333333334
Qatar-1,Science,2026-08-28 10:33:15.770000+00:00,2461280.9397658566,Qatar-1_Session_3,Qatar-1260828103315.fits,observations/2026-08-28/Qatar-1/session_01/Qatar-1260828103315.fits,2026-08-28,60.0,Clear,0.05011472222222223
Qatar-1,Science,2026-08-28 10:36:16.013000+00:00,2461280.9418520024,Qatar-1_Session_3,Qatar-1260828103616.fits,observations/2026-08-28/Qatar-1/session_01/Qatar-1260828103616.fits,2026-08-28,60.0,Clear,0.0500675
Qatar-1,Science,2026-08-28 10:39:15.361000+00:00,2461280.9439277896,Qatar-1_Session_3,Qatar-1260828103915.fits,observations/2026-08-28/Qatar-1/session_01/Qatar-1260828103915.fits,2026-08-28,60.0,Clear,0.04981888888888889
TRES-1,Science,2026-08-06 07:34:22.622000+00:00,2461258.8155396064,TRES-1_Session_1,TRES-1260806073422.fits,observations/2026-08-06/TRES-1/session_01/TRES-1260806073422.fits,2026-08-06,60.0,Clear,
TRES-1,Science,2026-08-06 07:36:17.324000+00:00,2461258.816867176,TRES-1_Session_1,TRES-1260806073617.fits,observations/2026-08-06/TRES-1/session_01/TRES-1260806073617.fits,2026-08-06,60.0,Clear,0.03186166666666666
TRES-1,Science,2026-08-06 07:39:17.185000+00:00,2461258.8189489003,TRES-1_Session_1,TRES-1260806073917.fits,observations/2026-08-06/TRES-1/session_01/TRES-1260806073917.fits,2026-08-06,60.0,Clear,0.04996138888888889
TRES-1,Science,2026-08-06 07:42:22.170000+00:00,2461258.8210899304,TRES-1_Session_1,TRES-1260806074222.fits,observations/2026-08-06/TRES-1/session_01/TRES-1260806074222.fits,2026-08-06,60.0,Clear,0.05138472222222223
TRES-1,Science,2026-08-06 07:45:15.981000+00:00,2461258.823101632,TRES-1_Session_1,TRES-1260806074515.fits,observations/2026-08-06/TRES-1/session_01/TRES-1260806074515.fits,2026-08-06,60.0,Clear,0.048280833333333335
TRES-1,Science,2026-08-06 07:48:34.961000+00:00,2461258.825404641,TRES-1_Session_1,TRES-1260806074834.fits,observations/2026-08-06/TRES-1/session_01/TRES-1260806074834.fits,2026-08-06,60.0,Clear,0.05527222222222222
TRES-1,Science,2026-08-06 07:51:16.069000+00:00,2461258.827269317,TRES-1_Session_1,TRES-1260806075116.fits,observations/2026-08-06/TRES-1/session_01/TRES-1260806075116.fits,2026-08-06,60.0,Clear,0.04475222222222222
TRES-1,Science,2026-08-06 07:54:17.795000+00:00,2461258.829372627,TRES-1_Session_1,TRES-1260806075417.fits,observations/2026-08-06/TRES-1/session_01/TRES-1260806075417.fits,2026-08-06,60.0,Clear,0.050479444444444445
TRES-1,Science,2026-08-06 07:57:27.502000+00:00,2461258.83156831,TRES-1_Session_1,TRES-1260806075727.fits,observations/2026-08-06/TRES-1/session_01/TRES-1260806075727.fits,2026-08-06,60.0,Clear,0.05269638888888889
TRES-1,Science,2026-08-06 08:00:16.336000+00:00,2461258.8335224073,TRES-1_Session_1,TRES-1260806080016.fits,observations/2026-08-06/TRES-1/session_01/TRES-1260806080016.fits,2026-08-06,60.0,Clear,0.046898333333333334
TRES-1,Science,2026-08-06 08:03:37.595000+00:00,2461258.835851794,TRES-1_Session_1,TRES-1260806080337.fits,observations/2026-08-06/TRES-1/session_01/TRES-1260806080337.fits,2026-08-06,60.0,Clear,0.055905277777777776
TRES-1,Science,2026-08-06 08:06:15.223000+00:00,2461258.837676192,TRES-1_Session_1,TRES-1260806080615.fits,observations/2026-08-06/TRES-1/session_01/TRES-1260806080615.fits,2026-08-06,60.0,Clear,0.04378555555555555
TRES-1,Science,2026-08-06 08:09:16.570000+00:00,2461258.8397751157,TRES-1_Session_1,TRES-1260806080916.fits,observations/2026-08-06/TRES-1/session_01/TRES-1260806080916.fits,2026-08-06,60.0,Clear,0.05037416666666667
TRES-1,Science,2026-08-06 08:12:36.832000+00:00,2461258.842092963,TRES-1_Session_1,TRES-1260806081236.fits,observations/2026-08-06/TRES-1/session_01/TRES-1260806081236.fits,2026-08-06,60.0,Clear,0.055628333333333335
TRES-1,Science,2026-08-06 08:15:16.827000+00:00,2461258.843944757,TRES-1_Session_1,TRES-1260806081516.fits,observations/2026-08-06/TRES-1/session_01/TRES-1260806081516.fits,2026-08-06,60.0,Clear,0.044443055555555555
TRES-1,Science,2026-08-06 08:18:15.822000+00:00,2461258.8460164582,TRES-1_Session_1,TRES-1260806081815.fits,observations/2026-08-06/TRES-1/session_01/TRES-1260806081815.fits,2026-08-06,60.0,Clear,0.04972083333333333
TRES-1,Science,2026-08-06 08:21:27.062000+00:00,2461258.848229884,TRES-1_Session_1,TRES-1260806082127.fits,observations/2026-08-06/TRES-1/session_01/TRES-1260806082127.fits,2026-08-06,60.0,Clear,0.05312222222222222
TRES-1,Science,2026-08-06 08:24:15.942000+00:00,2461258.8501845137,TRES-1_Session_1,TRES-1260806082415.fits,observations/2026-08-06/TRES-1/session_01/TRES-1260806082415.fits,2026-08-06,60.0,Clear,0.04691111111111111
TRES-1,Science,2026-08-06 08:27:15.425000+00:00,2461258.8522618636,TRES-1_Session_1,TRES-1260806082715.fits,observations/2026-08-06/TRES-1/session_01/TRES-1260806082715.fits,2026-08-06,60.0,Clear,0.04985638888888889
TRES-1,Science,2026-08-06 08:30:24.327000+00:00,2461258.854448229,TRES-1_Session_1,TRES-1260806083024.fits,observations/2026-08-06/TRES-1/session_01/TRES-1260806083024.fits,2026-08-06,60.0,Clear,0.05247277777777777
TRES-1,Science,2026-08-06 08:33:16.725000+00:00,2461258.8564435765,TRES-1_Session_1,TRES-1260806083316.fits,observations/2026-08-06/TRES-1/session_01/TRES-1260806083316.fits,2026-08-06,60.0,Clear,0.04788833333333333
TRES-1,Science,2026-08-06 08:36:33.587000+00:00,2461258.8587220716,TRES-1_Session_1,TRES-1260806083633.fits,observations/2026-08-06/TRES-1/session_01/TRES-1260806083633.fits,2026-08-06,60.0,Clear,0.054683888888888886
TRES-1,Science,2026-08-06 08:39:15.453000+00:00,2461258.860595521,TRES-1_Session_1,TRES-1260806083915.fits,observations/2026-08-06/TRES-1/session_01/TRES-1260806083915.fits,2026-08-06,60.0,Clear,0.04496277777777778
TRES-1,Science,2026-08-06 08:42:16.054000+00:00,2461258.8626858103,TRES-1_Session_1,TRES-1260806084216.fits,observations/2026-08-06/TRES-1/session_01/TRES-1260806084216.fits,2026-08-06,60.0,Clear,0.050166944444444445
TRES-1,Science,2026-08-06 08:45:27.961000+00:00,2461258.864906956,TRES-1_Session_1,TRES-1260806084527.fits,observations/2026-08-06/TRES-1/session_01/TRES-1260806084527.fits,2026-08-06,60.0,Clear,0.0533075
TRES-1,Science,2026-08-06 08:48:15.583000+00:00,2461258.866847025,TRES-1_Session_1,TRES-1260806084815.fits,observations/2026-08-06/TRES-1/session_01/TRES-1260806084815.fits,2026-08-06,60.0,Clear,0.04656166666666667
TRES-1,Science,2026-08-06 08:51:15.452000+00:00,2461258.8689288427,TRES-1_Session_1,TRES-1260806085115.fits,observations/2026-08-06/TRES-1/session_01/TRES-1260806085115.fits,2026-08-06,60.0,Clear,0.04996361111111111
TRES-1,Science,2026-08-06 08:54:23.015000+00:00,2461258.8710997105,TRES-1_Session_1,TRES-1260806085422.fits,observations/2026-08-06/TRES-1/session_01/TRES-1260806085422.fits,2026-08-06,60.0,Clear,0.05210083333333333
TRES-1,Science,2026-08-06 08:57:15.213000+00:00,2461258.873092743,TRES-1_Session_1,TRES-1260806085715.fits,observations/2026-08-06/TRES-1/session_01/TRES-1260806085715.fits,2026-08-06,60.0,Clear,0.04783277777777778
TRES-1,Science,2026-08-06 09:00:33.239000+00:00,2461258.8753847107,TRES-1_Session_1,TRES-1260806090033.fits,observations/2026-08-06/TRES-1/session_01/TRES-1260806090033.fits,2026-08-06,60.0,Clear,0.05500722222222223
TRES-1,Science,2026-08-06 09:03:16.845000+00:00,2461258.8772782986,TRES-1_Session_1,TRES-1260806090316.fits,observations/2026-08-06/TRES-1/session_01/TRES-1260806090316.fits,2026-08-06,60.0,Clear,0.04544611111111111
TRES-1,Science,2026-08-06 09:06:15.398000+00:00,2461258.8793448843,TRES-1_Session_1,TRES-1260806090615.fits,observations/2026-08-06/TRES-1/session_01/TRES-1260806090615.fits,2026-08-06,60.0,Clear,0.049598055555555555
TRES-1,Science,2026-08-06 09:09:28.304000+00:00,2461258.881577593,TRES-1_Session_1,TRES-1260806090928.fits,observations/2026-08-06/TRES-1/session_01/TRES-1260806090928.fits,2026-08-06,60.0,Clear,0.053585
TRES-1,Science,2026-08-06 09:12:15.556000+00:00,2461258.88351338,TRES-1_Session_1,TRES-1260806091215.fits,observations/2026-08-06/TRES-1/session_01/TRES-1260806091215.fits,2026-08-06,60.0,Clear,0.04645888888888889
TRES-1,Science,2026-08-06 09:15:16.378000+00:00,2461258.885606227,TRES-1_Session_1,TRES-1260806091516.fits,observations/2026-08-06/TRES-1/session_01/TRES-1260806091516.fits,2026-08-06,60.0,Clear,0.05022833333333333
TRES-1,Science,2026-08-06 09:18:23.719000+00:00,2461258.8877745257,TRES-1_Session_1,TRES-1260806091823.fits,observations/2026-08-06/TRES-1/session_01/TRES-1260806091823.fits,2026-08-06,60.0,Clear,0.05203916666666667
TRES-1,Science,2026-08-06 09:21:16.018000+00:00,2461258.8897687267,TRES-1_Session_1,TRES-1260806092116.fits,observations/2026-08-06/TRES-1/session_01/TRES-1260806092116.fits,2026-08-06,60.0,Clear,0.04786083333333334
TRES-1,Science,2026-08-06 09:24:34.395000+00:00,2461258.8920647567,TRES-1_Session_1,TRES-1260806092434.fits,observations/2026-08-06/TRES-1/session_01/TRES-1260806092434.fits,2026-08-06,60.0,Clear,0.05510472222222222
TRES-1,Science,2026-08-06 09:27:16.247000+00:00,2461258.893938044,TRES-1_Session_1,TRES-1260806092716.fits,observations/2026-08-06/TRES-1/session_01/TRES-1260806092716.fits,2026-08-06,60.0,Clear,0.04495888888888889
TRES-1,Science,2026-08-06 09:30:16.226000+00:00,2461258.896021134,TRES-1_Session_1,TRES-1260806093016.fits,observations/2026-08-06/TRES-1/session_01/TRES-1260806093016.fits,2026-08-06,60.0,Clear,0.04999416666666667
TRES-1,Science,2026-08-06 09:33:33.026000+00:00,2461258.898298912,TRES-1_Session_1,TRES-1260806093333.fits,observations/2026-08-06/TRES-1/session_01/TRES-1260806093333.fits,2026-08-06,60.0,Clear,0.05466666666666667
TRES-1,Science,2026-08-06 09:36:15.675000+00:00,2461258.9001814234,TRES-1_Session_1,TRES-1260806093615.fits,observations/2026-08-06/TRES-1/session_01/TRES-1260806093615.fits,2026-08-06,60.0,Clear,0.04518027777777778
TRES-1,Science,2026-08-06 09:39:15.399000+00:00,2461258.9022615626,TRES-1_Session_1,TRES-1260806093915.fits,observations/2026-08-06/TRES-1/session_01/TRES-1260806093915.fits,2026-08-06,60.0,Clear,0.04992333333333333
TRES-1,Science,2026-08-06 09:42:28.181000+00:00,2461258.9044928355,TRES-1_Session_1,TRES-1260806094228.fits,observations/2026-08-06/TRES-1/session_01/TRES-1260806094228.fits,2026-08-06,60.0,Clear,0.05355055555555556
TRES-1,Science,2026-08-06 09:45:15.419000+00:00,2461258.9064284605,TRES-1_Session_1,TRES-1260806094515.fits,observations/2026-08-06/TRES-1/session_01/TRES-1260806094515.fits,2026-08-06,60.0,Clear,0.046455
TRES-1,Science,2026-08-06 09:48:15.483000+00:00,2461258.9085125346,TRES-1_Session_1,TRES-1260806094815.fits,observations/2026-08-06/TRES-1/session_01/TRES-1260806094815.fits,2026-08-06,60.0,Clear,0.05001777777777778
TRES-1,Science,2026-08-06 09:51:28.405000+00:00,2461258.9107454284,TRES-1_Session_1,TRES-1260806095128.fits,observations/2026-08-06/TRES-1/session_01/TRES-1260806095128.fits,2026-08-06,60.0,Clear,0.053589444444444446
TRES-1,Science,2026-08-06 09:54:15.168000+00:00,2461258.9126755553,TRES-1_Session_1,TRES-1260806095415.fits,observations/2026-08-06/TRES-1/session_01/TRES-1260806095415.fits,2026-08-06,60.0,Clear,0.046323055555555555
TRES-1,Science,2026-08-06 09:57:36.652000+00:00,2461258.915007546,TRES-1_Session_1,TRES-1260806095736.fits,observations/2026-08-06/TRES-1/session_01/TRES-1260806095736.fits,2026-08-06,60.0,Clear,0.05596777777777778
TRES-1,Science,2026-08-06 10:00:15.373000+00:00,2461258.9168445948,TRES-1_Session_1,TRES-1260806100015.fits,observations/2026-08-06/TRES-1/session_01/TRES-1260806100015.fits,2026-08-06,60.0,Clear,0.044089166666666665
TRES-1,Science,2026-08-06 10:03:15.617000+00:00,2461258.918930752,TRES-1_Session_1,TRES-1260806100315.fits,observations/2026-08-06/TRES-1/session_01/TRES-1260806100315.fits,2026-08-06,60.0,Clear,0.05006777777777778
TRES-1,Science,2026-08-06 10:06:34.613000+00:00,2461258.921233947,TRES-1_Session_1,TRES-1260806100634.fits,observations/2026-08-06/TRES-1/session_01/TRES-1260806100634.fits,2026-08-06,60.0,Clear,0.05527666666666667
TRES-1,Science,2026-08-06 10:09:15.755000+00:00,2461258.9230990163,TRES-1_Session_1,TRES-1260806100915.fits,observations/2026-08-06/TRES-1/session_01/TRES-1260806100915.fits,2026-08-06,60.0,Clear,0.044761666666666665
TRES-1,Science,2026-08-06 10:12:15.995000+00:00,2461258.925185127,TRES-1_Session_1,TRES-1260806101215.fits,observations/2026-08-06/TRES-1/session_01/TRES-1260806101215.fits,2026-08-06,60.0,Clear,0.05006666666666667
TRES-1,Science,2026-08-06 10:15:28.198000+00:00,2461258.927409699,TRES-1_Session_1,TRES-1260806101528.fits,observations/2026-08-06/TRES-1/session_01/TRES-1260806101528.fits,2026-08-06,60.0,Clear,0.05338972222222222
TRES-1,Science,2026-08-06 10:18:15.952000+00:00,2461258.9293512963,TRES-1_Session_1,TRES-1260806101815.fits,observations/2026-08-06/TRES-1/session_01/TRES-1260806101815.fits,2026-08-06,60.0,Clear,0.04659833333333333
TRES-1,Science,2026-08-06 10:21:15.812000+00:00,2461258.9314330094,TRES-1_Session_1,TRES-1260806102115.fits,observations/2026-08-06/TRES-1/session_01/TRES-1260806102115.fits,2026-08-06,60.0,Clear,0.049961111111111116
TRES-1,Science,2026-08-06 10:24:25.998000+00:00,2461258.933634236,TRES-1_Session_1,TRES-1260806102425.fits,observations/2026-08-06/TRES-1/session_01/TRES-1260806102425.fits,2026-08-06,60.0,Clear,0.05282944444444445
TRES-1,Science,2026-08-06 10:27:15.668000+00:00,2461258.9355980093,TRES-1_Session_1,TRES-1260806102715.fits,observations/2026-08-06/TRES-1/session_01/TRES-1260806102715.fits,2026-08-06,60.0,Clear,0.04713055555555555
TRES-1,Science,2026-08-06 10:33:15.855000+00:00,2461258.93976684,TRES-1_Session_1,TRES-1260806103315.fits,observations/2026-08-06/TRES-1/session_01/TRES-1260806103315.fits,2026-08-06,60.0,Clear,0.10005194444444444
TRES-1,Science,2026-08-06 10:36:16.687000+00:00,2461258.941859803,TRES-1_Session_1,TRES-1260806103616.fits,observations/2026-08-06/TRES-1/session_01/TRES-1260806103616.fits,2026-08-06,60.0,Clear,0.05023111111111111
TRES-1,Science,2026-08-06 10:39:33.565000+00:00,2461258.9441384836,TRES-1_Session_1,TRES-1260806103933.fits,observations/2026-08-06/TRES-1/session_01/TRES-1260806103933.fits,2026-08-06,60.0,Clear,0.05468833333333333
TRES-1,Science,2026-08-06 10:42:16.271000+00:00,2461258.946021655,TRES-1_Session_1,TRES-1260806104216.fits,observations/2026-08-06/TRES-1/session_01/TRES-1260806104216.fits,2026-08-06,60.0,Clear,0.04519611111111111
TRES-1,Science,2026-08-06 10:45:16.498000+00:00,2461258.9481076156,TRES-1_Session_1,TRES-1260806104516.fits,observations/2026-08-06/TRES-1/session_01/TRES-1260806104516.fits,2026-08-06,60.0,Clear,0.050063055555555555
TRES-1,Science,2026-08-06 10:48:30.339000+00:00,2461258.950351146,TRES-1_Session_1,TRES-1260806104830.fits,observations/2026-08-06/TRES-1/session_01/TRES-1260806104830.fits,2026-08-06,60.0,Clear,0.053844722222222224
TRES-1,Science,2026-08-06 10:51:16.765000+00:00,2461258.9522773726,TRES-1_Session_1,TRES-1260806105116.fits,observations/2026-08-06/TRES-1/session_01/TRES-1260806105116.fits,2026-08-06,60.0,Clear,0.04622944444444444
TRES-1,Science,2026-08-06 10:54:16.686000+00:00,2461258.9543597917,TRES-1_Session_1,TRES-1260806105416.fits,observations/2026-08-06/TRES-1/session_01/TRES-1260806105416.fits,2026-08-06,60.0,Clear,0.04997805555555555
TRES-1,Science,2026-08-06 10:57:27.619000+00:00,2461258.956569664,TRES-1_Session_1,TRES-1260806105727.fits,observations/2026-08-06/TRES-1/session_01/TRES-1260806105727.fits,2026-08-06,60.0,Clear,0.05303694444444444
TRES-1,Science,2026-08-06 11:00:16.270000+00:00,2461258.9585216437,TRES-1_Session_1,TRES-1260806110016.fits,observations/2026-08-06/TRES-1/session_01/TRES-1260806110016.fits,2026-08-06,60.0,Clear,0.0468475
TRES-1,Science,2026-08-06 11:03:15.383000+00:00,2461258.9605947104,TRES-1_Session_1,TRES-1260806110315.fits,observations/2026-08-06/TRES-1/session_01/TRES-1260806110315.fits,2026-08-06,60.0,Clear,0.04975361111111111
TRES-1,Science,2026-08-06 11:06:26.707000+00:00,2461258.9628091087,TRES-1_Session_1,TRES-1260806110626.fits,observations/2026-08-06/TRES-1/session_01/TRES-1260806110626.fits,2026-08-06,60.0,Clear,0.05314555555555556
TRES-1,Science,2026-08-06 11:09:16.311000+00:00,2461258.9647721183,TRES-1_Session_1,TRES-1260806110916.fits,observations/2026-08-06/TRES-1/session_01/TRES-1260806110916.fits,2026-08-06,60.0,Clear,0.04711222222222223
TRES-1,Science,2026-08-06 11:12:36.405000+00:00,2461258.967088021,TRES-1_Session_1,TRES-1260806111236.fits,observations/2026-08-06/TRES-1/session_01/TRES-1260806111236.fits,2026-08-06,60.0,Clear,0.05558166666666667
TRES-1,Science,2026-08-06 11:15:15.950000+00:00,2461258.9689346063,TRES-1_Session_1,TRES-1260806111515.fits,observations/2026-08-06/TRES-1/session_01/TRES-1260806111515.fits,2026-08-06,60.0,Clear,0.044318055555555555
TRES-1,Science,2026-08-06 11:18:16.895000+00:00,2461258.9710288774,TRES-1_Session_1,TRES-1260806111816.fits,observations/2026-08-06/TRES-1/session_01/TRES-1260806111816.fits,2026-08-06,60.0,Clear,0.050262499999999995
TRES-1,Science,2026-08-06 11:21:33.977000+00:00,2461258.973309919,TRES-1_Session_1,TRES-1260806112133.fits,observations/2026-08-06/TRES-1/session_01/TRES-1260806112133.fits,2026-08-06,60.0,Clear,0.054744999999999995
TRES-1,Science,2026-08-06 11:24:16.699000+00:00,2461258.9751932756,TRES-1_Session_1,TRES-1260806112416.fits,observations/2026-08-06/TRES-1/session_01/TRES-1260806112416.fits,2026-08-06,60.0,Clear,0.045200555555555556
TRES-1,Science,2026-08-06 11:27:17.655000+00:00,2461258.9772876734,TRES-1_Session_1,TRES-1260806112717.fits,observations/2026-08-06/TRES-1/session_01/TRES-1260806112717.fits,2026-08-06,60.0,Clear,0.05026555555555555
TRES-1,Science,2026-08-06 11:30:30.680000+00:00,2461258.9795217593,TRES-1_Session_1,TRES-1260806113030.fits,observations/2026-08-06/TRES-1/session_01/TRES-1260806113030.fits,2026-08-06,60.0,Clear,0.05361805555555556
TRES-1,Science,2026-08-06 11:33:17.222000+00:00,2461258.981449329,TRES-1_Session_1,TRES-1260806113317.fits,observations/2026-08-06/TRES-1/session_01/TRES-1260806113317.fits,2026-08-06,60.0,Clear,0.046261666666666666
TRES-1,Science,2026-08-06 11:36:15.978000+00:00,2461258.983518264,TRES-1_Session_1,TRES-1260806113615.fits,observations/2026-08-06/TRES-1/session_01/TRES-1260806113615.fits,2026-08-06,60.0,Clear,0.049654444444444445
TRES-1,Science,2026-08-06 11:39:28.538000+00:00,2461258.9857469676,TRES-1_Session_1,TRES-1260806113928.fits,observations/2026-08-06/TRES-1/session_01/TRES-1260806113928.fits,2026-08-06,60.0,Clear,0.05348888888888889
TRES-1,Science,2026-08-06 11:42:15.487000+00:00,2461258.9876792477,TRES-1_Session_1,TRES-1260806114215.fits,observations/2026-08-06/TRES-1/session_01/TRES-1260806114215.fits,2026-08-06,60.0,Clear,0.04637472222222223
TRES-1,Science,2026-08-06 11:45:17.511000+00:00,2461258.989786007,TRES-1_Session_1,TRES-1260806114517.fits,observations/2026-08-06/TRES-1/session_01/TRES-1260806114517.fits,2026-08-06,60.0,Clear,0.050562222222222224
TRES-1,Science,2026-08-06 11:52:38.452000+00:00,2461258.994889491,TRES-1_Session_1,TRES-1260806115238.fits,observations/2026-08-06/TRES-1/session_01/TRES-1260806115238.fits,2026-08-06,60.0,Clear,0.1224836111111111
TRES-1,Science,2026-08-06 12:00:15.690000+00:00,2461259.000181597,TRES-1_Session_1,TRES-1260806120015.fits,observations/2026-08-06/TRES-1/session_01/TRES-1260806120015.fits,2026-08-06,60.0,Clear,0.12701055555555554
TRES-1,Science,2026-08-06 12:07:50.844000+00:00,2461259.0054495833,TRES-1_Session_1,TRES-1260806120750.fits,observations/2026-08-06/TRES-1/session_01/TRES-1260806120750.fits,2026-08-06,60.0,Clear,0.12643166666666666
TRES-1,Science,2026-08-06 12:15:28.065000+00:00,2461259.010741493,TRES-1_Session_1,TRES-1260806121528.fits,observations/2026-08-06/TRES-1/session_01/TRES-1260806121528.fits,2026-08-06,60.0,Clear,0.12700583333333335
TRES-1,Science,2026-08-06 12:23:03.212000+00:00,2461259.0160093983,TRES-1_Session_1,TRES-1260806122303.fits,observations/2026-08-06/TRES-1/session_01/TRES-1260806122303.fits,2026-08-06,60.0,Clear,0.1264297222222222
TRES-1,Science,2026-08-06 12:30:40.120000+00:00,2461259.0212976853,TRES-1_Session_1,TRES-1260806123040.fits,observations/2026-08-06/TRES-1/session_01/TRES-1260806123040.fits,2026-08-06,60.0,Clear,0.1269188888888889
TRES-1,Science,2026-08-06 12:38:15.923000+00:00,2461259.026573183,TRES-1_Session_1,TRES-1260806123815.fits,observations/2026-08-06/TRES-1/session_01/TRES-1260806123815.fits,2026-08-06,60.0,Clear,0.12661194444444446
TrES-3,Science,2026-08-10 06:06:40.229000+00:00,2461262.75463228,TrES-3_Session_1,TRES-3260810060640.fits,observations/2026-08-10/TRES-3/session_01/TRES-3260810060640.fits,2026-08-09,60.0,Clear,
TrES-3,Science,2026-08-10 06:09:16.878000+00:00,2461262.7564453473,TrES-3_Session_1,TRES-3260810060916.fits,observations/2026-08-10/TRES-3/session_01/TRES-3260810060916.fits,2026-08-09,60.0,Clear,0.043513611111111114
TrES-3,Science,2026-08-10 06:12:15.648000+00:00,2461262.7585144443,TrES-3_Session_1,TRES-3260810061215.fits,observations/2026-08-10/TRES-3/session_01/TRES-3260810061215.fits,2026-08-09,60.0,Clear,0.04965833333333334
TrES-3,Science,2026-08-10 06:15:16.372000+00:00,2461262.7606061576,TrES-3_Session_1,TRES-3260810061516.fits,observations/2026-08-10/TRES-3/session_01/TRES-3260810061516.fits,2026-08-09,60.0,Clear,0.050201111111111106
TrES-3,Science,2026-08-10 06:18:16.907000+00:00,2461262.7626956827,TrES-3_Session_1,TRES-3260810061816.fits,observations/2026-08-10/TRES-3/session_01/TRES-3260810061816.fits,2026-08-09,60.0,Clear,0.05014861111111111
TrES-3,Science,2026-08-10 06:21:17.566000+00:00,2461262.7647866434,TrES-3_Session_1,TRES-3260810062117.fits,observations/2026-08-10/TRES-3/session_01/TRES-3260810062117.fits,2026-08-09,60.0,Clear,0.05018305555555555
TrES-3,Science,2026-08-10 06:24:16.086000+00:00,2461262.7668528473,TrES-3_Session_1,TRES-3260810062416.fits,observations/2026-08-10/TRES-3/session_01/TRES-3260810062416.fits,2026-08-09,60.0,Clear,0.04958888888888889
TrES-3,Science,2026-08-10 06:27:15.734000+00:00,2461262.7689321064,TrES-3_Session_1,TRES-3260810062715.fits,observations/2026-08-10/TRES-3/session_01/TRES-3260810062715.fits,2026-08-09,60.0,Clear,0.04990222222222222
TrES-3,Science,2026-08-10 06:30:15.532000+00:00,2461262.771013102,TrES-3_Session_1,TRES-3260810063015.fits,observations/2026-08-10/TRES-3/session_01/TRES-3260810063015.fits,2026-08-09,60.0,Clear,0.04994388888888889
TrES-3,Science,2026-08-10 06:33:16.193000+00:00,2461262.7731040856,TrES-3_Session_1,TRES-3260810063316.fits,observations/2026-08-10/TRES-3/session_01/TRES-3260810063316.fits,2026-08-09,60.0,Clear,0.05018361111111111
TrES-3,Science,2026-08-10 06:36:16.737000+00:00,2461262.7751937155,TrES-3_Session_1,TRES-3260810063616.fits,observations/2026-08-10/TRES-3/session_01/TRES-3260810063616.fits,2026-08-09,60.0,Clear,0.05015111111111111
TrES-3,Science,2026-08-10 06:39:15.222000+00:00,2461262.7772595137,TrES-3_Session_1,TRES-3260810063915.fits,observations/2026-08-10/TRES-3/session_01/TRES-3260810063915.fits,2026-08-09,60.0,Clear,0.04957916666666667
TrES-3,Science,2026-08-10 06:42:15.845000+00:00,2461262.7793500577,TrES-3_Session_1,TRES-3260810064215.fits,observations/2026-08-10/TRES-3/session_01/TRES-3260810064215.fits,2026-08-09,60.0,Clear,0.050173055555555554
TrES-3,Science,2026-08-10 06:45:16.290000+00:00,2461262.7814385416,TrES-3_Session_1,TRES-3260810064516.fits,observations/2026-08-10/TRES-3/session_01/TRES-3260810064516.fits,2026-08-09,60.0,Clear,0.05012361111111111
TrES-3,Science,2026-08-10 06:48:16.755000+00:00,2461262.783527257,TrES-3_Session_1,TRES-3260810064816.fits,observations/2026-08-10/TRES-3/session_01/TRES-3260810064816.fits,2026-08-09,60.0,Clear,0.05012916666666667
TrES-3,Science,2026-08-10 06:51:15.325000+00:00,2461262.785594039,TrES-3_Session_1,TRES-3260810065115.fits,observations/2026-08-10/TRES-3/session_01/TRES-3260810065115.fits,2026-08-09,60.0,Clear,0.04960277777777777
TrES-3,Science,2026-08-10 06:54:15.693000+00:00,2461262.7876816317,TrES-3_Session_1,TRES-3260810065415.fits,observations/2026-08-10/TRES-3/session_01/TRES-3260810065415.fits,2026-08-09,60.0,Clear,0.05010222222222222
TrES-3,Science,2026-08-10 06:57:17.092000+00:00,2461262.7897811574,TrES-3_Session_1,TRES-3260810065717.fits,observations/2026-08-10/TRES-3/session_01/TRES-3260810065717.fits,2026-08-09,60.0,Clear,0.05038861111111111
TrES-3,Science,2026-08-10 07:00:15.899000+00:00,2461262.791850683,TrES-3_Session_1,TRES-3260810070015.fits,observations/2026-08-10/TRES-3/session_01/TRES-3260810070015.fits,2026-08-10,60.0,Clear,0.04966861111111111
TrES-3,Science,2026-08-10 07:03:16.513000+00:00,2461262.7939411225,TrES-3_Session_1,TRES-3260810070316.fits,observations/2026-08-10/TRES-3/session_01/TRES-3260810070316.fits,2026-08-10,60.0,Clear,0.05017055555555556
TrES-3,Science,2026-08-10 07:06:16.012000+00:00,2461262.7960186573,TrES-3_Session_1,TRES-3260810070616.fits,observations/2026-08-10/TRES-3/session_01/TRES-3260810070616.fits,2026-08-10,60.0,Clear,0.04986083333333333
TrES-3,Science,2026-08-10 07:09:15.500000+00:00,2461262.798096065,TrES-3_Session_1,TRES-3260810070915.fits,observations/2026-08-10/TRES-3/session_01/TRES-3260810070915.fits,2026-08-10,60.0,Clear,0.04985777777777778
TrES-3,Science,2026-08-10 07:12:17.114000+00:00,2461262.8001980786,TrES-3_Session_1,TRES-3260810071217.fits,observations/2026-08-10/TRES-3/session_01/TRES-3260810071217.fits,2026-08-10,60.0,Clear,0.05044833333333333
TrES-3,Science,2026-08-10 07:15:16.629000+00:00,2461262.8022757987,TrES-3_Session_1,TRES-3260810071516.fits,observations/2026-08-10/TRES-3/session_01/TRES-3260810071516.fits,2026-08-10,60.0,Clear,0.04986527777777777
TrES-3,Science,2026-08-10 07:18:17.143000+00:00,2461262.8043650812,TrES-3_Session_1,TRES-3260810071817.fits,observations/2026-08-10/TRES-3/session_01/TRES-3260810071817.fits,2026-08-10,60.0,Clear,0.05014277777777778
TrES-3,Science,2026-08-10 07:21:15.535000+00:00,2461262.8064298034,TrES-3_Session_1,TRES-3260810072115.fits,observations/2026-08-10/TRES-3/session_01/TRES-3260810072115.fits,2026-08-10,60.0,Clear,0.04955333333333333
TrES-3,Science,2026-08-10 07:24:17.094000+00:00,2461262.8085311805,TrES-3_Session_1,TRES-3260810072417.fits,observations/2026-08-10/TRES-3/session_01/TRES-3260810072417.fits,2026-08-10,60.0,Clear,0.05043305555555556
TrES-3,Science,2026-08-10 07:27:15.589000+00:00,2461262.8105970947,TrES-3_Session_1,TRES-3260810072715.fits,observations/2026-08-10/TRES-3/session_01/TRES-3260810072715.fits,2026-08-10,60.0,Clear,0.04958194444444444
TrES-3,Science,2026-08-10 07:30:16.164000+00:00,2461262.812687083,TrES-3_Session_1,TRES-3260810073016.fits,observations/2026-08-10/TRES-3/session_01/TRES-3260810073016.fits,2026-08-10,60.0,Clear,0.05015972222222222
TrES-3,Science,2026-08-10 07:33:15.736000+00:00,2461262.814765463,TrES-3_Session_1,TRES-3260810073315.fits,observations/2026-08-10/TRES-3/session_01/TRES-3260810073315.fits,2026-08-10,60.0,Clear,0.04988111111111111
TrES-3,Science,2026-08-10 07:36:16.322000+00:00,2461262.8168555787,TrES-3_Session_1,TRES-3260810073616.fits,observations/2026-08-10/TRES-3/session_01/TRES-3260810073616.fits,2026-08-10,60.0,Clear,0.05016277777777778
TrES-3,Science,2026-08-10 07:39:15.959000+00:00,2461262.8189347107,TrES-3_Session_1,TRES-3260810073915.fits,observations/2026-08-10/TRES-3/session_01/TRES-3260810073915.fits,2026-08-10,60.0,Clear,0.04989916666666667
TrES-3,Science,2026-08-10 07:42:15.553000+00:00,2461262.821013345,TrES-3_Session_1,TRES-3260810074215.fits,observations/2026-08-10/TRES-3/session_01/TRES-3260810074215.fits,2026-08-10,60.0,Clear,0.04988722222222222
TrES-3,Science,2026-08-10 07:45:16.360000+00:00,2461262.8231060184,TrES-3_Session_1,TRES-3260810074516.fits,observations/2026-08-10/TRES-3/session_01/TRES-3260810074516.fits,2026-08-10,60.0,Clear,0.05022416666666666
TrES-3,Science,2026-08-10 07:48:15.974000+00:00,2461262.8251848845,TrES-3_Session_1,TRES-3260810074815.fits,observations/2026-08-10/TRES-3/session_01/TRES-3260810074815.fits,2026-08-10,60.0,Clear,0.04989277777777778
TrES-3,Science,2026-08-10 07:51:16.512000+00:00,2461262.8272744445,TrES-3_Session_1,TRES-3260810075116.fits,observations/2026-08-10/TRES-3/session_01/TRES-3260810075116.fits,2026-08-10,60.0,Clear,0.05014944444444445
TrES-3,Science,2026-08-10 07:54:16.228000+00:00,2461262.8293544906,TrES-3_Session_1,TRES-3260810075416.fits,observations/2026-08-10/TRES-3/session_01/TRES-3260810075416.fits,2026-08-10,60.0,Clear,0.04992111111111111
TrES-3,Science,2026-08-10 07:57:16.675000+00:00,2461262.831442998,TrES-3_Session_1,TRES-3260810075716.fits,observations/2026-08-10/TRES-3/session_01/TRES-3260810075716.fits,2026-08-10,60.0,Clear,0.050124166666666664
TrES-3,Science,2026-08-10 08:00:16.242000+00:00,2461262.8335213196,TrES-3_Session_1,TRES-3260810080016.fits,observations/2026-08-10/TRES-3/session_01/TRES-3260810080016.fits,2026-08-10,60.0,Clear,0.04987972222222222
TrES-3,Science,2026-08-10 08:03:15.778000+00:00,2461262.8355992823,TrES-3_Session_1,TRES-3260810080315.fits,observations/2026-08-10/TRES-3/session_01/TRES-3260810080315.fits,2026-08-10,60.0,Clear,0.04987111111111111
TrES-3,Science,2026-08-10 08:06:15.385000+00:00,2461262.837678067,TrES-3_Session_1,TRES-3260810080615.fits,observations/2026-08-10/TRES-3/session_01/TRES-3260810080615.fits,2026-08-10,60.0,Clear,0.049890833333333336
TrES-3,Science,2026-08-10 08:09:15.895000+00:00,2461262.8397673033,TrES-3_Session_1,TRES-3260810080915.fits,observations/2026-08-10/TRES-3/session_01/TRES-3260810080915.fits,2026-08-10,60.0,Clear,0.05014166666666666
TrES-3,Science,2026-08-10 08:12:16.996000+00:00,2461262.84186338,TrES-3_Session_1,TRES-3260810081216.fits,observations/2026-08-10/TRES-3/session_01/TRES-3260810081216.fits,2026-08-10,60.0,Clear,0.050305833333333334
TrES-3,Science,2026-08-10 08:15:15.580000+00:00,2461262.843930324,TrES-3_Session_1,TRES-3260810081515.fits,observations/2026-08-10/TRES-3/session_01/TRES-3260810081515.fits,2026-08-10,60.0,Clear,0.04960666666666667
TrES-3,Science,2026-08-10 08:18:15.985000+00:00,2461262.846018345,TrES-3_Session_1,TRES-3260810081815.fits,observations/2026-08-10/TRES-3/session_01/TRES-3260810081815.fits,2026-08-10,60.0,Clear,0.0501125
TrES-3,Science,2026-08-10 08:21:15.481000+00:00,2461262.848095845,TrES-3_Session_1,TRES-3260810082115.fits,observations/2026-08-10/TRES-3/session_01/TRES-3260810082115.fits,2026-08-10,60.0,Clear,0.04986
TrES-3,Science,2026-08-10 08:24:17.038000+00:00,2461262.8501971993,TrES-3_Session_1,TRES-3260810082417.fits,observations/2026-08-10/TRES-3/session_01/TRES-3260810082417.fits,2026-08-10,60.0,Clear,0.0504325
TrES-3,Science,2026-08-10 08:27:15.517000+00:00,2461262.852262928,TrES-3_Session_1,TRES-3260810082715.fits,observations/2026-08-10/TRES-3/session_01/TRES-3260810082715.fits,2026-08-10,60.0,Clear,0.049577500000000004
TrES-3,Science,2026-08-10 08:30:15.939000+00:00,2461262.8543511457,TrES-3_Session_1,TRES-3260810083015.fits,observations/2026-08-10/TRES-3/session_01/TRES-3260810083015.fits,2026-08-10,60.0,Clear,0.05011722222222222
TrES-3,Science,2026-08-10 08:33:15.297000+00:00,2461262.856427049,TrES-3_Session_1,TRES-3260810083315.fits,observations/2026-08-10/TRES-3/session_01/TRES-3260810083315.fits,2026-08-10,60.0,Clear,0.04982166666666667
TrES-3,Science,2026-08-10 08:36:15.668000+00:00,2461262.858514676,TrES-3_Session_1,TRES-3260810083615.fits,observations/2026-08-10/TRES-3/session_01/TRES-3260810083615.fits,2026-08-10,60.0,Clear,0.05010305555555556
TrES-3,Science,2026-08-10 08:39:16.045000+00:00,2461262.860602373,TrES-3_Session_1,TRES-3260810083916.fits,observations/2026-08-10/TRES-3/session_01/TRES-3260810083916.fits,2026-08-10,60.0,Clear,0.050104722222222224
TrES-3,Science,2026-08-10 08:42:15.414000+00:00,2461262.8626784026,TrES-3_Session_1,TRES-3260810084215.fits,observations/2026-08-10/TRES-3/session_01/TRES-3260810084215.fits,2026-08-10,60.0,Clear,0.04982472222222222
TrES-3,Science,2026-08-10 08:45:16.017000+00:00,2461262.864768715,TrES-3_Session_1,TRES-3260810084516.fits,observations/2026-08-10/TRES-3/session_01/TRES-3260810084516.fits,2026-08-10,60.0,Clear,0.050167500000000004
TrES-3,Science,2026-08-10 08:48:16.526000+00:00,2461262.86685794,TrES-3_Session_1,TRES-3260810084816.fits,observations/2026-08-10/TRES-3/session_01/TRES-3260810084816.fits,2026-08-10,60.0,Clear,0.05014138888888889
TrES-3,Science,2026-08-10 08:51:17.138000+00:00,2461262.8689483567,TrES-3_Session_1,TRES-3260810085117.fits,observations/2026-08-10/TRES-3/session_01/TRES-3260810085117.fits,2026-08-10,60.0,Clear,0.05017
TrES-3,Science,2026-08-10 08:54:16.608000+00:00,2461262.8710255558,TrES-3_Session_1,TRES-3260810085416.fits,observations/2026-08-10/TRES-3/session_01/TRES-3260810085416.fits,2026-08-10,60.0,Clear,0.04985277777777778
TrES-3,Science,2026-08-10 08:57:17.142000+00:00,2461262.8731150692,TrES-3_Session_1,TRES-3260810085717.fits,observations/2026-08-10/TRES-3/session_01/TRES-3260810085717.fits,2026-08-10,60.0,Clear,0.05014833333333333
TrES-3,Science,2026-08-10 09:00:15.866000+00:00,2461262.8751836345,TrES-3_Session_1,TRES-3260810090015.fits,observations/2026-08-10/TRES-3/session_01/TRES-3260810090015.fits,2026-08-10,60.0,Clear,0.049645555555555554
TrES-3,Science,2026-08-10 09:07:08.523000+00:00,2461262.879959757,TrES-3_Session_1,TRES-3260810090708.fits,observations/2026-08-10/TRES-3/session_01/TRES-3260810090708.fits,2026-08-10,60.0,Clear,0.11462694444444443
TrES-3,Science,2026-08-10 09:12:49.988000+00:00,2461262.8839118984,TrES-3_Session_1,TRES-3260810091249.fits,observations/2026-08-10/TRES-3/session_01/TRES-3260810091249.fits,2026-08-10,60.0,Clear,0.09485138888888889
TrES-3,Science,2026-08-10 09:14:36.194000+00:00,2461262.8851411343,TrES-3_Session_1,TRES-3260810091436.fits,observations/2026-08-10/TRES-3/session_01/TRES-3260810091436.fits,2026-08-10,60.0,Clear,0.02950166666666667
TrES-3,Science,2026-08-10 09:20:14.756000+00:00,2461262.889059676,TrES-3_Session_1,TRES-3260810092014.fits,observations/2026-08-10/TRES-3/session_01/TRES-3260810092014.fits,2026-08-10,60.0,Clear,0.094045
TrES-3,Science,2026-08-10 09:25:52.331000+00:00,2461262.892966794,TrES-3_Session_1,TRES-3260810092552.fits,observations/2026-08-10/TRES-3/session_01/TRES-3260810092552.fits,2026-08-10,60.0,Clear,0.09377083333333333
TrES-3,Science,2026-08-10 09:33:18.323000+00:00,2461262.8981287386,TrES-3_Session_1,TRES-3260810093318.fits,observations/2026-08-10/TRES-3/session_01/TRES-3260810093318.fits,2026-08-10,60.0,Clear,0.12388666666666667
TrES-3,Science,2026-08-10 09:38:56.827000+00:00,2461262.9020466087,TrES-3_Session_1,TRES-3260810093856.fits,observations/2026-08-10/TRES-3/session_01/TRES-3260810093856.fits,2026-08-10,60.0,Clear,0.0940288888888889
TrES-3,Science,2026-08-10 09:40:42.061000+00:00,2461262.9032645947,TrES-3_Session_1,TRES-3260810094042.fits,observations/2026-08-10/TRES-3/session_01/TRES-3260810094042.fits,2026-08-10,60.0,Clear,0.029231666666666666
TrES-3,Science,2026-08-10 09:48:09.946000+00:00,2461262.908448449,TrES-3_Session_1,TRES-3260810094809.fits,observations/2026-08-10/TRES-3/session_01/TRES-3260810094809.fits,2026-08-10,60.0,Clear,0.1244125
TrES-3,Science,2026-08-10 09:49:56.192000+00:00,2461262.909678148,TrES-3_Session_1,TRES-3260810094956.fits,observations/2026-08-10/TRES-3/session_01/TRES-3260810094956.fits,2026-08-10,60.0,Clear,0.029512777777777777
TrES-3,Science,2026-08-10 09:55:34.777000+00:00,2461262.913596956,TrES-3_Session_1,TRES-3260810095534.fits,observations/2026-08-10/TRES-3/session_01/TRES-3260810095534.fits,2026-08-10,60.0,Clear,0.09405138888888888
TrES-3,Science,2026-08-14 04:09:28.759000+00:00,2461266.6732495255,TrES-3_Session_2,TRES-3260814040928.fits,observations/2026-08-14/TRES-3/session_01/TRES-3260814040928.fits,2026-08-13,60.0,Clear,90.23166166666667
TrES-3,Science,2026-08-14 04:13:19.572000+00:00,2461266.675920972,TrES-3_Session_2,TRES-3260814041319.fits,observations/2026-08-14/TRES-3/session_01/TRES-3260814041319.fits,2026-08-13,60.0,Clear,0.06411472222222223
TrES-3,Science,2026-08-14 04:17:12.331000+00:00,2461266.6786149424,TrES-3_Session_2,TRES-3260814041712.fits,observations/2026-08-14/TRES-3/session_01/TRES-3260814041712.fits,2026-08-13,60.0,Clear,0.06465527777777777
TrES-3,Science,2026-08-14 04:18:58.704000+00:00,2461266.679846111,TrES-3_Session_2,TRES-3260814041858.fits,observations/2026-08-14/TRES-3/session_01/TRES-3260814041858.fits,2026-08-13,60.0,Clear,0.029548055555555557
TrES-3,Science,2026-08-14 04:21:16.578000+00:00,2461266.681441875,TrES-3_Session_2,TRES-3260814042116.fits,observations/2026-08-14/TRES-3/session_01/TRES-3260814042116.fits,2026-08-13,60.0,Clear,0.03829833333333333
TrES-3,Science,2026-08-14 04:24:16.888000+00:00,2461266.6835287963,TrES-3_Session_2,TRES-3260814042416.fits,observations/2026-08-14/TRES-3/session_01/TRES-3260814042416.fits,2026-08-13,60.0,Clear,0.05008611111111111
TrES-3,Science,2026-08-14 04:27:16.306000+00:00,2461266.6856053937,TrES-3_Session_2,TRES-3260814042716.fits,observations/2026-08-14/TRES-3/session_01/TRES-3260814042716.fits,2026-08-13,60.0,Clear,0.04983833333333333
TrES-3,Science,2026-08-14 04:30:15.613000+00:00,2461266.687680706,TrES-3_Session_2,TRES-3260814043015.fits,observations/2026-08-14/TRES-3/session_01/TRES-3260814043015.fits,2026-08-13,60.0,Clear,0.0498075
TrES-3,Science,2026-08-14 04:33:17.109000+00:00,2461266.6897813543,TrES-3_Session_2,TRES-3260814043317.fits,observations/2026-08-14/TRES-3/session_01/TRES-3260814043317.fits,2026-08-13,60.0,Clear,0.05041555555555556
TrES-3,Science,2026-08-14 04:36:15.871000+00:00,2461266.6918503586,TrES-3_Session_2,TRES-3260814043615.fits,observations/2026-08-14/TRES-3/session_01/TRES-3260814043615.fits,2026-08-13,60.0,Clear,0.04965611111111111
TrES-3,Science,2026-08-14 04:39:17.187000+00:00,2461266.6939489236,TrES-3_Session_2,TRES-3260814043917.fits,observations/2026-08-14/TRES-3/session_01/TRES-3260814043917.fits,2026-08-13,60.0,Clear,0.05036555555555556
TrES-3,Science,2026-08-14 04:42:16.238000+00:00,2461266.6960212733,TrES-3_Session_2,TRES-3260814044216.fits,observations/2026-08-14/TRES-3/session_01/TRES-3260814044216.fits,2026-08-13,60.0,Clear,0.049736388888888886
TrES-3,Science,2026-08-14 04:45:17.169000+00:00,2461266.698115382,TrES-3_Session_2,TRES-3260814044517.fits,observations/2026-08-14/TRES-3/session_01/TRES-3260814044517.fits,2026-08-13,60.0,Clear,0.050258611111111115
TrES-3,Science,2026-08-14 04:48:16.416000+00:00,2461266.70019,TrES-3_Session_2,TRES-3260814044816.fits,observations/2026-08-14/TRES-3/session_01/TRES-3260814044816.fits,2026-08-13,60.0,Clear,0.04979083333333334
TrES-3,Science,2026-08-14 04:51:16.376000+00:00,2461266.7022728706,TrES-3_Session_2,TRES-3260814045116.fits,observations/2026-08-14/TRES-3/session_01/TRES-3260814045116.fits,2026-08-13,60.0,Clear,0.04998888888888889
TrES-3,Science,2026-08-14 04:54:17.330000+00:00,2461266.7043672455,TrES-3_Session_2,TRES-3260814045417.fits,observations/2026-08-14/TRES-3/session_01/TRES-3260814045417.fits,2026-08-13,60.0,Clear,0.050265000000000004
TrES-3,Science,2026-08-14 04:57:16.238000+00:00,2461266.70643794,TrES-3_Session_2,TRES-3260814045716.fits,observations/2026-08-14/TRES-3/session_01/TRES-3260814045716.fits,2026-08-13,60.0,Clear,0.04969666666666666
TrES-3,Science,2026-08-14 05:00:17.184000+00:00,2461266.708532222,TrES-3_Session_2,TRES-3260814050017.fits,observations/2026-08-14/TRES-3/session_01/TRES-3260814050017.fits,2026-08-13,60.0,Clear,0.050262777777777774
TrES-3,Science,2026-08-14 05:03:15.807000+00:00,2461266.710599618,TrES-3_Session_2,TRES-3260814050315.fits,observations/2026-08-14/TRES-3/session_01/TRES-3260814050315.fits,2026-08-13,60.0,Clear,0.049617499999999995
TrES-3,Science,2026-08-14 05:06:16.081000+00:00,2461266.712686123,TrES-3_Session_2,TRES-3260814050616.fits,observations/2026-08-14/TRES-3/session_01/TRES-3260814050616.fits,2026-08-13,60.0,Clear,0.05007611111111111
TrES-3,Science,2026-08-14 05:09:16.965000+00:00,2461266.7147796876,TrES-3_Session_2,TRES-3260814050916.fits,observations/2026-08-14/TRES-3/session_01/TRES-3260814050916.fits,2026-08-13,60.0,Clear,0.05024555555555555
TrES-3,Science,2026-08-14 05:12:16.911000+00:00,2461266.716862396,TrES-3_Session_2,TRES-3260814051216.fits,observations/2026-08-14/TRES-3/session_01/TRES-3260814051216.fits,2026-08-13,60.0,Clear,0.049985
TrES-3,Science,2026-08-14 05:15:17.111000+00:00,2461266.718948044,TrES-3_Session_2,TRES-3260814051517.fits,observations/2026-08-14/TRES-3/session_01/TRES-3260814051517.fits,2026-08-13,60.0,Clear,0.050055555555555555
TrES-3,Science,2026-08-14 05:18:17.561000+00:00,2461266.7210365855,TrES-3_Session_2,TRES-3260814051817.fits,observations/2026-08-14/TRES-3/session_01/TRES-3260814051817.fits,2026-08-13,60.0,Clear,0.050124999999999996
TrES-3,Science,2026-08-14 05:21:16.561000+00:00,2461266.7231083447,TrES-3_Session_2,TRES-3260814052116.fits,observations/2026-08-14/TRES-3/session_01/TRES-3260814052116.fits,2026-08-13,60.0,Clear,0.04972222222222222
TrES-3,Science,2026-08-14 05:24:16.775000+00:00,2461266.7251941552,TrES-3_Session_2,TRES-3260814052416.fits,observations/2026-08-14/TRES-3/session_01/TRES-3260814052416.fits,2026-08-13,60.0,Clear,0.05005944444444444
TrES-3,Science,2026-08-14 05:27:17.124000+00:00,2461266.7272815276,TrES-3_Session_2,TRES-3260814052717.fits,observations/2026-08-14/TRES-3/session_01/TRES-3260814052717.fits,2026-08-13,60.0,Clear,0.050096944444444444
TrES-3,Science,2026-08-14 05:30:17.926000+00:00,2461266.7293741433,TrES-3_Session_2,TRES-3260814053017.fits,observations/2026-08-14/TRES-3/session_01/TRES-3260814053017.fits,2026-08-13,60.0,Clear,0.050222777777777776
TrES-3,Science,2026-08-14 05:33:17.183000+00:00,2461266.731448877,TrES-3_Session_2,TRES-3260814053317.fits,observations/2026-08-14/TRES-3/session_01/TRES-3260814053317.fits,2026-08-13,60.0,Clear,0.049793611111111115
TrES-3,Science,2026-08-14 05:36:16.217000+00:00,2461266.7335210303,TrES-3_Session_2,TRES-3260814053616.fits,observations/2026-08-14/TRES-3/session_01/TRES-3260814053616.fits,2026-08-13,60.0,Clear,0.04973166666666667
TrES-3,Science,2026-08-14 05:39:16.231000+00:00,2461266.7356045255,TrES-3_Session_2,TRES-3260814053916.fits,observations/2026-08-14/TRES-3/session_01/TRES-3260814053916.fits,2026-08-13,60.0,Clear,0.05000388888888889
TrES-3,Science,2026-08-14 05:42:17.171000+00:00,2461266.7376987385,TrES-3_Session_2,TRES-3260814054217.fits,observations/2026-08-14/TRES-3/session_01/TRES-3260814054217.fits,2026-08-13,60.0,Clear,0.05026111111111111
TrES-3,Science,2026-08-14 05:45:17.181000+00:00,2461266.7397821876,TrES-3_Session_2,TRES-3260814054517.fits,observations/2026-08-14/TRES-3/session_01/TRES-3260814054517.fits,2026-08-13,60.0,Clear,0.05000277777777778
TrES-3,Science,2026-08-14 05:48:16.195000+00:00,2461266.741854109,TrES-3_Session_2,TRES-3260814054816.fits,observations/2026-08-14/TRES-3/session_01/TRES-3260814054816.fits,2026-08-13,60.0,Clear,0.04972611111111112
TrES-3,Science,2026-08-14 05:51:17.030000+00:00,2461266.7439471064,TrES-3_Session_2,TRES-3260814055117.fits,observations/2026-08-14/TRES-3/session_01/TRES-3260814055117.fits,2026-08-13,60.0,Clear,0.05023194444444445
TrES-3,Science,2026-08-14 05:54:17.031000+00:00,2461266.7460304513,TrES-3_Session_2,TRES-3260814055417.fits,observations/2026-08-14/TRES-3/session_01/TRES-3260814055417.fits,2026-08-13,60.0,Clear,0.05000027777777778
TrES-3,Science,2026-08-14 05:57:16.324000+00:00,2461266.748105602,TrES-3_Session_2,TRES-3260814055716.fits,observations/2026-08-14/TRES-3/session_01/TRES-3260814055716.fits,2026-08-13,60.0,Clear,0.04980361111111111
TrES-3,Science,2026-08-14 06:00:17.420000+00:00,2461266.75020162,TrES-3_Session_2,TRES-3260814060017.fits,observations/2026-08-14/TRES-3/session_01/TRES-3260814060017.fits,2026-08-13,60.0,Clear,0.05030444444444444
TrES-3,Science,2026-08-14 06:03:16.846000+00:00,2461266.7522783102,TrES-3_Session_2,TRES-3260814060316.fits,observations/2026-08-14/TRES-3/session_01/TRES-3260814060316.fits,2026-08-13,60.0,Clear,0.049840555555555555
TrES-3,Science,2026-08-14 06:06:16.900000+00:00,2461266.7543622684,TrES-3_Session_2,TRES-3260814060616.fits,observations/2026-08-14/TRES-3/session_01/TRES-3260814060616.fits,2026-08-13,60.0,Clear,0.050015000000000004
TrES-3,Science,2026-08-14 06:09:16.187000+00:00,2461266.7564373496,TrES-3_Session_2,TRES-3260814060916.fits,observations/2026-08-14/TRES-3/session_01/TRES-3260814060916.fits,2026-08-13,60.0,Clear,0.04980194444444445
TrES-3,Science,2026-08-14 06:12:16.648000+00:00,2461266.7585260184,TrES-3_Session_2,TRES-3260814061216.fits,observations/2026-08-14/TRES-3/session_01/TRES-3260814061216.fits,2026-08-13,60.0,Clear,0.05012805555555556
TrES-3,Science,2026-08-14 06:15:16.468000+00:00,2461266.7606072687,TrES-3_Session_2,TRES-3260814061516.fits,observations/2026-08-14/TRES-3/session_01/TRES-3260814061516.fits,2026-08-13,60.0,Clear,0.04995
TrES-3,Science,2026-08-14 06:18:16.449000+00:00,2461266.762690382,TrES-3_Session_2,TRES-3260814061816.fits,observations/2026-08-14/TRES-3/session_01/TRES-3260814061816.fits,2026-08-13,60.0,Clear,0.04999472222222222
TrES-3,Science,2026-08-14 06:21:16.337000+00:00,2461266.764772419,TrES-3_Session_2,TRES-3260814062116.fits,observations/2026-08-14/TRES-3/session_01/TRES-3260814062116.fits,2026-08-13,60.0,Clear,0.04996888888888889
TrES-3,Science,2026-08-14 06:24:16.721000+00:00,2461266.766860197,TrES-3_Session_2,TRES-3260814062416.fits,observations/2026-08-14/TRES-3/session_01/TRES-3260814062416.fits,2026-08-13,60.0,Clear,0.05010666666666666
TrES-3,Science,2026-08-14 06:27:15.648000+00:00,2461266.7689311113,TrES-3_Session_2,TRES-3260814062715.fits,observations/2026-08-14/TRES-3/session_01/TRES-3260814062715.fits,2026-08-13,60.0,Clear,0.049701944444444444
TrES-3,Science,2026-08-14 06:30:16.591000+00:00,2461266.7710253587,TrES-3_Session_2,TRES-3260814063016.fits,observations/2026-08-14/TRES-3/session_01/TRES-3260814063016.fits,2026-08-13,60.0,Clear,0.05026194444444445
TrES-3,Science,2026-08-14 06:33:16.557000+00:00,2461266.7731082984,TrES-3_Session_2,TRES-3260814063316.fits,observations/2026-08-14/TRES-3/session_01/TRES-3260814063316.fits,2026-08-13,60.0,Clear,0.04999055555555556
TrES-3,Science,2026-08-14 06:36:16.678000+00:00,2461266.7751930323,TrES-3_Session_2,TRES-3260814063616.fits,observations/2026-08-14/TRES-3/session_01/TRES-3260814063616.fits,2026-08-13,60.0,Clear,0.05003361111111111
TrES-3,Science,2026-08-14 06:39:16.613000+00:00,2461266.7772756135,TrES-3_Session_2,TRES-3260814063916.fits,observations/2026-08-14/TRES-3/session_01/TRES-3260814063916.fits,2026-08-13,60.0,Clear,0.04998194444444445
TrES-3,Science,2026-08-27 05:39:37.519000+00:00,2461279.7358509144,TrES-3_Session_3,TRES-3260827053937.fits,observations/2026-08-27/TRES-3/session_01/TRES-3260827053937.fits,2026-08-26,60.0,Clear,311.0058072222222
TrES-3,Science,2026-08-27 05:42:15.162000+00:00,2461279.737675486,TrES-3_Session_3,TRES-3260827054215.fits,observations/2026-08-27/TRES-3/session_01/TRES-3260827054215.fits,2026-08-26,60.0,Clear,0.04378972222222222
TrES-3,Science,2026-08-27 05:45:15.673000+00:00,2461279.7397647337,TrES-3_Session_3,TRES-3260827054515.fits,observations/2026-08-27/TRES-3/session_01/TRES-3260827054515.fits,2026-08-26,60.0,Clear,0.05014194444444444
TrES-3,Science,2026-08-27 05:48:16.323000+00:00,2461279.74185559,TrES-3_Session_3,TRES-3260827054816.fits,observations/2026-08-27/TRES-3/session_01/TRES-3260827054816.fits,2026-08-26,60.0,Clear,0.050180555555555555
TrES-3,Science,2026-08-27 05:51:15.888000+00:00,2461279.743933889,TrES-3_Session_3,TRES-3260827055115.fits,observations/2026-08-27/TRES-3/session_01/TRES-3260827055115.fits,2026-08-26,60.0,Clear,0.04987916666666667
TrES-3,Science,2026-08-27 05:54:15.483000+00:00,2461279.746012535,TrES-3_Session_3,TRES-3260827055415.fits,observations/2026-08-27/TRES-3/session_01/TRES-3260827055415.fits,2026-08-26,60.0,Clear,0.0498875
TrES-3,Science,2026-08-27 05:57:16.044000+00:00,2461279.7481023613,TrES-3_Session_3,TRES-3260827055716.fits,observations/2026-08-27/TRES-3/session_01/TRES-3260827055716.fits,2026-08-26,60.0,Clear,0.05015583333333334
TrES-3,Science,2026-08-27 06:00:15.701000+00:00,2461279.7501817243,TrES-3_Session_3,TRES-3260827060015.fits,observations/2026-08-27/TRES-3/session_01/TRES-3260827060015.fits,2026-08-26,60.0,Clear,0.049904722222222225
TrES-3,Science,2026-08-27 06:03:15.336000+00:00,2461279.7522608335,TrES-3_Session_3,TRES-3260827060315.fits,observations/2026-08-27/TRES-3/session_01/TRES-3260827060315.fits,2026-08-26,60.0,Clear,0.04989861111111111
TrES-3,Science,2026-08-27 06:06:16.031000+00:00,2461279.7543522106,TrES-3_Session_3,TRES-3260827060616.fits,observations/2026-08-27/TRES-3/session_01/TRES-3260827060616.fits,2026-08-26,60.0,Clear,0.05019305555555555
TrES-3,Science,2026-08-27 06:09:15.504000+00:00,2461279.7564294445,TrES-3_Session_3,TRES-3260827060915.fits,observations/2026-08-27/TRES-3/session_01/TRES-3260827060915.fits,2026-08-26,60.0,Clear,0.04985361111111111
TrES-3,Science,2026-08-27 06:12:15.171000+00:00,2461279.7585089235,TrES-3_Session_3,TRES-3260827061215.fits,observations/2026-08-27/TRES-3/session_01/TRES-3260827061215.fits,2026-08-26,60.0,Clear,0.0499075
TrES-3,Science,2026-08-27 06:15:15.652000+00:00,2461279.760597824,TrES-3_Session_3,TRES-3260827061515.fits,observations/2026-08-27/TRES-3/session_01/TRES-3260827061515.fits,2026-08-26,60.0,Clear,0.05013361111111111
TrES-3,Science,2026-08-27 06:18:15.200000+00:00,2461279.762675926,TrES-3_Session_3,TRES-3260827061815.fits,observations/2026-08-27/TRES-3/session_01/TRES-3260827061815.fits,2026-08-26,60.0,Clear,0.04987444444444444
TrES-3,Science,2026-08-27 06:21:15.793000+00:00,2461279.7647661227,TrES-3_Session_3,TRES-3260827062115.fits,observations/2026-08-27/TRES-3/session_01/TRES-3260827062115.fits,2026-08-26,60.0,Clear,0.05016472222222222
TrES-3,Science,2026-08-27 06:24:15.423000+00:00,2461279.7668451737,TrES-3_Session_3,TRES-3260827062415.fits,observations/2026-08-27/TRES-3/session_01/TRES-3260827062415.fits,2026-08-26,60.0,Clear,0.04989722222222222
TrES-3,Science,2026-08-27 06:27:16.076000+00:00,2461279.768936065,TrES-3_Session_3,TRES-3260827062716.fits,observations/2026-08-27/TRES-3/session_01/TRES-3260827062716.fits,2026-08-26,60.0,Clear,0.050181388888888886
TrES-3,Science,2026-08-27 06:30:15.625000+00:00,2461279.771014178,TrES-3_Session_3,TRES-3260827063015.fits,observations/2026-08-27/TRES-3/session_01/TRES-3260827063015.fits,2026-08-26,60.0,Clear,0.04987472222222222
TrES-3,Science,2026-08-27 06:33:15.391000+00:00,2461279.773094803,TrES-3_Session_3,TRES-3260827063315.fits,observations/2026-08-27/TRES-3/session_01/TRES-3260827063315.fits,2026-08-26,60.0,Clear,0.049935
TrES-3,Science,2026-08-27 06:36:15.943000+00:00,2461279.7751845256,TrES-3_Session_3,TRES-3260827063615.fits,observations/2026-08-27/TRES-3/session_01/TRES-3260827063615.fits,2026-08-26,60.0,Clear,0.050153333333333334
TrES-3,Science,2026-08-27 06:39:15.557000+00:00,2461279.7772633913,TrES-3_Session_3,TRES-3260827063915.fits,observations/2026-08-27/TRES-3/session_01/TRES-3260827063915.fits,2026-08-26,60.0,Clear,0.04989277777777778
TrES-3,Science,2026-08-27 06:42:15.160000+00:00,2461279.77934213,TrES-3_Session_3,TRES-3260827064215.fits,observations/2026-08-27/TRES-3/session_01/TRES-3260827064215.fits,2026-08-26,60.0,Clear,0.049889722222222224
TrES-3,Science,2026-08-27 06:45:15.725000+00:00,2461279.7814320023,TrES-3_Session_3,TRES-3260827064515.fits,observations/2026-08-27/TRES-3/session_01/TRES-3260827064515.fits,2026-08-26,60.0,Clear,0.05015694444444444
TrES-3,Science,2026-08-27 06:48:15.536000+00:00,2461279.7835131483,TrES-3_Session_3,TRES-3260827064815.fits,observations/2026-08-27/TRES-3/session_01/TRES-3260827064815.fits,2026-08-26,60.0,Clear,0.0499475
TrES-3,Science,2026-08-27 06:51:16.121000+00:00,2461279.7856032522,TrES-3_Session_3,TRES-3260827065116.fits,observations/2026-08-27/TRES-3/session_01/TRES-3260827065116.fits,2026-08-26,60.0,Clear,0.0501625
TrES-3,Science,2026-08-27 06:54:16.729000+00:00,2461279.7876936225,TrES-3_Session_3,TRES-3260827065416.fits,observations/2026-08-27/TRES-3/session_01/TRES-3260827065416.fits,2026-08-26,60.0,Clear,0.05016888888888889
TrES-3,Science,2026-08-27 06:57:15.270000+00:00,2461279.7897600695,TrES-3_Session_3,TRES-3260827065715.fits,observations/2026-08-27/TRES-3/session_01/TRES-3260827065715.fits,2026-08-26,60.0,Clear,0.04959472222222222
TrES-3,Science,2026-08-27 07:00:15.929000+00:00,2461279.79185103,TrES-3_Session_3,TRES-3260827070015.fits,observations/2026-08-27/TRES-3/session_01/TRES-3260827070015.fits,2026-08-27,60.0,Clear,0.05018305555555555
TrES-3,Science,2026-08-27 07:03:15.517000+00:00,2461279.793929595,TrES-3_Session_3,TRES-3260827070315.fits,observations/2026-08-27/TRES-3/session_01/TRES-3260827070315.fits,2026-08-27,60.0,Clear,0.04988555555555555
TrES-3,Science,2026-08-27 07:06:15.221000+00:00,2461279.7960095024,TrES-3_Session_3,TRES-3260827070615.fits,observations/2026-08-27/TRES-3/session_01/TRES-3260827070615.fits,2026-08-27,60.0,Clear,0.04991777777777778
TrES-3,Science,2026-08-27 07:09:16.758000+00:00,2461279.798110625,TrES-3_Session_3,TRES-3260827070916.fits,observations/2026-08-27/TRES-3/session_01/TRES-3260827070916.fits,2026-08-27,60.0,Clear,0.05042694444444445
TrES-3,Science,2026-08-27 07:12:15.357000+00:00,2461279.800177743,TrES-3_Session_3,TRES-3260827071215.fits,observations/2026-08-27/TRES-3/session_01/TRES-3260827071215.fits,2026-08-27,60.0,Clear,0.04961083333333333
TrES-3,Science,2026-08-27 07:15:16.088000+00:00,2461279.802269537,TrES-3_Session_3,TRES-3260827071516.fits,observations/2026-08-27/TRES-3/session_01/TRES-3260827071516.fits,2026-08-27,60.0,Clear,0.050203055555555556
TrES-3,Science,2026-08-27 07:18:16.716000+00:00,2461279.8043601387,TrES-3_Session_3,TRES-3260827071816.fits,observations/2026-08-27/TRES-3/session_01/TRES-3260827071816.fits,2026-08-27,60.0,Clear,0.05017444444444444
TrES-3,Science,2026-08-27 07:21:15.278000+00:00,2461279.8064268287,TrES-3_Session_3,TRES-3260827072115.fits,observations/2026-08-27/TRES-3/session_01/TRES-3260827072115.fits,2026-08-27,60.0,Clear,0.04960055555555556
TrES-3,Science,2026-08-27 07:24:16.820000+00:00,2461279.8085280093,TrES-3_Session_3,TRES-3260827072416.fits,observations/2026-08-27/TRES-3/session_01/TRES-3260827072416.fits,2026-08-27,60.0,Clear,0.05042833333333333
TrES-3,Science,2026-08-27 07:27:15.337000+00:00,2461279.8105941783,TrES-3_Session_3,TRES-3260827072715.fits,observations/2026-08-27/TRES-3/session_01/TRES-3260827072715.fits,2026-08-27,60.0,Clear,0.04958805555555555
TrES-3,Science,2026-08-27 07:30:15.822000+00:00,2461279.812683125,TrES-3_Session_3,TRES-3260827073015.fits,observations/2026-08-27/TRES-3/session_01/TRES-3260827073015.fits,2026-08-27,60.0,Clear,0.050134722222222226
TrES-3,Science,2026-08-27 07:33:15.455000+00:00,2461279.8147622105,TrES-3_Session_3,TRES-3260827073315.fits,observations/2026-08-27/TRES-3/session_01/TRES-3260827073315.fits,2026-08-27,60.0,Clear,0.04989805555555556
TrES-3,Science,2026-08-27 07:36:16.028000+00:00,2461279.816852176,TrES-3_Session_3,TRES-3260827073616.fits,observations/2026-08-27/TRES-3/session_01/TRES-3260827073616.fits,2026-08-27,60.0,Clear,0.05015916666666667
TrES-3,Science,2026-08-27 07:39:16.621000+00:00,2461279.8189423727,TrES-3_Session_3,TRES-3260827073916.fits,observations/2026-08-27/TRES-3/session_01/TRES-3260827073916.fits,2026-08-27,60.0,Clear,0.05016472222222222
TrES-3,Science,2026-08-27 07:42:15.182000+00:00,2461279.821009051,TrES-3_Session_3,TRES-3260827074215.fits,observations/2026-08-27/TRES-3/session_01/TRES-3260827074215.fits,2026-08-27,60.0,Clear,0.04960027777777778
TrES-3,Science,2026-08-27 07:45:16.778000+00:00,2461279.8231108566,TrES-3_Session_3,TRES-3260827074516.fits,observations/2026-08-27/TRES-3/session_01/TRES-3260827074516.fits,2026-08-27,60.0,Clear,0.05044333333333333
TrES-3,Science,2026-08-27 07:48:16.276000+00:00,2461279.8251883797,TrES-3_Session_3,TRES-3260827074816.fits,observations/2026-08-27/TRES-3/session_01/TRES-3260827074816.fits,2026-08-27,60.0,Clear,0.049860555555555554
TrES-3,Science,2026-08-27 07:51:15.866000+00:00,2461279.8272669674,TrES-3_Session_3,TRES-3260827075115.fits,observations/2026-08-27/TRES-3/session_01/TRES-3260827075115.fits,2026-08-27,60.0,Clear,0.04988611111111111
TrES-3,Science,2026-08-27 07:54:15.395000+00:00,2461279.8293448496,TrES-3_Session_3,TRES-3260827075415.fits,observations/2026-08-27/TRES-3/session_01/TRES-3260827075415.fits,2026-08-27,60.0,Clear,0.049869166666666666
TrES-3,Science,2026-08-27 07:57:16.033000+00:00,2461279.8314355672,TrES-3_Session_3,TRES-3260827075716.fits,observations/2026-08-27/TRES-3/session_01/TRES-3260827075716.fits,2026-08-27,60.0,Clear,0.05017722222222222
TrES-3,Science,2026-08-27 08:00:16.702000+00:00,2461279.8335266435,TrES-3_Session_3,TRES-3260827080016.fits,observations/2026-08-27/TRES-3/session_01/TRES-3260827080016.fits,2026-08-27,60.0,Clear,0.05018583333333334
TrES-3,Science,2026-08-27 08:03:16.278000+00:00,2461279.8356050695,TrES-3_Session_3,TRES-3260827080316.fits,observations/2026-08-27/TRES-3/session_01/TRES-3260827080316.fits,2026-08-27,60.0,Clear,0.049882222222222224
TrES-3,Science,2026-08-27 08:06:15.799000+00:00,2461279.8376828586,TrES-3_Session_3,TRES-3260827080615.fits,observations/2026-08-27/TRES-3/session_01/TRES-3260827080615.fits,2026-08-27,60.0,Clear,0.04986694444444444
TrES-3,Science,2026-08-27 08:09:15.414000+00:00,2461279.8397617363,TrES-3_Session_3,TRES-3260827080915.fits,observations/2026-08-27/TRES-3/session_01/TRES-3260827080915.fits,2026-08-27,60.0,Clear,0.04989305555555556
TrES-3,Science,2026-08-27 08:12:16.057000+00:00,2461279.8418525117,TrES-3_Session_3,TRES-3260827081216.fits,observations/2026-08-27/TRES-3/session_01/TRES-3260827081216.fits,2026-08-27,60.0,Clear,0.05017861111111111
TrES-3,Science,2026-08-27 08:15:15.700000+00:00,2461279.843931713,TrES-3_Session_3,TRES-3260827081515.fits,observations/2026-08-27/TRES-3/session_01/TRES-3260827081515.fits,2026-08-27,60.0,Clear,0.04990083333333333
TrES-3,Science,2026-08-27 08:18:15.294000+00:00,2461279.8460103474,TrES-3_Session_3,TRES-3260827081815.fits,observations/2026-08-27/TRES-3/session_01/TRES-3260827081815.fits,2026-08-27,60.0,Clear,0.04988722222222222
TrES-3,Science,2026-08-27 08:21:15.883000+00:00,2461279.848100498,TrES-3_Session_3,TRES-3260827082115.fits,observations/2026-08-27/TRES-3/session_01/TRES-3260827082115.fits,2026-08-27,60.0,Clear,0.05016361111111111
TrES-3,Science,2026-08-27 08:24:15.491000+00:00,2461279.850179294,TrES-3_Session_3,TRES-3260827082415.fits,observations/2026-08-27/TRES-3/session_01/TRES-3260827082415.fits,2026-08-27,60.0,Clear,0.049891111111111115
TrES-3,Science,2026-08-27 08:27:16.111000+00:00,2461279.852269803,TrES-3_Session_3,TRES-3260827082716.fits,observations/2026-08-27/TRES-3/session_01/TRES-3260827082716.fits,2026-08-27,60.0,Clear,0.05017222222222222
TrES-3,Science,2026-08-27 08:30:15.655000+00:00,2461279.8543478586,TrES-3_Session_3,TRES-3260827083015.fits,observations/2026-08-27/TRES-3/session_01/TRES-3260827083015.fits,2026-08-27,60.0,Clear,0.04987333333333334
TrES-3,Science,2026-08-27 08:33:15.186000+00:00,2461279.856425764,TrES-3_Session_3,TRES-3260827083315.fits,observations/2026-08-27/TRES-3/session_01/TRES-3260827083315.fits,2026-08-27,60.0,Clear,0.049869722222222225
TrES-3,Science,2026-08-27 08:36:16.784000+00:00,2461279.8585275924,TrES-3_Session_3,TRES-3260827083616.fits,observations/2026-08-27/TRES-3/session_01/TRES-3260827083616.fits,2026-08-27,60.0,Clear,0.05044388888888889
TrES-3,Science,2026-08-27 08:39:15.305000+00:00,2461279.860593808,TrES-3_Session_3,TRES-3260827083915.fits,observations/2026-08-27/TRES-3/session_01/TRES-3260827083915.fits,2026-08-27,60.0,Clear,0.04958916666666666
TrES-3,Science,2026-08-27 08:42:15.911000+00:00,2461279.862684155,TrES-3_Session_3,TRES-3260827084215.fits,observations/2026-08-27/TRES-3/session_01/TRES-3260827084215.fits,2026-08-27,60.0,Clear,0.05016833333333333
TrES-3,Science,2026-08-27 08:45:15.564000+00:00,2461279.864763472,TrES-3_Session_3,TRES-3260827084515.fits,observations/2026-08-27/TRES-3/session_01/TRES-3260827084515.fits,2026-08-27,60.0,Clear,0.04990361111111111
TrES-3,Science,2026-08-27 08:48:16.148000+00:00,2461279.866853565,TrES-3_Session_3,TRES-3260827084816.fits,observations/2026-08-27/TRES-3/session_01/TRES-3260827084816.fits,2026-08-27,60.0,Clear,0.050162222222222226
TrES-3,Science,2026-08-27 08:51:15.763000+00:00,2461279.8689324423,TrES-3_Session_3,TRES-3260827085115.fits,observations/2026-08-27/TRES-3/session_01/TRES-3260827085115.fits,2026-08-27,60.0,Clear,0.04989305555555556
TrES-3,Science,2026-08-27 08:54:15.355000+00:00,2461279.871011053,TrES-3_Session_3,TRES-3260827085415.fits,observations/2026-08-27/TRES-3/session_01/TRES-3260827085415.fits,2026-08-27,60.0,Clear,0.04988666666666667
TrES-3,Science,2026-08-27 08:57:16.001000+00:00,2461279.8731018635,TrES-3_Session_3,TRES-3260827085715.fits,observations/2026-08-27/TRES-3/session_01/TRES-3260827085715.fits,2026-08-27,60.0,Clear,0.05017944444444444
TrES-3,Science,2026-08-27 09:00:15.688000+00:00,2461279.875181574,TrES-3_Session_3,TRES-3260827090015.fits,observations/2026-08-27/TRES-3/session_01/TRES-3260827090015.fits,2026-08-27,60.0,Clear,0.04991305555555556
TrES-3,Science,2026-08-27 09:03:16.288000+00:00,2461279.877271852,TrES-3_Session_3,TRES-3260827090316.fits,observations/2026-08-27/TRES-3/session_01/TRES-3260827090316.fits,2026-08-27,60.0,Clear,0.050166666666666665
TrES-3,Science,2026-08-27 09:06:17.095000+00:00,2461279.8793645254,TrES-3_Session_3,TRES-3260827090617.fits,observations/2026-08-27/TRES-3/session_01/TRES-3260827090617.fits,2026-08-27,60.0,Clear,0.05022416666666666
TrES-3,Science,2026-08-31 03:47:10.252000+00:00,2461283.6577575463,TrES-3_Session_4,TRES-3260831034710.fits,observations/2026-08-31/TRES-3/session_01/TRES-3260831034710.fits,2026-08-30,60.0,Clear,90.6814325
TrES-3,Science,2026-08-31 03:48:55.498000+00:00,2461283.6589756715,TrES-3_Session_4,TRES-3260831034855.fits,observations/2026-08-31/TRES-3/session_01/TRES-3260831034855.fits,2026-08-30,60.0,Clear,0.029234999999999997
TrES-3,Science,2026-08-31 03:50:40.690000+00:00,2461283.6601931714,TrES-3_Session_4,TRES-3260831035040.fits,observations/2026-08-31/TRES-3/session_01/TRES-3260831035040.fits,2026-08-30,60.0,Clear,0.02922
TrES-3,Science,2026-08-31 03:52:24.056000+00:00,2461283.661389537,TrES-3_Session_4,TRES-3260831035224.fits,observations/2026-08-31/TRES-3/session_01/TRES-3260831035224.fits,2026-08-30,60.0,Clear,0.028712777777777778
TrES-3,Science,2026-08-31 03:54:16.367000+00:00,2461283.662689433,TrES-3_Session_4,TRES-3260831035416.fits,observations/2026-08-31/TRES-3/session_01/TRES-3260831035416.fits,2026-08-30,60.0,Clear,0.031197500000000003
TrES-3,Science,2026-08-31 03:57:15.802000+00:00,2461283.664766227,TrES-3_Session_4,TRES-3260831035715.fits,observations/2026-08-31/TRES-3/session_01/TRES-3260831035715.fits,2026-08-30,60.0,Clear,0.04984305555555556
TrES-3,Science,2026-08-31 04:00:15.337000+00:00,2461283.6668441785,TrES-3_Session_4,TRES-3260831040015.fits,observations/2026-08-31/TRES-3/session_01/TRES-3260831040015.fits,2026-08-30,60.0,Clear,0.04987083333333333
TrES-3,Science,2026-08-31 04:03:15.811000+00:00,2461283.6689329976,TrES-3_Session_4,TRES-3260831040315.fits,observations/2026-08-31/TRES-3/session_01/TRES-3260831040315.fits,2026-08-30,60.0,Clear,0.050131666666666665
TrES-3,Science,2026-08-31 04:06:15.261000+00:00,2461283.6710099652,TrES-3_Session_4,TRES-3260831040615.fits,observations/2026-08-31/TRES-3/session_01/TRES-3260831040615.fits,2026-08-30,60.0,Clear,0.049847222222222216
TrES-3,Science,2026-08-31 04:09:16.729000+00:00,2461283.6731102895,TrES-3_Session_4,TRES-3260831040916.fits,observations/2026-08-31/TRES-3/session_01/TRES-3260831040916.fits,2026-08-30,60.0,Clear,0.050407777777777774
TrES-3,Science,2026-08-31 04:12:15.178000+00:00,2461283.6751756715,TrES-3_Session_4,TRES-3260831041215.fits,observations/2026-08-31/TRES-3/session_01/TRES-3260831041215.fits,2026-08-30,60.0,Clear,0.04956916666666667
TrES-3,Science,2026-08-31 04:15:15.622000+00:00,2461283.6772641437,TrES-3_Session_4,TRES-3260831041515.fits,observations/2026-08-31/TRES-3/session_01/TRES-3260831041515.fits,2026-08-30,60.0,Clear,0.05012333333333333
TrES-3,Science,2026-08-31 04:18:16.052000+00:00,2461283.679352454,TrES-3_Session_4,TRES-3260831041816.fits,observations/2026-08-31/TRES-3/session_01/TRES-3260831041816.fits,2026-08-30,60.0,Clear,0.050119444444444446
TrES-3,Science,2026-08-31 04:21:15.484000+00:00,2461283.681429213,TrES-3_Session_4,TRES-3260831042115.fits,observations/2026-08-31/TRES-3/session_01/TRES-3260831042115.fits,2026-08-30,60.0,Clear,0.04984222222222222
TrES-3,Science,2026-08-31 04:24:15.870000+00:00,2461283.6835170137,TrES-3_Session_4,TRES-3260831042415.fits,observations/2026-08-31/TRES-3/session_01/TRES-3260831042415.fits,2026-08-30,60.0,Clear,0.05010722222222222
TrES-3,Science,2026-08-31 04:27:15.319000+00:00,2461283.68559397,TrES-3_Session_4,TRES-3260831042715.fits,observations/2026-08-31/TRES-3/session_01/TRES-3260831042715.fits,2026-08-30,60.0,Clear,0.04984694444444445
TrES-3,Science,2026-08-31 04:30:15.736000+00:00,2461283.6876821294,TrES-3_Session_4,TRES-3260831043015.fits,observations/2026-08-31/TRES-3/session_01/TRES-3260831043015.fits,2026-08-30,60.0,Clear,0.05011583333333333
TrES-3,Science,2026-08-31 04:33:15.152000+00:00,2461283.6897587036,TrES-3_Session_4,TRES-3260831043315.fits,observations/2026-08-31/TRES-3/session_01/TRES-3260831043315.fits,2026-08-30,60.0,Clear,0.04983777777777778
TrES-3,Science,2026-08-31 04:36:16.638000+00:00,2461283.691859236,TrES-3_Session_4,TRES-3260831043616.fits,observations/2026-08-31/TRES-3/session_01/TRES-3260831043616.fits,2026-08-30,60.0,Clear,0.05041277777777777
TrES-3,Science,2026-08-31 04:39:17.030000+00:00,2461283.6939471066,TrES-3_Session_4,TRES-3260831043917.fits,observations/2026-08-31/TRES-3/session_01/TRES-3260831043917.fits,2026-08-30,60.0,Clear,0.05010888888888889
TrES-3,Science,2026-08-31 04:42:15.335000+00:00,2461283.696010822,TrES-3_Session_4,TRES-3260831044215.fits,observations/2026-08-31/TRES-3/session_01/TRES-3260831044215.fits,2026-08-30,60.0,Clear,0.049529166666666666
TrES-3,Science,2026-08-31 04:45:16.722000+00:00,2461283.6981102084,TrES-3_Session_4,TRES-3260831044516.fits,observations/2026-08-31/TRES-3/session_01/TRES-3260831044516.fits,2026-08-30,60.0,Clear,0.05038527777777778
TrES-3,Science,2026-08-31 04:48:16.133000+00:00,2461283.7001867243,TrES-3_Session_4,TRES-3260831044816.fits,observations/2026-08-31/TRES-3/session_01/TRES-3260831044816.fits,2026-08-30,60.0,Clear,0.04983638888888889
TrES-3,Science,2026-08-31 04:51:15.464000+00:00,2461283.702262315,TrES-3_Session_4,TRES-3260831045115.fits,observations/2026-08-31/TRES-3/session_01/TRES-3260831045115.fits,2026-08-30,60.0,Clear,0.049814166666666666
TrES-3,Science,2026-08-31 04:54:15.990000+00:00,2461283.704351736,TrES-3_Session_4,TRES-3260831045415.fits,observations/2026-08-31/TRES-3/session_01/TRES-3260831045415.fits,2026-08-30,60.0,Clear,0.050146111111111114
TrES-3,Science,2026-08-31 04:57:16.489000+00:00,2461283.706440845,TrES-3_Session_4,TRES-3260831045716.fits,observations/2026-08-31/TRES-3/session_01/TRES-3260831045716.fits,2026-08-30,60.0,Clear,0.05013861111111111
TrES-3,Science,2026-08-31 05:00:16.959000+00:00,2461283.708529618,TrES-3_Session_4,TRES-3260831050016.fits,observations/2026-08-31/TRES-3/session_01/TRES-3260831050016.fits,2026-08-30,60.0,Clear,0.05013055555555555
TrES-3,Science,2026-08-31 05:03:15.463000+00:00,2461283.7105956366,TrES-3_Session_4,TRES-3260831050315.fits,observations/2026-08-31/TRES-3/session_01/TRES-3260831050315.fits,2026-08-30,60.0,Clear,0.049584444444444445
TrES-3,Science,2026-08-31 05:06:15.997000+00:00,2461283.7126851506,TrES-3_Session_4,TRES-3260831050615.fits,observations/2026-08-31/TRES-3/session_01/TRES-3260831050615.fits,2026-08-30,60.0,Clear,0.05014833333333333
TrES-3,Science,2026-08-31 05:09:15.477000+00:00,2461283.714762465,TrES-3_Session_4,TRES-3260831050915.fits,observations/2026-08-31/TRES-3/session_01/TRES-3260831050915.fits,2026-08-30,60.0,Clear,0.049855555555555556
TrES-3,Science,2026-08-31 05:12:16.148000+00:00,2461283.7168535646,TrES-3_Session_4,TRES-3260831051216.fits,observations/2026-08-31/TRES-3/session_01/TRES-3260831051216.fits,2026-08-30,60.0,Clear,0.050186388888888885
TrES-3,Science,2026-08-31 05:15:15.559000+00:00,2461283.718930081,TrES-3_Session_4,TRES-3260831051515.fits,observations/2026-08-31/TRES-3/session_01/TRES-3260831051515.fits,2026-08-30,60.0,Clear,0.04983638888888889
TrES-3,Science,2026-08-31 05:18:16.014000+00:00,2461283.7210186804,TrES-3_Session_4,TRES-3260831051816.fits,observations/2026-08-31/TRES-3/session_01/TRES-3260831051816.fits,2026-08-30,60.0,Clear,0.050126388888888894
TrES-3,Science,2026-08-31 05:21:16.461000+00:00,2461283.7231071875,TrES-3_Session_4,TRES-3260831052116.fits,observations/2026-08-31/TRES-3/session_01/TRES-3260831052116.fits,2026-08-30,60.0,Clear,0.050124166666666664
TrES-3,Science,2026-08-31 05:24:16.882000+00:00,2461283.7251953934,TrES-3_Session_4,TRES-3260831052416.fits,observations/2026-08-31/TRES-3/session_01/TRES-3260831052416.fits,2026-08-30,60.0,Clear,0.05011694444444444
TrES-3,Science,2026-08-31 05:27:15.396000+00:00,2461283.727261528,TrES-3_Session_4,TRES-3260831052715.fits,observations/2026-08-31/TRES-3/session_01/TRES-3260831052715.fits,2026-08-30,60.0,Clear,0.04958722222222223
TrES-3,Science,2026-08-31 05:30:16.960000+00:00,2461283.729362963,TrES-3_Session_4,TRES-3260831053016.fits,observations/2026-08-31/TRES-3/session_01/TRES-3260831053016.fits,2026-08-30,60.0,Clear,0.05043444444444444
TrES-3,Science,2026-08-31 05:33:16.350000+00:00,2461283.731439236,TrES-3_Session_4,TRES-3260831053316.fits,observations/2026-08-31/TRES-3/session_01/TRES-3260831053316.fits,2026-08-30,60.0,Clear,0.04983055555555555
TrES-3,Science,2026-08-31 05:36:16.718000+00:00,2461283.7335268287,TrES-3_Session_4,TRES-3260831053616.fits,observations/2026-08-31/TRES-3/session_01/TRES-3260831053616.fits,2026-08-30,60.0,Clear,0.05010222222222222
TrES-3,Science,2026-08-31 05:39:15.145000+00:00,2461283.735591956,TrES-3_Session_4,TRES-3260831053915.fits,observations/2026-08-31/TRES-3/session_01/TRES-3260831053915.fits,2026-08-30,60.0,Clear,0.049563055555555555
TrES-3,Science,2026-08-31 05:42:15.497000+00:00,2461283.737679363,TrES-3_Session_4,TRES-3260831054215.fits,observations/2026-08-31/TRES-3/session_01/TRES-3260831054215.fits,2026-08-30,60.0,Clear,0.050097777777777776
TrES-3,Science,2026-08-31 05:45:16.038000+00:00,2461283.739768958,TrES-3_Session_4,TRES-3260831054516.fits,observations/2026-08-31/TRES-3/session_01/TRES-3260831054516.fits,2026-08-30,60.0,Clear,0.05015027777777778
TrES-3,Science,2026-08-31 05:48:15.509000+00:00,2461283.741846169,TrES-3_Session_4,TRES-3260831054815.fits,observations/2026-08-31/TRES-3/session_01/TRES-3260831054815.fits,2026-08-30,60.0,Clear,0.04985305555555555
TrES-3,Science,2026-08-31 05:51:16.062000+00:00,2461283.7439359026,TrES-3_Session_4,TRES-3260831055116.fits,observations/2026-08-31/TRES-3/session_01/TRES-3260831055116.fits,2026-08-30,60.0,Clear,0.05015361111111111
TrES-3,Science,2026-08-31 05:54:15.471000+00:00,2461283.7460123957,TrES-3_Session_4,TRES-3260831055415.fits,observations/2026-08-31/TRES-3/session_01/TRES-3260831055415.fits,2026-08-30,60.0,Clear,0.04983583333333333
TrES-3,Science,2026-08-31 05:57:15.940000+00:00,2461283.7481011576,TrES-3_Session_4,TRES-3260831055715.fits,observations/2026-08-31/TRES-3/session_01/TRES-3260831055715.fits,2026-08-30,60.0,Clear,0.050130277777777774
TrES-3,Science,2026-08-31 06:00:15.350000+00:00,2461283.750177662,TrES-3_Session_4,TRES-3260831060015.fits,observations/2026-08-31/TRES-3/session_01/TRES-3260831060015.fits,2026-08-30,60.0,Clear,0.04983611111111111
TrES-3,Science,2026-08-31 06:03:15.761000+00:00,2461283.7522657523,TrES-3_Session_4,TRES-3260831060315.fits,observations/2026-08-31/TRES-3/session_01/TRES-3260831060315.fits,2026-08-30,60.0,Clear,0.05011416666666667
TrES-3,Science,2026-08-31 06:06:16.314000+00:00,2461283.754355486,TrES-3_Session_4,TRES-3260831060616.fits,observations/2026-08-31/TRES-3/session_01/TRES-3260831060616.fits,2026-08-30,60.0,Clear,0.05015361111111111
TrES-3,Science,2026-08-31 06:09:16.737000+00:00,2461283.756443715,TrES-3_Session_4,TRES-3260831060916.fits,observations/2026-08-31/TRES-3/session_01/TRES-3260831060916.fits,2026-08-30,60.0,Clear,0.0501175
TrES-3,Science,2026-08-31 06:12:15.238000+00:00,2461283.7585096993,TrES-3_Session_4,TRES-3260831061215.fits,observations/2026-08-31/TRES-3/session_01/TRES-3260831061215.fits,2026-08-30,60.0,Clear,0.04958361111111111
TrES-3,Science,2026-08-31 06:15:15.681000+00:00,2461283.76059816,TrES-3_Session_4,TRES-3260831061515.fits,observations/2026-08-31/TRES-3/session_01/TRES-3260831061515.fits,2026-08-30,60.0,Clear,0.05012305555555556
TrES-3,Science,2026-08-31 06:18:15.175000+00:00,2461283.7626756364,TrES-3_Session_4,TRES-3260831061815.fits,observations/2026-08-31/TRES-3/session_01/TRES-3260831061815.fits,2026-08-30,60.0,Clear,0.04985944444444444
TrES-3,Science,2026-08-31 06:21:15.626000+00:00,2461283.7647641897,TrES-3_Session_4,TRES-3260831062115.fits,observations/2026-08-31/TRES-3/session_01/TRES-3260831062115.fits,2026-08-30,60.0,Clear,0.050125277777777776
TrES-3,Science,2026-08-31 06:24:15.191000+00:00,2461283.766842488,TrES-3_Session_4,TRES-3260831062415.fits,observations/2026-08-31/TRES-3/session_01/TRES-3260831062415.fits,2026-08-30,60.0,Clear,0.04987916666666667
TrES-3,Science,2026-08-31 06:27:15.594000+00:00,2461283.768930486,TrES-3_Session_4,TRES-3260831062715.fits,observations/2026-08-31/TRES-3/session_01/TRES-3260831062715.fits,2026-08-30,60.0,Clear,0.050111944444444445
TrES-3,Science,2026-08-31 06:30:16.942000+00:00,2461283.771029421,TrES-3_Session_4,TRES-3260831063016.fits,observations/2026-08-31/TRES-3/session_01/TRES-3260831063016.fits,2026-08-30,60.0,Clear,0.05037444444444445
TrES-3,Science,2026-08-31 06:33:15.418000+00:00,2461283.7730951156,TrES-3_Session_4,TRES-3260831063315.fits,observations/2026-08-31/TRES-3/session_01/TRES-3260831063315.fits,2026-08-30,60.0,Clear,0.049576666666666665
TrES-3,Science,2026-08-31 06:36:15.848000+00:00,2461283.7751834258,TrES-3_Session_4,TRES-3260831063615.fits,observations/2026-08-31/TRES-3/session_01/TRES-3260831063615.fits,2026-08-30,60.0,Clear,0.050119444444444446
TrES-3,Science,2026-08-31 06:39:15.368000+00:00,2461283.7772612036,TrES-3_Session_4,TRES-3260831063915.fits,observations/2026-08-31/TRES-3/session_01/TRES-3260831063915.fits,2026-08-30,60.0,Clear,0.04986666666666667
TrES-3,Science,2026-08-31 06:42:15.812000+00:00,2461283.779349676,TrES-3_Session_4,TRES-3260831064215.fits,observations/2026-08-31/TRES-3/session_01/TRES-3260831064215.fits,2026-08-30,60.0,Clear,0.05012333333333333
TrES-3,Science,2026-08-31 06:45:15.260000+00:00,2461283.78142662,TrES-3_Session_4,TRES-3260831064515.fits,observations/2026-08-31/TRES-3/session_01/TRES-3260831064515.fits,2026-08-30,60.0,Clear,0.04984666666666667
TrES-3,Science,2026-08-31 06:48:15.712000+00:00,2461283.783515185,TrES-3_Session_4,TRES-3260831064815.fits,observations/2026-08-31/TRES-3/session_01/TRES-3260831064815.fits,2026-08-30,60.0,Clear,0.050125555555555555
TrES-3,Science,2026-08-31 06:51:15.179000+00:00,2461283.7855923497,TrES-3_Session_4,TRES-3260831065115.fits,observations/2026-08-31/TRES-3/session_01/TRES-3260831065115.fits,2026-08-30,60.0,Clear,0.04985194444444445
TrES-3,Science,2026-08-31 06:54:15.590000+00:00,2461283.7876804397,TrES-3_Session_4,TRES-3260831065415.fits,observations/2026-08-31/TRES-3/session_01/TRES-3260831065415.fits,2026-08-30,60.0,Clear,0.05011416666666667
TrES-3,Science,2026-08-31 06:57:16.940000+00:00,2461283.789779398,TrES-3_Session_4,TRES-3260831065716.fits,observations/2026-08-31/TRES-3/session_01/TRES-3260831065716.fits,2026-08-30,60.0,Clear,0.050374999999999996
TrES-3,Science,2026-08-31 07:00:15.403000+00:00,2461283.791844942,TrES-3_Session_4,TRES-3260831070015.fits,observations/2026-08-31/TRES-3/session_01/TRES-3260831070015.fits,2026-08-31,60.0,Clear,0.04957305555555555
TrES-3,Science,2026-08-31 07:03:15.979000+00:00,2461283.793934942,TrES-3_Session_4,TRES-3260831070315.fits,observations/2026-08-31/TRES-3/session_01/TRES-3260831070315.fits,2026-08-31,60.0,Clear,0.050159999999999996
TrES-3,Science,2026-08-31 07:06:15.432000+00:00,2461283.7960119443,TrES-3_Session_4,TRES-3260831070615.fits,observations/2026-08-31/TRES-3/session_01/TRES-3260831070615.fits,2026-08-31,60.0,Clear,0.049848055555555555
TrES-3,Science,2026-08-31 07:09:15.183000+00:00,2461283.798092396,TrES-3_Session_4,TRES-3260831070915.fits,observations/2026-08-31/TRES-3/session_01/TRES-3260831070915.fits,2026-08-31,60.0,Clear,0.049930833333333334
TrES-5,Science,2026-08-17 09:17:50.399000+00:00,2461269.887388877,TrES-5_Session_1,TRES-5260817091750.fits,observations/2026-08-17/TRES-5/session_01/TRES-5260817091750.fits,2026-08-17,60.0,Clear,
TrES-5,Science,2026-08-17 09:24:23.429000+00:00,2461269.8919378356,TrES-5_Session_1,TRES-5260817092423.fits,observations/2026-08-17/TRES-5/session_01/TRES-5260817092423.fits,2026-08-17,60.0,Clear,0.109175
TrES-5,Science,2026-08-17 09:26:06.717000+00:00,2461269.8931332985,TrES-5_Session_1,TRES-5260817092606.fits,observations/2026-08-17/TRES-5/session_01/TRES-5260817092606.fits,2026-08-17,60.0,Clear,0.02869111111111111
TrES-5,Science,2026-08-17 09:32:38.686000+00:00,2461269.897669977,TrES-5_Session_1,TRES-5260817093238.fits,observations/2026-08-17/TRES-5/session_01/TRES-5260817093238.fits,2026-08-17,60.0,Clear,0.10888027777777777
TrES-5,Science,2026-08-17 09:37:30.855000+00:00,2461269.9010515623,TrES-5_Session_1,TRES-5260817093730.fits,observations/2026-08-17/TRES-5/session_01/TRES-5260817093730.fits,2026-08-17,60.0,Clear,0.08115805555555555
TrES-5,Science,2026-08-17 09:39:14.112000+00:00,2461269.9022466666,TrES-5_Session_1,TRES-5260817093914.fits,observations/2026-08-17/TRES-5/session_01/TRES-5260817093914.fits,2026-08-17,60.0,Clear,0.0286825
TrES-5,Science,2026-08-17 09:40:59.288000+00:00,2461269.9034639816,TrES-5_Session_1,TRES-5260817094059.fits,observations/2026-08-17/TRES-5/session_01/TRES-5260817094059.fits,2026-08-17,60.0,Clear,0.029215555555555557
TrES-5,Science,2026-08-17 09:42:42.458000+00:00,2461269.9046580787,TrES-5_Session_1,TRES-5260817094242.fits,observations/2026-08-17/TRES-5/session_01/TRES-5260817094242.fits,2026-08-17,60.0,Clear,0.028658333333333334
TrES-5,Science,2026-08-17 09:44:27.649000+00:00,2461269.9058755673,TrES-5_Session_1,TRES-5260817094427.fits,observations/2026-08-17/TRES-5/session_01/TRES-5260817094427.fits,2026-08-17,60.0,Clear,0.029219722222222223
TrES-5,Science,2026-08-17 09:46:10.829000+00:00,2461269.90706978,TrES-5_Session_1,TRES-5260817094610.fits,observations/2026-08-17/TRES-5/session_01/TRES-5260817094610.fits,2026-08-17,60.0,Clear,0.028661111111111113
TrES-5,Science,2026-08-17 09:47:53.996000+00:00,2461269.9082638426,TrES-5_Session_1,TRES-5260817094753.fits,observations/2026-08-17/TRES-5/session_01/TRES-5260817094753.fits,2026-08-17,60.0,Clear,0.0286575
TrES-5,Science,2026-08-17 09:49:38.113000+00:00,2461269.9094689004,TrES-5_Session_1,TRES-5260817094938.fits,observations/2026-08-17/TRES-5/session_01/TRES-5260817094938.fits,2026-08-17,60.0,Clear,0.02892138888888889
TrES-5,Science,2026-08-17 09:51:22.291000+00:00,2461269.910674664,TrES-5_Session_1,TRES-5260817095122.fits,observations/2026-08-17/TRES-5/session_01/TRES-5260817095122.fits,2026-08-17,60.0,Clear,0.028938333333333333
TrES-5,Science,2026-08-17 09:54:15.561000+00:00,2461269.9126801044,TrES-5_Session_1,TRES-5260817095415.fits,observations/2026-08-17/TRES-5/session_01/TRES-5260817095415.fits,2026-08-17,60.0,Clear,0.04813055555555556
TrES-5,Science,2026-08-17 09:57:16.047000+00:00,2461269.9147690623,TrES-5_Session_1,TRES-5260817095716.fits,observations/2026-08-17/TRES-5/session_01/TRES-5260817095716.fits,2026-08-17,60.0,Clear,0.050135
TrES-5,Science,2026-08-17 10:00:15.435000+00:00,2461269.9168453123,TrES-5_Session_1,TRES-5260817100015.fits,observations/2026-08-17/TRES-5/session_01/TRES-5260817100015.fits,2026-08-17,60.0,Clear,0.04983
TrES-5,Science,2026-08-17 10:03:15.829000+00:00,2461269.9189332062,TrES-5_Session_1,TRES-5260817100315.fits,observations/2026-08-17/TRES-5/session_01/TRES-5260817100315.fits,2026-08-17,60.0,Clear,0.05010944444444444
TrES-5,Science,2026-08-17 10:06:16.073000+00:00,2461269.921019363,TrES-5_Session_1,TRES-5260817100616.fits,observations/2026-08-17/TRES-5/session_01/TRES-5260817100616.fits,2026-08-17,60.0,Clear,0.05006777777777778
TrES-5,Science,2026-08-17 10:09:15.603000+00:00,2461269.923097257,TrES-5_Session_1,TRES-5260817100915.fits,observations/2026-08-17/TRES-5/session_01/TRES-5260817100915.fits,2026-08-17,60.0,Clear,0.049869444444444445
TrES-5,Science,2026-08-17 10:12:16.977000+00:00,2461269.925196493,TrES-5_Session_1,TRES-5260817101216.fits,observations/2026-08-17/TRES-5/session_01/TRES-5260817101216.fits,2026-08-17,60.0,Clear,0.050381666666666665
TrES-5,Science,2026-08-17 10:15:15.269000+00:00,2461269.927260058,TrES-5_Session_1,TRES-5260817101515.fits,observations/2026-08-17/TRES-5/session_01/TRES-5260817101515.fits,2026-08-17,60.0,Clear,0.04952555555555556
TrES-5,Science,2026-08-17 10:18:15.662000+00:00,2461269.92934794,TrES-5_Session_1,TRES-5260817101815.fits,observations/2026-08-17/TRES-5/session_01/TRES-5260817101815.fits,2026-08-17,60.0,Clear,0.05010916666666667
TrES-5,Science,2026-08-17 10:21:16.069000+00:00,2461269.9314359836,TrES-5_Session_1,TRES-5260817102116.fits,observations/2026-08-17/TRES-5/session_01/TRES-5260817102116.fits,2026-08-17,60.0,Clear,0.050113055555555557
TrES-5,Science,2026-08-17 10:24:15.511000+00:00,2461269.9335128586,TrES-5_Session_1,TRES-5260817102415.fits,observations/2026-08-17/TRES-5/session_01/TRES-5260817102415.fits,2026-08-17,60.0,Clear,0.049845
TrES-5,Science,2026-08-17 10:27:15.746000+00:00,2461269.935598912,TrES-5_Session_1,TRES-5260817102715.fits,observations/2026-08-17/TRES-5/session_01/TRES-5260817102715.fits,2026-08-17,60.0,Clear,0.050065277777777785
TrES-5,Science,2026-08-17 10:30:15.192000+00:00,2461269.9376758332,TrES-5_Session_1,TRES-5260817103015.fits,observations/2026-08-17/TRES-5/session_01/TRES-5260817103015.fits,2026-08-17,60.0,Clear,0.04984611111111111
TrES-5,Science,2026-08-17 10:33:16.611000+00:00,2461269.9397755903,TrES-5_Session_1,TRES-5260817103316.fits,observations/2026-08-17/TRES-5/session_01/TRES-5260817103316.fits,2026-08-17,60.0,Clear,0.05039416666666667
TrES-5,Science,2026-08-17 10:36:16.255000+00:00,2461269.9418548034,TrES-5_Session_1,TRES-5260817103616.fits,observations/2026-08-17/TRES-5/session_01/TRES-5260817103616.fits,2026-08-17,60.0,Clear,0.04990111111111111
TrES-5,Science,2026-08-17 10:39:15.707000+00:00,2461269.943931794,TrES-5_Session_1,TRES-5260817103915.fits,observations/2026-08-17/TRES-5/session_01/TRES-5260817103915.fits,2026-08-17,60.0,Clear,0.049847777777777776
TrES-5,Science,2026-08-17 10:42:16.150000+00:00,2461269.9460202544,TrES-5_Session_1,TRES-5260817104216.fits,observations/2026-08-17/TRES-5/session_01/TRES-5260817104216.fits,2026-08-17,60.0,Clear,0.05012305555555556
TrES-5,Science,2026-08-17 10:45:15.653000+00:00,2461269.9480978358,TrES-5_Session_1,TRES-5260817104515.fits,observations/2026-08-17/TRES-5/session_01/TRES-5260817104515.fits,2026-08-17,60.0,Clear,0.04986194444444444
TrES-5,Science,2026-08-17 10:48:15.985000+00:00,2461269.9501850116,TrES-5_Session_1,TRES-5260817104815.fits,observations/2026-08-17/TRES-5/session_01/TRES-5260817104815.fits,2026-08-17,60.0,Clear,0.05009222222222222
TrES-5,Science,2026-08-17 10:51:15.347000+00:00,2461269.952260961,TrES-5_Session_1,TRES-5260817105115.fits,observations/2026-08-17/TRES-5/session_01/TRES-5260817105115.fits,2026-08-17,60.0,Clear,0.04982277777777778
TrES-5,Science,2026-08-17 10:54:15.761000+00:00,2461269.9543490857,TrES-5_Session_1,TRES-5260817105415.fits,observations/2026-08-17/TRES-5/session_01/TRES-5260817105415.fits,2026-08-17,60.0,Clear,0.050115
TrES-5,Science,2026-08-17 10:57:15.255000+00:00,2461269.9564265623,TrES-5_Session_1,TRES-5260817105715.fits,observations/2026-08-17/TRES-5/session_01/TRES-5260817105715.fits,2026-08-17,60.0,Clear,0.04985944444444444
TrES-5,Science,2026-08-17 11:00:15.837000+00:00,2461269.9585166317,TrES-5_Session_1,TRES-5260817110015.fits,observations/2026-08-17/TRES-5/session_01/TRES-5260817110015.fits,2026-08-17,60.0,Clear,0.05016166666666667
TrES-5,Science,2026-08-17 11:03:15.195000+00:00,2461269.960592535,TrES-5_Session_1,TRES-5260817110315.fits,observations/2026-08-17/TRES-5/session_01/TRES-5260817110315.fits,2026-08-17,60.0,Clear,0.04982166666666667
TrES-5,Science,2026-08-17 11:06:16.522000+00:00,2461269.962691227,TrES-5_Session_1,TRES-5260817110616.fits,observations/2026-08-17/TRES-5/session_01/TRES-5260817110616.fits,2026-08-17,60.0,Clear,0.050368611111111114
TrES-5,Science,2026-08-17 11:09:15.850000+00:00,2461269.9647667822,TrES-5_Session_1,TRES-5260817110915.fits,observations/2026-08-17/TRES-5/session_01/TRES-5260817110915.fits,2026-08-17,60.0,Clear,0.049813333333333334
TrES-5,Science,2026-08-17 11:12:15.211000+00:00,2461269.96684272,TrES-5_Session_1,TRES-5260817111215.fits,observations/2026-08-17/TRES-5/session_01/TRES-5260817111215.fits,2026-08-17,60.0,Clear,0.0498225
TrES-5,Science,2026-08-17 11:15:15.713000+00:00,2461269.9689318636,TrES-5_Session_1,TRES-5260817111515.fits,observations/2026-08-17/TRES-5/session_01/TRES-5260817111515.fits,2026-08-17,60.0,Clear,0.050139444444444445
TrES-5,Science,2026-08-17 11:18:15.268000+00:00,2461269.971010046,TrES-5_Session_1,TRES-5260817111815.fits,observations/2026-08-17/TRES-5/session_01/TRES-5260817111815.fits,2026-08-17,60.0,Clear,0.049876388888888894
TrES-5,Science,2026-08-17 11:21:15.600000+00:00,2461269.9730972224,TrES-5_Session_1,TRES-5260817112115.fits,observations/2026-08-17/TRES-5/session_01/TRES-5260817112115.fits,2026-08-17,60.0,Clear,0.05009222222222222
TrES-5,Science,2026-08-17 11:24:16.967000+00:00,2461269.9751963774,TrES-5_Session_1,TRES-5260817112416.fits,observations/2026-08-17/TRES-5/session_01/TRES-5260817112416.fits,2026-08-17,60.0,Clear,0.05037972222222222
TrES-5,Science,2026-08-17 11:27:15.257000+00:00,2461269.977259919,TrES-5_Session_1,TRES-5260817112715.fits,observations/2026-08-17/TRES-5/session_01/TRES-5260817112715.fits,2026-08-17,60.0,Clear,0.049525
TrES-5,Science,2026-08-17 11:30:15.588000+00:00,2461269.9793470833,TrES-5_Session_1,TRES-5260817113015.fits,observations/2026-08-17/TRES-5/session_01/TRES-5260817113015.fits,2026-08-17,60.0,Clear,0.05009194444444444
TrES-5,Science,2026-08-17 11:33:15.936000+00:00,2461269.9814344444,TrES-5_Session_1,TRES-5260817113315.fits,observations/2026-08-17/TRES-5/session_01/TRES-5260817113315.fits,2026-08-17,60.0,Clear,0.05009666666666667
TrES-5,Science,2026-08-17 11:36:15.345000+00:00,2461269.9835109375,TrES-5_Session_1,TRES-5260817113615.fits,observations/2026-08-17/TRES-5/session_01/TRES-5260817113615.fits,2026-08-17,60.0,Clear,0.04983583333333333
TrES-5,Science,2026-08-17 11:39:15.697000+00:00,2461269.985598345,TrES-5_Session_1,TRES-5260817113915.fits,observations/2026-08-17/TRES-5/session_01/TRES-5260817113915.fits,2026-08-17,60.0,Clear,0.050097777777777776
TrES-5,Science,2026-08-17 11:42:16.076000+00:00,2461269.987686065,TrES-5_Session_1,TRES-5260817114216.fits,observations/2026-08-17/TRES-5/session_01/TRES-5260817114216.fits,2026-08-17,60.0,Clear,0.050105277777777776
TrES-5,Science,2026-08-17 11:45:16.424000+00:00,2461269.9897734257,TrES-5_Session_1,TRES-5260817114516.fits,observations/2026-08-17/TRES-5/session_01/TRES-5260817114516.fits,2026-08-17,60.0,Clear,0.05009666666666667
TrES-5,Science,2026-08-17 11:48:15.753000+00:00,2461269.991848993,TrES-5_Session_1,TRES-5260817114815.fits,observations/2026-08-17/TRES-5/session_01/TRES-5260817114815.fits,2026-08-17,60.0,Clear,0.049813611111111114
TrES-5,Science,2026-08-17 11:51:16.048000+00:00,2461269.9939357406,TrES-5_Session_1,TRES-5260817115116.fits,observations/2026-08-17/TRES-5/session_01/TRES-5260817115116.fits,2026-08-17,60.0,Clear,0.05008194444444444
TrES-5,Science,2026-08-17 11:54:16.357000+00:00,2461269.9960226505,TrES-5_Session_1,TRES-5260817115416.fits,observations/2026-08-17/TRES-5/session_01/TRES-5260817115416.fits,2026-08-17,60.0,Clear,0.05008583333333333
TrES-5,Science,2026-08-17 12:02:03.628000+00:00,2461270.00143088,TrES-5_Session_1,TRES-5260817120203.fits,observations/2026-08-17/TRES-5/session_01/TRES-5260817120203.fits,2026-08-17,60.0,Clear,0.1297975
TrES-5,Science,2026-08-17 12:09:52.861000+00:00,2461270.006861817,TrES-5_Session_1,TRES-5260817120952.fits,observations/2026-08-17/TRES-5/session_01/TRES-5260817120952.fits,2026-08-17,60.0,Clear,0.1303425
TrES-5,Science,2026-08-17 12:17:46.115000+00:00,2461270.012339294,TrES-5_Session_1,TRES-5260817121746.fits,observations/2026-08-17/TRES-5/session_01/TRES-5260817121746.fits,2026-08-17,60.0,Clear,0.13145944444444446
TrES-5,Science,2026-08-17 12:25:50.578000+00:00,2461270.0179465045,TrES-5_Session_1,TRES-5260817122550.fits,observations/2026-08-17/TRES-5/session_01/TRES-5260817122550.fits,2026-08-17,60.0,Clear,0.13457305555555557
TrES-5,Science,2026-08-17 12:33:44.687000+00:00,2461270.023433877,TrES-5_Session_1,TRES-5260817123344.fits,observations/2026-08-17/TRES-5/session_01/TRES-5260817123344.fits,2026-08-17,60.0,Clear,0.13169694444444444
TrES-5,Science,2026-08-17 12:41:39.936000+00:00,2461270.0289344443,TrES-5_Session_1,TRES-5260817124139.fits,observations/2026-08-17/TRES-5/session_01/TRES-5260817124139.fits,2026-08-17,60.0,Clear,0.13201361111111112
TrES-5,Science,2026-08-17 12:49:36.210000+00:00,2461270.034446875,TrES-5_Session_1,TRES-5260817124936.fits,observations/2026-08-17/TRES-5/session_01/TRES-5260817124936.fits,2026-08-17,60.0,Clear,0.13229833333333332
TrES-5,Science,2026-08-17 12:57:35.450000+00:00,2461270.0399936344,TrES-5_Session_1,TRES-5260817125735.fits,observations/2026-08-17/TRES-5/session_01/TRES-5260817125735.fits,2026-08-17,60.0,Clear,0.13312222222222223
TrES-5,Science,2026-08-17 13:05:36.720000+00:00,2461270.0455638887,TrES-5_Session_1,TRES-5260817130536.fits,observations/2026-08-17/TRES-5/session_01/TRES-5260817130536.fits,2026-08-17,60.0,Clear,0.13368611111111112
TrES-5,Science,2026-08-17 13:13:49.133000+00:00,2461270.0512631135,TrES-5_Session_1,TRES-5260817131349.fits,observations/2026-08-17/TRES-5/session_01/TRES-5260817131349.fits,2026-08-17,60.0,Clear,0.13678138888888888
TrES-5,Science,2026-08-17 13:21:55.480000+00:00,2461270.0568921296,TrES-5_Session_1,TRES-5260817132155.fits,observations/2026-08-17/TRES-5/session_01/TRES-5260817132155.fits,2026-08-17,60.0,Clear,0.1350963888888889
TrES-5,Science,2026-08-17 13:30:02.844000+00:00,2461270.0625329167,TrES-5_Session_1,TRES-5260817133002.fits,observations/2026-08-17/TRES-5/session_01/TRES-5260817133002.fits,2026-08-17,60.0,Clear,0.13537888888888888
TrES-5,Science,2026-08-17 13:38:09.219000+00:00,2461270.068162257,TrES-5_Session_1,TRES-5260817133809.fits,observations/2026-08-17/TRES-5/session_01/TRES-5260817133809.fits,2026-08-17,60.0,Clear,0.13510416666666666
TrES-5,Science,2026-08-17 13:46:16.600000+00:00,2461270.073803241,TrES-5_Session_1,TRES-5260817134616.fits,observations/2026-08-17/TRES-5/session_01/TRES-5260817134616.fits,2026-08-17,60.0,Clear,0.1353836111111111
TrES-5,Science,2026-08-17 13:54:25.968000+00:00,2461270.079467222,TrES-5_Session_1,TRES-5260817135425.fits,observations/2026-08-17/TRES-5/session_01/TRES-5260817135425.fits,2026-08-17,60.0,Clear,0.13593555555555556
TrES-5,Science,2026-08-17 14:02:33.347000+00:00,2461270.085108183,TrES-5_Session_1,TRES-5260817140233.fits,observations/2026-08-17/TRES-5/session_01/TRES-5260817140233.fits,2026-08-17,60.0,Clear,0.13538305555555555
TrES-5,Science,2026-08-17 14:09:32.823000+00:00,2461270.0899632294,TrES-5_Session_1,TRES-5260817140932.fits,observations/2026-08-17/TRES-5/session_01/TRES-5260817140932.fits,2026-08-17,60.0,Clear,0.11652111111111112
TrES-5,Science,2026-08-17 14:11:36.339000+00:00,2461270.0913928123,TrES-5_Session_1,TRES-5260817141136.fits,observations/2026-08-17/TRES-5/session_01/TRES-5260817141136.fits,2026-08-17,60.0,Clear,0.03431
TrES-5,Science,2026-08-17 14:19:52.723000+00:00,2461270.097137998,TrES-5_Session_1,TRES-5260817141952.fits,observations/2026-08-17/TRES-5/session_01/TRES-5260817141952.fits,2026-08-17,60.0,Clear,0.13788444444444445
TrES-5,Science,2026-08-17 14:28:01.998000+00:00,2461270.102800903,TrES-5_Session_1,TRES-5260817142801.fits,observations/2026-08-17/TRES-5/session_01/TRES-5260817142801.fits,2026-08-17,60.0,Clear,0.13590972222222222
TrES-5,Science,2026-08-20 08:24:56.775000+00:00,2461272.850657118,TrES-5_Session_2,TRES-5260820082456.fits,observations/2026-08-20/TRES-5/session_01/TRES-5260820082456.fits,2026-08-20,60.0,Clear,65.94854916666667
TrES-5,Science,2026-08-20 08:27:16.123000+00:00,2461272.852269942,TrES-5_Session_2,TRES-5260820082716.fits,observations/2026-08-20/TRES-5/session_01/TRES-5260820082716.fits,2026-08-20,60.0,Clear,0.03870777777777778
TrES-5,Science,2026-08-20 08:30:16.545000+00:00,2461272.85435816,TrES-5_Session_2,TRES-5260820083016.fits,observations/2026-08-20/TRES-5/session_01/TRES-5260820083016.fits,2026-08-20,60.0,Clear,0.05011722222222222
TrES-5,Science,2026-08-20 08:36:15.197000+00:00,2461272.8585092244,TrES-5_Session_2,TRES-5260820083615.fits,observations/2026-08-20/TRES-5/session_01/TRES-5260820083615.fits,2026-08-20,60.0,Clear,0.09962555555555555
TrES-5,Science,2026-08-20 08:39:15.485000+00:00,2461272.8605958913,TrES-5_Session_2,TRES-5260820083915.fits,observations/2026-08-20/TRES-5/session_01/TRES-5260820083915.fits,2026-08-20,60.0,Clear,0.050080000000000006
TrES-5,Science,2026-08-20 08:42:16.014000+00:00,2461272.8626853474,TrES-5_Session_2,TRES-5260820084216.fits,observations/2026-08-20/TRES-5/session_01/TRES-5260820084216.fits,2026-08-20,60.0,Clear,0.050146944444444445
TrES-5,Science,2026-08-20 08:45:15.422000+00:00,2461272.864761829,TrES-5_Session_2,TRES-5260820084515.fits,observations/2026-08-20/TRES-5/session_01/TRES-5260820084515.fits,2026-08-20,60.0,Clear,0.04983555555555555
TrES-5,Science,2026-08-20 08:48:15.761000+00:00,2461272.866849086,TrES-5_Session_2,TRES-5260820084815.fits,observations/2026-08-20/TRES-5/session_01/TRES-5260820084815.fits,2026-08-20,60.0,Clear,0.05009416666666667
TrES-5,Science,2026-08-20 08:51:15.172000+00:00,2461272.8689256017,TrES-5_Session_2,TRES-5260820085115.fits,observations/2026-08-20/TRES-5/session_01/TRES-5260820085115.fits,2026-08-20,60.0,Clear,0.04983638888888889
TrES-5,Science,2026-08-20 08:54:16.558000+00:00,2461272.871024977,TrES-5_Session_2,TRES-5260820085416.fits,observations/2026-08-20/TRES-5/session_01/TRES-5260820085416.fits,2026-08-20,60.0,Clear,0.050385
TrES-5,Science,2026-08-20 08:57:16.034000+00:00,2461272.8731022454,TrES-5_Session_2,TRES-5260820085716.fits,observations/2026-08-20/TRES-5/session_01/TRES-5260820085716.fits,2026-08-20,60.0,Clear,0.049854444444444444
TrES-5,Science,2026-08-20 09:00:15.389000+00:00,2461272.8751781136,TrES-5_Session_2,TRES-5260820090015.fits,observations/2026-08-20/TRES-5/session_01/TRES-5260820090015.fits,2026-08-20,60.0,Clear,0.04982083333333333
TrES-5,Science,2026-08-20 09:03:15.680000+00:00,2461272.877264815,TrES-5_Session_2,TRES-5260820090315.fits,observations/2026-08-20/TRES-5/session_01/TRES-5260820090315.fits,2026-08-20,60.0,Clear,0.05008083333333333
TrES-5,Science,2026-08-20 09:06:17.072000+00:00,2461272.879364259,TrES-5_Session_2,TRES-5260820090617.fits,observations/2026-08-20/TRES-5/session_01/TRES-5260820090617.fits,2026-08-20,60.0,Clear,0.05038666666666666
TrES-5,Science,2026-08-20 09:09:15.416000+00:00,2461272.881428426,TrES-5_Session_2,TRES-5260820090915.fits,observations/2026-08-20/TRES-5/session_01/TRES-5260820090915.fits,2026-08-20,60.0,Clear,0.04954
TrES-5,Science,2026-08-20 09:12:15.826000+00:00,2461272.8835165044,TrES-5_Session_2,TRES-5260820091215.fits,observations/2026-08-20/TRES-5/session_01/TRES-5260820091215.fits,2026-08-20,60.0,Clear,0.05011388888888889
TrES-5,Science,2026-08-20 09:15:15.235000+00:00,2461272.8855929975,TrES-5_Session_2,TRES-5260820091515.fits,observations/2026-08-20/TRES-5/session_01/TRES-5260820091515.fits,2026-08-20,60.0,Clear,0.04983583333333333
TrES-5,Science,2026-08-20 09:18:15.730000+00:00,2461272.8876820602,TrES-5_Session_2,TRES-5260820091815.fits,observations/2026-08-20/TRES-5/session_01/TRES-5260820091815.fits,2026-08-20,60.0,Clear,0.0501375
TrES-5,Science,2026-08-20 09:21:16.030000+00:00,2461272.889768866,TrES-5_Session_2,TRES-5260820092116.fits,observations/2026-08-20/TRES-5/session_01/TRES-5260820092116.fits,2026-08-20,60.0,Clear,0.050083333333333334
TrES-5,Science,2026-08-20 09:24:15.448000+00:00,2461272.891845463,TrES-5_Session_2,TRES-5260820092415.fits,observations/2026-08-20/TRES-5/session_01/TRES-5260820092415.fits,2026-08-20,60.0,Clear,0.04983833333333333
TrES-5,Science,2026-08-20 09:27:16.763000+00:00,2461272.893944016,TrES-5_Session_2,TRES-5260820092716.fits,observations/2026-08-20/TRES-5/session_01/TRES-5260820092716.fits,2026-08-20,60.0,Clear,0.05036527777777778
TrES-5,Science,2026-08-20 09:30:16.109000+00:00,2461272.89601978,TrES-5_Session_2,TRES-5260820093016.fits,observations/2026-08-20/TRES-5/session_01/TRES-5260820093016.fits,2026-08-20,60.0,Clear,0.04981833333333333
TrES-5,Science,2026-08-20 09:33:15.478000+00:00,2461272.8980958103,TrES-5_Session_2,TRES-5260820093315.fits,observations/2026-08-20/TRES-5/session_01/TRES-5260820093315.fits,2026-08-20,60.0,Clear,0.04982472222222222
TrES-5,Science,2026-08-20 09:36:15.859000+00:00,2461272.9001835533,TrES-5_Session_2,TRES-5260820093615.fits,observations/2026-08-20/TRES-5/session_01/TRES-5260820093615.fits,2026-08-20,60.0,Clear,0.050105833333333336
TrES-5,Science,2026-08-20 09:39:15.155000+00:00,2461272.9022587384,TrES-5_Session_2,TRES-5260820093915.fits,observations/2026-08-20/TRES-5/session_01/TRES-5260820093915.fits,2026-08-20,60.0,Clear,0.04980444444444444
TrES-5,Science,2026-08-20 09:42:15.678000+00:00,2461272.904348125,TrES-5_Session_2,TRES-5260820094215.fits,observations/2026-08-20/TRES-5/session_01/TRES-5260820094215.fits,2026-08-20,60.0,Clear,0.050145277777777775
TrES-5,Science,2026-08-20 09:45:16.036000+00:00,2461272.906435602,TrES-5_Session_2,TRES-5260820094516.fits,observations/2026-08-20/TRES-5/session_01/TRES-5260820094516.fits,2026-08-20,60.0,Clear,0.050099444444444446
TrES-5,Science,2026-08-20 09:48:15.493000+00:00,2461272.9085126505,TrES-5_Session_2,TRES-5260820094815.fits,observations/2026-08-20/TRES-5/session_01/TRES-5260820094815.fits,2026-08-20,60.0,Clear,0.04984916666666667
TrES-5,Science,2026-08-20 09:51:15.810000+00:00,2461272.9105996527,TrES-5_Session_2,TRES-5260820095115.fits,observations/2026-08-20/TRES-5/session_01/TRES-5260820095115.fits,2026-08-20,60.0,Clear,0.05008805555555556
TrES-5,Science,2026-08-20 09:54:15.201000+00:00,2461272.9126759376,TrES-5_Session_2,TRES-5260820095415.fits,observations/2026-08-20/TRES-5/session_01/TRES-5260820095415.fits,2026-08-20,60.0,Clear,0.04983083333333333
TrES-5,Science,2026-08-20 09:57:15.611000+00:00,2461272.9147640164,TrES-5_Session_2,TRES-5260820095715.fits,observations/2026-08-20/TRES-5/session_01/TRES-5260820095715.fits,2026-08-20,60.0,Clear,0.05011388888888889
TrES-5,Science,2026-08-20 10:00:15.895000+00:00,2461272.9168506367,TrES-5_Session_2,TRES-5260820100015.fits,observations/2026-08-20/TRES-5/session_01/TRES-5260820100015.fits,2026-08-20,60.0,Clear,0.05007888888888889
TrES-5,Science,2026-08-20 10:03:15.179000+00:00,2461272.918925683,TrES-5_Session_2,TRES-5260820100315.fits,observations/2026-08-20/TRES-5/session_01/TRES-5260820100315.fits,2026-08-20,60.0,Clear,0.04980111111111111
TrES-5,Science,2026-08-20 10:06:16.488000+00:00,2461272.9210241665,TrES-5_Session_2,TRES-5260820100616.fits,observations/2026-08-20/TRES-5/session_01/TRES-5260820100616.fits,2026-08-20,60.0,Clear,0.05036361111111111
TrES-5,Science,2026-08-20 10:09:15.851000+00:00,2461272.9231001274,TrES-5_Session_2,TRES-5260820100915.fits,observations/2026-08-20/TRES-5/session_01/TRES-5260820100915.fits,2026-08-20,60.0,Clear,0.04982305555555556
TrES-5,Science,2026-08-20 10:12:15.171000+00:00,2461272.9251755904,TrES-5_Session_2,TRES-5260820101215.fits,observations/2026-08-20/TRES-5/session_01/TRES-5260820101215.fits,2026-08-20,60.0,Clear,0.04981111111111111
TrES-5,Science,2026-08-20 10:15:15.610000+00:00,2461272.9272640045,TrES-5_Session_2,TRES-5260820101515.fits,observations/2026-08-20/TRES-5/session_01/TRES-5260820101515.fits,2026-08-20,60.0,Clear,0.05012194444444444
TrES-5,Science,2026-08-20 10:18:16.045000+00:00,2461272.929352373,TrES-5_Session_2,TRES-5260820101816.fits,observations/2026-08-20/TRES-5/session_01/TRES-5260820101816.fits,2026-08-20,60.0,Clear,0.05012083333333334
TrES-5,Science,2026-08-20 10:21:15.325000+00:00,2461272.9314273726,TrES-5_Session_2,TRES-5260820102115.fits,observations/2026-08-20/TRES-5/session_01/TRES-5260820102115.fits,2026-08-20,60.0,Clear,0.0498
TrES-5,Science,2026-08-20 10:24:15.651000+00:00,2461272.933514479,TrES-5_Session_2,TRES-5260820102415.fits,observations/2026-08-20/TRES-5/session_01/TRES-5260820102415.fits,2026-08-20,60.0,Clear,0.050090555555555555
TrES-5,Science,2026-08-20 10:27:15.952000+00:00,2461272.9356012964,TrES-5_Session_2,TRES-5260820102715.fits,observations/2026-08-20/TRES-5/session_01/TRES-5260820102715.fits,2026-08-20,60.0,Clear,0.050083611111111107
TrES-5,Science,2026-08-20 10:30:15.242000+00:00,2461272.937676412,TrES-5_Session_2,TRES-5260820103015.fits,observations/2026-08-20/TRES-5/session_01/TRES-5260820103015.fits,2026-08-20,60.0,Clear,0.04980277777777777
TrES-5,Science,2026-08-20 10:33:15.637000+00:00,2461272.939764317,TrES-5_Session_2,TRES-5260820103315.fits,observations/2026-08-20/TRES-5/session_01/TRES-5260820103315.fits,2026-08-20,60.0,Clear,0.05010972222222222
TrES-5,Science,2026-08-20 10:36:16.033000+00:00,2461272.941852234,TrES-5_Session_2,TRES-5260820103616.fits,observations/2026-08-20/TRES-5/session_01/TRES-5260820103616.fits,2026-08-20,60.0,Clear,0.050109999999999995
TrES-5,Science,2026-08-20 10:39:15.422000+00:00,2461272.9439284955,TrES-5_Session_2,TRES-5260820103915.fits,observations/2026-08-20/TRES-5/session_01/TRES-5260820103915.fits,2026-08-20,60.0,Clear,0.04983027777777778
TrES-5,Science,2026-08-20 10:42:15.828000+00:00,2461272.9460165277,TrES-5_Session_2,TRES-5260820104215.fits,observations/2026-08-20/TRES-5/session_01/TRES-5260820104215.fits,2026-08-20,60.0,Clear,0.05011277777777778
TrES-5,Science,2026-08-20 10:45:16.243000+00:00,2461272.948104664,TrES-5_Session_2,TRES-5260820104516.fits,observations/2026-08-20/TRES-5/session_01/TRES-5260820104516.fits,2026-08-20,60.0,Clear,0.05011527777777777
TrES-5,Science,2026-08-20 10:48:15.529000+00:00,2461272.950179734,TrES-5_Session_2,TRES-5260820104815.fits,observations/2026-08-20/TRES-5/session_01/TRES-5260820104815.fits,2026-08-20,60.0,Clear,0.04980166666666667
TrES-5,Science,2026-08-20 10:51:15.859000+00:00,2461272.9522668864,TrES-5_Session_2,TRES-5260820105115.fits,observations/2026-08-20/TRES-5/session_01/TRES-5260820105115.fits,2026-08-20,60.0,Clear,0.05009166666666667
TrES-5,Science,2026-08-20 10:54:15.228000+00:00,2461272.9543429166,TrES-5_Session_2,TRES-5260820105415.fits,observations/2026-08-20/TRES-5/session_01/TRES-5260820105415.fits,2026-08-20,60.0,Clear,0.04982472222222222
TrES-5,Science,2026-08-20 10:57:15.645000+00:00,2461272.9564310764,TrES-5_Session_2,TRES-5260820105715.fits,observations/2026-08-20/TRES-5/session_01/TRES-5260820105715.fits,2026-08-20,60.0,Clear,0.05011583333333333
TrES-5,Science,2026-08-20 11:00:16.932000+00:00,2461272.9585293056,TrES-5_Session_2,TRES-5260820110016.fits,observations/2026-08-20/TRES-5/session_01/TRES-5260820110016.fits,2026-08-20,60.0,Clear,0.0503575
TrES-5,Science,2026-08-20 11:03:15.371000+00:00,2461272.9605945717,TrES-5_Session_2,TRES-5260820110315.fits,observations/2026-08-20/TRES-5/session_01/TRES-5260820110315.fits,2026-08-20,60.0,Clear,0.04956638888888889
TrES-5,Science,2026-08-20 11:06:15.666000+00:00,2461272.9626813196,TrES-5_Session_2,TRES-5260820110615.fits,observations/2026-08-20/TRES-5/session_01/TRES-5260820110615.fits,2026-08-20,60.0,Clear,0.05008194444444444
TrES-5,Science,2026-08-20 11:09:16.123000+00:00,2461272.964769942,TrES-5_Session_2,TRES-5260820110916.fits,observations/2026-08-20/TRES-5/session_01/TRES-5260820110916.fits,2026-08-20,60.0,Clear,0.05012694444444444
TrES-5,Science,2026-08-20 11:12:16.421000+00:00,2461272.9668567246,TrES-5_Session_2,TRES-5260820111216.fits,observations/2026-08-20/TRES-5/session_01/TRES-5260820111216.fits,2026-08-20,60.0,Clear,0.05008277777777778
TrES-5,Science,2026-08-20 11:15:16.990000+00:00,2461272.9689466436,TrES-5_Session_2,TRES-5260820111516.fits,observations/2026-08-20/TRES-5/session_01/TRES-5260820111516.fits,2026-08-20,60.0,Clear,0.05015805555555555
TrES-5,Science,2026-08-20 11:18:15.410000+00:00,2461272.97101169,TrES-5_Session_2,TRES-5260820111815.fits,observations/2026-08-20/TRES-5/session_01/TRES-5260820111815.fits,2026-08-20,60.0,Clear,0.049561111111111104
TrES-5,Science,2026-08-20 11:21:15.746000+00:00,2461272.973098912,TrES-5_Session_2,TRES-5260820112115.fits,observations/2026-08-20/TRES-5/session_01/TRES-5260820112115.fits,2026-08-20,60.0,Clear,0.05009333333333334
TrES-5,Science,2026-08-20 11:24:16.108000+00:00,2461272.975186435,TrES-5_Session_2,TRES-5260820112416.fits,observations/2026-08-20/TRES-5/session_01/TRES-5260820112416.fits,2026-08-20,60.0,Clear,0.05010055555555555
TrES-5,Science,2026-08-20 11:27:16.465000+00:00,2461272.9772739005,TrES-5_Session_2,TRES-5260820112716.fits,observations/2026-08-20/TRES-5/session_01/TRES-5260820112716.fits,2026-08-20,60.0,Clear,0.05009916666666667
TrES-5,Science,2026-08-20 11:30:15.883000+00:00,2461272.9793504975,TrES-5_Session_2,TRES-5260820113015.fits,observations/2026-08-20/TRES-5/session_01/TRES-5260820113015.fits,2026-08-20,60.0,Clear,0.04983833333333333
TrES-5,Science,2026-08-20 11:33:16.141000+00:00,2461272.981436817,TrES-5_Session_2,TRES-5260820113316.fits,observations/2026-08-20/TRES-5/session_01/TRES-5260820113316.fits,2026-08-20,60.0,Clear,0.05007166666666667
TrES-5,Science,2026-08-20 11:36:15.570000+00:00,2461272.9835135415,TrES-5_Session_2,TRES-5260820113615.fits,observations/2026-08-20/TRES-5/session_01/TRES-5260820113615.fits,2026-08-20,60.0,Clear,0.049841388888888886
TrES-5,Science,2026-08-20 11:39:15.889000+00:00,2461272.985600567,TrES-5_Session_2,TRES-5260820113915.fits,observations/2026-08-20/TRES-5/session_01/TRES-5260820113915.fits,2026-08-20,60.0,Clear,0.050088611111111105
TrES-5,Science,2026-08-20 11:42:16.266000+00:00,2461272.987688264,TrES-5_Session_2,TRES-5260820114216.fits,observations/2026-08-20/TRES-5/session_01/TRES-5260820114216.fits,2026-08-20,60.0,Clear,0.050104722222222224
TrES-5,Science,2026-08-20 11:45:15.673000+00:00,2461272.9897647337,TrES-5_Session_2,TRES-5260820114515.fits,observations/2026-08-20/TRES-5/session_01/TRES-5260820114515.fits,2026-08-20,60.0,Clear,0.049835277777777784
TrES-5,Science,2026-08-20 11:48:17.145000+00:00,2461272.991865104,TrES-5_Session_2,TRES-5260820114817.fits,observations/2026-08-20/TRES-5/session_01/TRES-5260820114817.fits,2026-08-20,60.0,Clear,0.05040888888888889
TrES-5,Science,2026-08-20 11:51:15.525000+00:00,2461272.9939296874,TrES-5_Session_2,TRES-5260820115115.fits,observations/2026-08-20/TRES-5/session_01/TRES-5260820115115.fits,2026-08-20,60.0,Clear,0.04955
TrES-5,Science,2026-08-20 11:54:15.870000+00:00,2461272.9960170137,TrES-5_Session_2,TRES-5260820115415.fits,observations/2026-08-20/TRES-5/session_01/TRES-5260820115415.fits,2026-08-20,60.0,Clear,0.05009583333333333
TrES-5,Science,2026-08-20 11:57:16.276000+00:00,2461272.9981050463,TrES-5_Session_2,TRES-5260820115716.fits,observations/2026-08-20/TRES-5/session_01/TRES-5260820115716.fits,2026-08-20,60.0,Clear,0.05011277777777778
TrES-5,Science,2026-08-20 12:05:08.479000+00:00,2461273.0035703587,TrES-5_Session_2,TRES-5260820120508.fits,observations/2026-08-20/TRES-5/session_01/TRES-5260820120508.fits,2026-08-20,60.0,Clear,0.1311675
TrES-5,Science,2026-08-20 12:13:01.883000+00:00,2461273.0090495716,TrES-5_Session_2,TRES-5260820121301.fits,observations/2026-08-20/TRES-5/session_01/TRES-5260820121301.fits,2026-08-20,60.0,Clear,0.1315011111111111
TrES-5,Science,2026-08-20 12:20:59.071000+00:00,2461273.014572581,TrES-5_Session_2,TRES-5260820122059.fits,observations/2026-08-20/TRES-5/session_01/TRES-5260820122059.fits,2026-08-20,60.0,Clear,0.1325522222222222
TrES-5,Science,2026-08-26 06:44:46.938000+00:00,2461278.7810988193,TrES-5_Session_3,TRES-5260826064446.fits,observations/2026-08-26/TRES-5/session_01/TRES-5260826064446.fits,2026-08-25,60.0,Clear,138.39662972222223
TrES-5,Science,2026-08-26 06:46:30.182000+00:00,2461278.7822937733,TrES-5_Session_3,TRES-5260826064630.fits,observations/2026-08-26/TRES-5/session_01/TRES-5260826064630.fits,2026-08-25,60.0,Clear,0.02867888888888889
TrES-5,Science,2026-08-26 06:48:15.285000+00:00,2461278.783510243,TrES-5_Session_3,TRES-5260826064815.fits,observations/2026-08-26/TRES-5/session_01/TRES-5260826064815.fits,2026-08-25,60.0,Clear,0.029195277777777775
TrES-5,Science,2026-08-26 06:51:16.826000+00:00,2461278.785611412,TrES-5_Session_3,TRES-5260826065116.fits,observations/2026-08-26/TRES-5/session_01/TRES-5260826065116.fits,2026-08-25,60.0,Clear,0.05042805555555555
TrES-5,Science,2026-08-26 06:54:16.151000+00:00,2461278.787686933,TrES-5_Session_3,TRES-5260826065416.fits,observations/2026-08-26/TRES-5/session_01/TRES-5260826065416.fits,2026-08-25,60.0,Clear,0.049812499999999996
TrES-5,Science,2026-08-26 06:57:15.561000+00:00,2461278.7897634376,TrES-5_Session_3,TRES-5260826065715.fits,observations/2026-08-26/TRES-5/session_01/TRES-5260826065715.fits,2026-08-25,60.0,Clear,0.04983611111111111
TrES-5,Science,2026-08-26 07:00:15.915000+00:00,2461278.791850868,TrES-5_Session_3,TRES-5260826070015.fits,observations/2026-08-26/TRES-5/session_01/TRES-5260826070015.fits,2026-08-26,60.0,Clear,0.050098333333333335
TrES-5,Science,2026-08-26 07:03:15.462000+00:00,2461278.7939289585,TrES-5_Session_3,TRES-5260826070315.fits,observations/2026-08-26/TRES-5/session_01/TRES-5260826070315.fits,2026-08-26,60.0,Clear,0.049874166666666664
TrES-5,Science,2026-08-26 07:06:15.907000+00:00,2461278.796017442,TrES-5_Session_3,TRES-5260826070615.fits,observations/2026-08-26/TRES-5/session_01/TRES-5260826070615.fits,2026-08-26,60.0,Clear,0.05012361111111111
TrES-5,Science,2026-08-26 07:09:15.178000+00:00,2461278.798092338,TrES-5_Session_3,TRES-5260826070915.fits,observations/2026-08-26/TRES-5/session_01/TRES-5260826070915.fits,2026-08-26,60.0,Clear,0.049797499999999995
TrES-5,Science,2026-08-26 07:12:15.486000+00:00,2461278.800179236,TrES-5_Session_3,TRES-5260826071215.fits,observations/2026-08-26/TRES-5/session_01/TRES-5260826071215.fits,2026-08-26,60.0,Clear,0.05008555555555556
TrES-5,Science,2026-08-26 07:15:16.786000+00:00,2461278.8022776158,TrES-5_Session_3,TRES-5260826071516.fits,observations/2026-08-26/TRES-5/session_01/TRES-5260826071516.fits,2026-08-26,60.0,Clear,0.05036111111111111
TrES-5,Science,2026-08-26 07:18:16.058000+00:00,2461278.8043525233,TrES-5_Session_3,TRES-5260826071816.fits,observations/2026-08-26/TRES-5/session_01/TRES-5260826071816.fits,2026-08-26,60.0,Clear,0.049797777777777774
TrES-5,Science,2026-08-26 07:21:15.402000+00:00,2461278.806428264,TrES-5_Session_3,TRES-5260826072115.fits,observations/2026-08-26/TRES-5/session_01/TRES-5260826072115.fits,2026-08-26,60.0,Clear,0.04981777777777777
TrES-5,Science,2026-08-26 07:24:15.946000+00:00,2461278.8085178933,TrES-5_Session_3,TRES-5260826072415.fits,observations/2026-08-26/TRES-5/session_01/TRES-5260826072415.fits,2026-08-26,60.0,Clear,0.05015111111111111
TrES-5,Science,2026-08-26 07:27:16.276000+00:00,2461278.8106050463,TrES-5_Session_3,TRES-5260826072716.fits,observations/2026-08-26/TRES-5/session_01/TRES-5260826072716.fits,2026-08-26,60.0,Clear,0.05009166666666667
TrES-5,Science,2026-08-26 07:30:16.840000+00:00,2461278.812694907,TrES-5_Session_3,TRES-5260826073016.fits,observations/2026-08-26/TRES-5/session_01/TRES-5260826073016.fits,2026-08-26,60.0,Clear,0.05015666666666666
TrES-5,Science,2026-08-26 07:33:15.153000+00:00,2461278.814758715,TrES-5_Session_3,TRES-5260826073315.fits,observations/2026-08-26/TRES-5/session_01/TRES-5260826073315.fits,2026-08-26,60.0,Clear,0.04953138888888889
TrES-5,Science,2026-08-26 07:36:15.494000+00:00,2461278.8168459954,TrES-5_Session_3,TRES-5260826073615.fits,observations/2026-08-26/TRES-5/session_01/TRES-5260826073615.fits,2026-08-26,60.0,Clear,0.05009472222222222
TrES-5,Science,2026-08-26 07:39:15.966000+00:00,2461278.8189347917,TrES-5_Session_3,TRES-5260826073915.fits,observations/2026-08-26/TRES-5/session_01/TRES-5260826073915.fits,2026-08-26,60.0,Clear,0.05013111111111111
TrES-5,Science,2026-08-26 07:42:15.489000+00:00,2461278.821012604,TrES-5_Session_3,TRES-5260826074215.fits,observations/2026-08-26/TRES-5/session_01/TRES-5260826074215.fits,2026-08-26,60.0,Clear,0.0498675
TrES-5,Science,2026-08-26 07:45:16.822000+00:00,2461278.8231113655,TrES-5_Session_3,TRES-5260826074516.fits,observations/2026-08-26/TRES-5/session_01/TRES-5260826074516.fits,2026-08-26,60.0,Clear,0.05037027777777778
TrES-5,Science,2026-08-26 07:48:15.159000+00:00,2461278.8251754516,TrES-5_Session_3,TRES-5260826074815.fits,observations/2026-08-26/TRES-5/session_01/TRES-5260826074815.fits,2026-08-26,60.0,Clear,0.04953805555555555
TrES-5,Science,2026-08-26 07:51:15.531000+00:00,2461278.8272630903,TrES-5_Session_3,TRES-5260826075115.fits,observations/2026-08-26/TRES-5/session_01/TRES-5260826075115.fits,2026-08-26,60.0,Clear,0.05010333333333334
TrES-5,Science,2026-08-26 07:54:16.985000+00:00,2461278.8293632525,TrES-5_Session_3,TRES-5260826075416.fits,observations/2026-08-26/TRES-5/session_01/TRES-5260826075416.fits,2026-08-26,60.0,Clear,0.050403888888888894
TrES-5,Science,2026-08-26 07:57:16.437000+00:00,2461278.831440243,TrES-5_Session_3,TRES-5260826075716.fits,observations/2026-08-26/TRES-5/session_01/TRES-5260826075716.fits,2026-08-26,60.0,Clear,0.049847777777777776
TrES-5,Science,2026-08-26 08:00:15.998000+00:00,2461278.8335184953,TrES-5_Session_3,TRES-5260826080015.fits,observations/2026-08-26/TRES-5/session_01/TRES-5260826080015.fits,2026-08-26,60.0,Clear,0.04987805555555556
TrES-5,Science,2026-08-26 08:03:15.405000+00:00,2461278.835594965,TrES-5_Session_3,TRES-5260826080315.fits,observations/2026-08-26/TRES-5/session_01/TRES-5260826080315.fits,2026-08-26,60.0,Clear,0.049835277777777784
TrES-5,Science,2026-08-26 08:06:15.786000+00:00,2461278.837682708,TrES-5_Session_3,TRES-5260826080615.fits,observations/2026-08-26/TRES-5/session_01/TRES-5260826080615.fits,2026-08-26,60.0,Clear,0.050105833333333336
TrES-5,Science,2026-08-26 08:09:16.034000+00:00,2461278.839768912,TrES-5_Session_3,TRES-5260826080916.fits,observations/2026-08-26/TRES-5/session_01/TRES-5260826080916.fits,2026-08-26,60.0,Clear,0.050068888888888885
TrES-5,Science,2026-08-26 08:12:15.515000+00:00,2461278.8418462384,TrES-5_Session_3,TRES-5260826081215.fits,observations/2026-08-26/TRES-5/session_01/TRES-5260826081215.fits,2026-08-26,60.0,Clear,0.04985583333333333
TrES-5,Science,2026-08-26 08:15:16.870000+00:00,2461278.8439452546,TrES-5_Session_3,TRES-5260826081516.fits,observations/2026-08-26/TRES-5/session_01/TRES-5260826081516.fits,2026-08-26,60.0,Clear,0.05037638888888889
TrES-5,Science,2026-08-26 08:18:15.252000+00:00,2461278.846009861,TrES-5_Session_3,TRES-5260826081815.fits,observations/2026-08-26/TRES-5/session_01/TRES-5260826081815.fits,2026-08-26,60.0,Clear,0.049550555555555556
TrES-5,Science,2026-08-26 08:21:15.808000+00:00,2461278.84809963,TrES-5_Session_3,TRES-5260826082115.fits,observations/2026-08-26/TRES-5/session_01/TRES-5260826082115.fits,2026-08-26,60.0,Clear,0.050154444444444446
TrES-5,Science,2026-08-26 08:24:15.183000+00:00,2461278.850175729,TrES-5_Session_3,TRES-5260826082415.fits,observations/2026-08-26/TRES-5/session_01/TRES-5260826082415.fits,2026-08-26,60.0,Clear,0.04982638888888889
TrES-5,Science,2026-08-26 08:27:15.586000+00:00,2461278.8522637268,TrES-5_Session_3,TRES-5260826082715.fits,observations/2026-08-26/TRES-5/session_01/TRES-5260826082715.fits,2026-08-26,60.0,Clear,0.050111944444444445
TrES-5,Science,2026-08-26 08:30:15.930000+00:00,2461278.854351042,TrES-5_Session_3,TRES-5260826083015.fits,observations/2026-08-26/TRES-5/session_01/TRES-5260826083015.fits,2026-08-26,60.0,Clear,0.05009555555555555
TrES-5,Science,2026-08-26 08:33:16.321000+00:00,2461278.8564389003,TrES-5_Session_3,TRES-5260826083316.fits,observations/2026-08-26/TRES-5/session_01/TRES-5260826083316.fits,2026-08-26,60.0,Clear,0.05010861111111111
TrES-5,Science,2026-08-26 08:36:16.690000+00:00,2461278.8585265046,TrES-5_Session_3,TRES-5260826083616.fits,observations/2026-08-26/TRES-5/session_01/TRES-5260826083616.fits,2026-08-26,60.0,Clear,0.0501025
TrES-5,Science,2026-08-26 08:39:15.949000+00:00,2461278.8606012617,TrES-5_Session_3,TRES-5260826083915.fits,observations/2026-08-26/TRES-5/session_01/TRES-5260826083915.fits,2026-08-26,60.0,Clear,0.04979416666666666
TrES-5,Science,2026-08-26 08:42:15.381000+00:00,2461278.8626780207,TrES-5_Session_3,TRES-5260826084215.fits,observations/2026-08-26/TRES-5/session_01/TRES-5260826084215.fits,2026-08-26,60.0,Clear,0.04984222222222222
TrES-5,Science,2026-08-26 08:45:15.749000+00:00,2461278.8647656133,TrES-5_Session_3,TRES-5260826084515.fits,observations/2026-08-26/TRES-5/session_01/TRES-5260826084515.fits,2026-08-26,60.0,Clear,0.05010222222222222
TrES-5,Science,2026-08-26 08:48:16.157000+00:00,2461278.866853669,TrES-5_Session_3,TRES-5260826084816.fits,observations/2026-08-26/TRES-5/session_01/TRES-5260826084816.fits,2026-08-26,60.0,Clear,0.05011333333333333
TrES-5,Science,2026-08-26 08:51:16.477000+00:00,2461278.868940706,TrES-5_Session_3,TRES-5260826085116.fits,observations/2026-08-26/TRES-5/session_01/TRES-5260826085116.fits,2026-08-26,60.0,Clear,0.050088888888888884
TrES-5,Science,2026-08-26 08:54:17.089000+00:00,2461278.8710311227,TrES-5_Session_3,TRES-5260826085417.fits,observations/2026-08-26/TRES-5/session_01/TRES-5260826085417.fits,2026-08-26,60.0,Clear,0.05017
TrES-5,Science,2026-08-26 08:57:15.521000+00:00,2461278.8730963077,TrES-5_Session_3,TRES-5260826085715.fits,observations/2026-08-26/TRES-5/session_01/TRES-5260826085715.fits,2026-08-26,60.0,Clear,0.04956444444444444
TrES-5,Science,2026-08-26 09:00:15.978000+00:00,2461278.8751849304,TrES-5_Session_3,TRES-5260826090015.fits,observations/2026-08-26/TRES-5/session_01/TRES-5260826090015.fits,2026-08-26,60.0,Clear,0.05012694444444444
TrES-5,Science,2026-08-26 09:03:15.330000+00:00,2461278.8772607637,TrES-5_Session_3,TRES-5260826090315.fits,observations/2026-08-26/TRES-5/session_01/TRES-5260826090315.fits,2026-08-26,60.0,Clear,0.04982
TrES-5,Science,2026-08-26 09:06:15.712000+00:00,2461278.8793485183,TrES-5_Session_3,TRES-5260826090615.fits,observations/2026-08-26/TRES-5/session_01/TRES-5260826090615.fits,2026-08-26,60.0,Clear,0.050106111111111115
TrES-5,Science,2026-08-26 09:09:16.026000+00:00,2461278.881435486,TrES-5_Session_3,TRES-5260826090916.fits,observations/2026-08-26/TRES-5/session_01/TRES-5260826090916.fits,2026-08-26,60.0,Clear,0.05008722222222222
TrES-5,Science,2026-08-26 09:12:15.469000+00:00,2461278.8835123726,TrES-5_Session_3,TRES-5260826091215.fits,observations/2026-08-26/TRES-5/session_01/TRES-5260826091215.fits,2026-08-26,60.0,Clear,0.04984527777777778
TrES-5,Science,2026-08-26 09:15:15.843000+00:00,2461278.8856000346,TrES-5_Session_3,TRES-5260826091515.fits,observations/2026-08-26/TRES-5/session_01/TRES-5260826091515.fits,2026-08-26,60.0,Clear,0.050103888888888885
TrES-5,Science,2026-08-26 09:18:15.335000+00:00,2461278.8876774884,TrES-5_Session_3,TRES-5260826091815.fits,observations/2026-08-26/TRES-5/session_01/TRES-5260826091815.fits,2026-08-26,60.0,Clear,0.04985888888888888
TrES-5,Science,2026-08-26 09:21:15.647000+00:00,2461278.889764433,TrES-5_Session_3,TRES-5260826092115.fits,observations/2026-08-26/TRES-5/session_01/TRES-5260826092115.fits,2026-08-26,60.0,Clear,0.05008666666666667
TrES-5,Science,2026-08-26 09:24:15.181000+00:00,2461278.8918423727,TrES-5_Session_3,TRES-5260826092415.fits,observations/2026-08-26/TRES-5/session_01/TRES-5260826092415.fits,2026-08-26,60.0,Clear,0.04987055555555555
TrES-5,Science,2026-08-26 09:27:15.488000+00:00,2461278.8939292594,TrES-5_Session_3,TRES-5260826092715.fits,observations/2026-08-26/TRES-5/session_01/TRES-5260826092715.fits,2026-08-26,60.0,Clear,0.05008527777777778
TrES-5,Science,2026-08-26 09:30:16.947000+00:00,2461278.8960294793,TrES-5_Session_3,TRES-5260826093016.fits,observations/2026-08-26/TRES-5/session_01/TRES-5260826093016.fits,2026-08-26,60.0,Clear,0.05040527777777778
TrES-5,Science,2026-08-26 09:33:15.303000+00:00,2461278.8980937847,TrES-5_Session_3,TRES-5260826093315.fits,observations/2026-08-26/TRES-5/session_01/TRES-5260826093315.fits,2026-08-26,60.0,Clear,0.049543333333333335
TrES-5,Science,2026-08-26 09:36:15.700000+00:00,2461278.900181713,TrES-5_Session_3,TRES-5260826093615.fits,observations/2026-08-26/TRES-5/session_01/TRES-5260826093615.fits,2026-08-26,60.0,Clear,0.050110277777777774
TrES-5,Science,2026-08-26 09:39:16.030000+00:00,2461278.9022688656,TrES-5_Session_3,TRES-5260826093916.fits,observations/2026-08-26/TRES-5/session_01/TRES-5260826093916.fits,2026-08-26,60.0,Clear,0.05009166666666667
TrES-5,Science,2026-08-26 09:42:15.461000+00:00,2461278.9043456134,TrES-5_Session_3,TRES-5260826094215.fits,observations/2026-08-26/TRES-5/session_01/TRES-5260826094215.fits,2026-08-26,60.0,Clear,0.049841944444444446
TrES-5,Science,2026-08-26 09:45:15.817000+00:00,2461278.9064330673,TrES-5_Session_3,TRES-5260826094515.fits,observations/2026-08-26/TRES-5/session_01/TRES-5260826094515.fits,2026-08-26,60.0,Clear,0.05009888888888889
TrES-5,Science,2026-08-26 09:48:16.183000+00:00,2461278.9085206366,TrES-5_Session_3,TRES-5260826094816.fits,observations/2026-08-26/TRES-5/session_01/TRES-5260826094816.fits,2026-08-26,60.0,Clear,0.05010166666666667
TrES-5,Science,2026-08-26 09:51:15.537000+00:00,2461278.910596493,TrES-5_Session_3,TRES-5260826095115.fits,observations/2026-08-26/TRES-5/session_01/TRES-5260826095115.fits,2026-08-26,60.0,Clear,0.04982055555555556
TrES-5,Science,2026-08-26 09:54:15.968000+00:00,2461278.912684815,TrES-5_Session_3,TRES-5260826095415.fits,observations/2026-08-26/TRES-5/session_01/TRES-5260826095415.fits,2026-08-26,60.0,Clear,0.050119722222222225
TrES-5,Science,2026-08-26 09:57:15.334000+00:00,2461278.9147608103,TrES-5_Session_3,TRES-5260826095715.fits,observations/2026-08-26/TRES-5/session_01/TRES-5260826095715.fits,2026-08-26,60.0,Clear,0.04982388888888889
TrES-5,Science,2026-08-26 10:00:15.755000+00:00,2461278.916849016,TrES-5_Session_3,TRES-5260826100015.fits,observations/2026-08-26/TRES-5/session_01/TRES-5260826100015.fits,2026-08-26,60.0,Clear,0.05011694444444444
TrES-5,Science,2026-08-26 10:03:15.142000+00:00,2461278.9189252546,TrES-5_Session_3,TRES-5260826100315.fits,observations/2026-08-26/TRES-5/session_01/TRES-5260826100315.fits,2026-08-26,60.0,Clear,0.04982972222222222
TrES-5,Science,2026-08-26 10:06:15.497000+00:00,2461278.921012697,TrES-5_Session_3,TRES-5260826100615.fits,observations/2026-08-26/TRES-5/session_01/TRES-5260826100615.fits,2026-08-26,60.0,Clear,0.05009861111111111
TrES-5,Science,2026-08-26 10:09:15.880000+00:00,2461278.923100463,TrES-5_Session_3,TRES-5260826100915.fits,observations/2026-08-26/TRES-5/session_01/TRES-5260826100915.fits,2026-08-26,60.0,Clear,0.050106388888888895
TrES-5,Science,2026-08-26 10:12:15.321000+00:00,2461278.9251773264,TrES-5_Session_3,TRES-5260826101215.fits,observations/2026-08-26/TRES-5/session_01/TRES-5260826101215.fits,2026-08-26,60.0,Clear,0.04984472222222222
TrES-5,Science,2026-08-26 10:15:16.712000+00:00,2461278.9272767594,TrES-5_Session_3,TRES-5260826101516.fits,observations/2026-08-26/TRES-5/session_01/TRES-5260826101516.fits,2026-08-26,60.0,Clear,0.05038638888888888
TrES-5,Science,2026-08-26 10:18:17.153000+00:00,2461278.9293651967,TrES-5_Session_3,TRES-5260826101817.fits,observations/2026-08-26/TRES-5/session_01/TRES-5260826101817.fits,2026-08-26,60.0,Clear,0.0501225
TrES-5,Science,2026-08-26 10:21:15.525000+00:00,2461278.9314296874,TrES-5_Session_3,TRES-5260826102115.fits,observations/2026-08-26/TRES-5/session_01/TRES-5260826102115.fits,2026-08-26,60.0,Clear,0.04954777777777778
TrES-5,Science,2026-08-29 05:52:50.942000+00:00,2461281.745034051,TrES-5_Session_4,TRES-5260829055250.fits,observations/2026-08-29/TRES-5/session_01/TRES-5260829055250.fits,2026-08-28,60.0,Clear,67.52650472222221
TrES-5,Science,2026-08-29 05:57:21.979000+00:00,2461281.7481710534,TrES-5_Session_4,TRES-5260829055721.fits,observations/2026-08-29/TRES-5/session_01/TRES-5260829055721.fits,2026-08-28,60.0,Clear,0.07528805555555555
TrES-5,Science,2026-08-29 06:02:07.961000+00:00,2461281.75148103,TrES-5_Session_4,TRES-5260829060207.fits,observations/2026-08-29/TRES-5/session_01/TRES-5260829060207.fits,2026-08-28,60.0,Clear,0.07943944444444445
TrES-5,Science,2026-08-29 06:07:06.017000+00:00,2461281.7549307523,TrES-5_Session_4,TRES-5260829060706.fits,observations/2026-08-29/TRES-5/session_01/TRES-5260829060706.fits,2026-08-28,60.0,Clear,0.08279333333333333
TrES-5,Science,2026-08-29 06:08:51.200000+00:00,2461281.7561481483,TrES-5_Session_4,TRES-5260829060851.fits,observations/2026-08-29/TRES-5/session_01/TRES-5260829060851.fits,2026-08-28,60.0,Clear,0.0292175
TrES-5,Science,2026-08-29 06:10:35.381000+00:00,2461281.7573539466,TrES-5_Session_4,TRES-5260829061035.fits,observations/2026-08-29/TRES-5/session_01/TRES-5260829061035.fits,2026-08-28,60.0,Clear,0.028939166666666665
TrES-5,Science,2026-08-29 06:12:19.532000+00:00,2461281.7585593984,TrES-5_Session_4,TRES-5260829061219.fits,observations/2026-08-29/TRES-5/session_01/TRES-5260829061219.fits,2026-08-28,60.0,Clear,0.028930833333333333
TrES-5,Science,2026-08-29 06:14:02.685000+00:00,2461281.7597532985,TrES-5_Session_4,TRES-5260829061402.fits,observations/2026-08-29/TRES-5/session_01/TRES-5260829061402.fits,2026-08-28,60.0,Clear,0.028653611111111112
TrES-5,Science,2026-08-29 06:15:46.847000+00:00,2461281.7609588774,TrES-5_Session_4,TRES-5260829061546.fits,observations/2026-08-29/TRES-5/session_01/TRES-5260829061546.fits,2026-08-28,60.0,Clear,0.02893388888888889
TrES-5,Science,2026-08-29 06:18:15.305000+00:00,2461281.762677141,TrES-5_Session_4,TRES-5260829061815.fits,observations/2026-08-29/TRES-5/session_01/TRES-5260829061815.fits,2026-08-28,60.0,Clear,0.041238333333333335
TrES-5,Science,2026-08-29 06:21:15.772000+00:00,2461281.7647658796,TrES-5_Session_4,TRES-5260829062115.fits,observations/2026-08-29/TRES-5/session_01/TRES-5260829062115.fits,2026-08-28,60.0,Clear,0.05012972222222223
TrES-5,Science,2026-08-29 06:24:15.338000+00:00,2461281.7668441897,TrES-5_Session_4,TRES-5260829062415.fits,observations/2026-08-29/TRES-5/session_01/TRES-5260829062415.fits,2026-08-28,60.0,Clear,0.04987944444444445
TrES-5,Science,2026-08-29 06:27:15.729000+00:00,2461281.7689320487,TrES-5_Session_4,TRES-5260829062715.fits,observations/2026-08-29/TRES-5/session_01/TRES-5260829062715.fits,2026-08-28,60.0,Clear,0.05010861111111111
TrES-5,Science,2026-08-29 06:30:15.212000+00:00,2461281.771009398,TrES-5_Session_4,TRES-5260829063015.fits,observations/2026-08-29/TRES-5/session_01/TRES-5260829063015.fits,2026-08-28,60.0,Clear,0.04985638888888889
TrES-5,Science,2026-08-29 06:33:15.700000+00:00,2461281.77309838,TrES-5_Session_4,TRES-5260829063315.fits,observations/2026-08-29/TRES-5/session_01/TRES-5260829063315.fits,2026-08-28,60.0,Clear,0.05013555555555556
TrES-5,Science,2026-08-29 06:36:16.131000+00:00,2461281.775186701,TrES-5_Session_4,TRES-5260829063616.fits,observations/2026-08-29/TRES-5/session_01/TRES-5260829063616.fits,2026-08-28,60.0,Clear,0.050119722222222225
TrES-5,Science,2026-08-29 06:39:15.551000+00:00,2461281.777263322,TrES-5_Session_4,TRES-5260829063915.fits,observations/2026-08-29/TRES-5/session_01/TRES-5260829063915.fits,2026-08-28,60.0,Clear,0.049838888888888884
TrES-5,Science,2026-08-29 06:42:16.888000+00:00,2461281.7793621295,TrES-5_Session_4,TRES-5260829064216.fits,observations/2026-08-29/TRES-5/session_01/TRES-5260829064216.fits,2026-08-28,60.0,Clear,0.05037138888888889
TrES-5,Science,2026-08-29 06:45:15.161000+00:00,2461281.7814254747,TrES-5_Session_4,TRES-5260829064515.fits,observations/2026-08-29/TRES-5/session_01/TRES-5260829064515.fits,2026-08-28,60.0,Clear,0.049520277777777774
TrES-5,Science,2026-08-29 06:48:15.637000+00:00,2461281.783514317,TrES-5_Session_4,TRES-5260829064815.fits,observations/2026-08-29/TRES-5/session_01/TRES-5260829064815.fits,2026-08-28,60.0,Clear,0.050132222222222224
TrES-5,Science,2026-08-29 06:51:15.957000+00:00,2461281.785601354,TrES-5_Session_4,TRES-5260829065115.fits,observations/2026-08-29/TRES-5/session_01/TRES-5260829065115.fits,2026-08-28,60.0,Clear,0.050088888888888884
TrES-5,Science,2026-08-29 06:54:15.369000+00:00,2461281.787677882,TrES-5_Session_4,TRES-5260829065415.fits,observations/2026-08-29/TRES-5/session_01/TRES-5260829065415.fits,2026-08-28,60.0,Clear,0.04983666666666667
TrES-5,Science,2026-08-29 06:57:15.811000+00:00,2461281.789766331,TrES-5_Session_4,TRES-5260829065715.fits,observations/2026-08-29/TRES-5/session_01/TRES-5260829065715.fits,2026-08-28,60.0,Clear,0.05012277777777778
TrES-5,Science,2026-08-29 07:00:15.243000+00:00,2461281.79184309,TrES-5_Session_4,TRES-5260829070015.fits,observations/2026-08-29/TRES-5/session_01/TRES-5260829070015.fits,2026-08-29,60.0,Clear,0.04984222222222222
TrES-5,Science,2026-08-29 07:03:15.751000+00:00,2461281.7939323033,TrES-5_Session_4,TRES-5260829070315.fits,observations/2026-08-29/TRES-5/session_01/TRES-5260829070315.fits,2026-08-29,60.0,Clear,0.050141111111111115
TrES-5,Science,2026-08-29 07:06:15.168000+00:00,2461281.796008889,TrES-5_Session_4,TRES-5260829070615.fits,observations/2026-08-29/TRES-5/session_01/TRES-5260829070615.fits,2026-08-29,60.0,Clear,0.04983805555555556
TrES-5,Science,2026-08-29 07:09:15.569000+00:00,2461281.7980968636,TrES-5_Session_4,TRES-5260829070915.fits,observations/2026-08-29/TRES-5/session_01/TRES-5260829070915.fits,2026-08-29,60.0,Clear,0.05011138888888889
TrES-5,Science,2026-08-29 07:12:15.980000+00:00,2461281.8001849535,TrES-5_Session_4,TRES-5260829071215.fits,observations/2026-08-29/TRES-5/session_01/TRES-5260829071215.fits,2026-08-29,60.0,Clear,0.05011416666666667
TrES-5,Science,2026-08-29 07:15:16.498000+00:00,2461281.8022742826,TrES-5_Session_4,TRES-5260829071516.fits,observations/2026-08-29/TRES-5/session_01/TRES-5260829071516.fits,2026-08-29,60.0,Clear,0.05014388888888889
TrES-5,Science,2026-08-29 07:18:15.850000+00:00,2461281.804350116,TrES-5_Session_4,TRES-5260829071815.fits,observations/2026-08-29/TRES-5/session_01/TRES-5260829071815.fits,2026-08-29,60.0,Clear,0.04982
TrES-5,Science,2026-08-29 07:21:15.178000+00:00,2461281.806425671,TrES-5_Session_4,TRES-5260829072115.fits,observations/2026-08-29/TRES-5/session_01/TRES-5260829072115.fits,2026-08-29,60.0,Clear,0.049813333333333334
TrES-5,Science,2026-08-29 07:24:15.633000+00:00,2461281.808514271,TrES-5_Session_4,TRES-5260829072415.fits,observations/2026-08-29/TRES-5/session_01/TRES-5260829072415.fits,2026-08-29,60.0,Clear,0.050126388888888894
TrES-5,Science,2026-08-29 07:27:16.103000+00:00,2461281.810603044,TrES-5_Session_4,TRES-5260829072716.fits,observations/2026-08-29/TRES-5/session_01/TRES-5260829072716.fits,2026-08-29,60.0,Clear,0.05013055555555555
TrES-5,Science,2026-08-29 07:30:16.518000+00:00,2461281.8126911805,TrES-5_Session_4,TRES-5260829073016.fits,observations/2026-08-29/TRES-5/session_01/TRES-5260829073016.fits,2026-08-29,60.0,Clear,0.05011527777777777
TrES-5,Science,2026-08-29 07:33:15.964000+00:00,2461281.814768102,TrES-5_Session_4,TRES-5260829073315.fits,observations/2026-08-29/TRES-5/session_01/TRES-5260829073315.fits,2026-08-29,60.0,Clear,0.04984611111111111
TrES-5,Science,2026-08-29 07:36:15.339000+00:00,2461281.816844201,TrES-5_Session_4,TRES-5260829073615.fits,observations/2026-08-29/TRES-5/session_01/TRES-5260829073615.fits,2026-08-29,60.0,Clear,0.04982638888888889
TrES-5,Science,2026-08-29 07:39:15.722000+00:00,2461281.8189319675,TrES-5_Session_4,TRES-5260829073915.fits,observations/2026-08-29/TRES-5/session_01/TRES-5260829073915.fits,2026-08-29,60.0,Clear,0.050106388888888895
TrES-5,Science,2026-08-29 07:42:17.091000+00:00,2461281.8210311458,TrES-5_Session_4,TRES-5260829074217.fits,observations/2026-08-29/TRES-5/session_01/TRES-5260829074217.fits,2026-08-29,60.0,Clear,0.05038027777777778
TrES-5,Science,2026-08-29 07:45:15.537000+00:00,2461281.8230964933,TrES-5_Session_4,TRES-5260829074515.fits,observations/2026-08-29/TRES-5/session_01/TRES-5260829074515.fits,2026-08-29,60.0,Clear,0.04956833333333333
TrES-5,Science,2026-08-29 07:48:15.862000+00:00,2461281.825183588,TrES-5_Session_4,TRES-5260829074815.fits,observations/2026-08-29/TRES-5/session_01/TRES-5260829074815.fits,2026-08-29,60.0,Clear,0.050090277777777775
TrES-5,Science,2026-08-29 07:51:15.293000+00:00,2461281.8272603354,TrES-5_Session_4,TRES-5260829075115.fits,observations/2026-08-29/TRES-5/session_01/TRES-5260829075115.fits,2026-08-29,60.0,Clear,0.049841944444444446
TrES-5,Science,2026-08-29 07:54:15.677000+00:00,2461281.8293481134,TrES-5_Session_4,TRES-5260829075415.fits,observations/2026-08-29/TRES-5/session_01/TRES-5260829075415.fits,2026-08-29,60.0,Clear,0.05010666666666666
TrES-5,Science,2026-08-29 07:57:16.066000+00:00,2461281.831435949,TrES-5_Session_4,TRES-5260829075716.fits,observations/2026-08-29/TRES-5/session_01/TRES-5260829075716.fits,2026-08-29,60.0,Clear,0.05010805555555556
TrES-5,Science,2026-08-29 08:00:15.420000+00:00,2461281.8335118056,TrES-5_Session_4,TRES-5260829080015.fits,observations/2026-08-29/TRES-5/session_01/TRES-5260829080015.fits,2026-08-29,60.0,Clear,0.04982055555555556
TrES-5,Science,2026-08-29 08:03:15.854000+00:00,2461281.835600162,TrES-5_Session_4,TRES-5260829080315.fits,observations/2026-08-29/TRES-5/session_01/TRES-5260829080315.fits,2026-08-29,60.0,Clear,0.05012055555555556
TrES-5,Science,2026-08-29 08:06:15.282000+00:00,2461281.837676875,TrES-5_Session_4,TRES-5260829080615.fits,observations/2026-08-29/TRES-5/session_01/TRES-5260829080615.fits,2026-08-29,60.0,Clear,0.049841111111111114
TrES-5,Science,2026-08-29 08:09:15.663000+00:00,2461281.839764618,TrES-5_Session_4,TRES-5260829080915.fits,observations/2026-08-29/TRES-5/session_01/TRES-5260829080915.fits,2026-08-29,60.0,Clear,0.050105833333333336
TrES-5,Science,2026-08-29 08:12:16.129000+00:00,2461281.841853345,TrES-5_Session_4,TRES-5260829081216.fits,observations/2026-08-29/TRES-5/session_01/TRES-5260829081216.fits,2026-08-29,60.0,Clear,0.05012944444444445
TrES-5,Science,2026-08-29 08:15:15.528000+00:00,2461281.8439297224,TrES-5_Session_4,TRES-5260829081515.fits,observations/2026-08-29/TRES-5/session_01/TRES-5260829081515.fits,2026-08-29,60.0,Clear,0.049833055555555554
TrES-5,Science,2026-08-29 08:18:15.920000+00:00,2461281.8460175926,TrES-5_Session_4,TRES-5260829081815.fits,observations/2026-08-29/TRES-5/session_01/TRES-5260829081815.fits,2026-08-29,60.0,Clear,0.05010888888888889
TrES-5,Science,2026-08-29 08:21:15.467000+00:00,2461281.848095683,TrES-5_Session_4,TRES-5260829082115.fits,observations/2026-08-29/TRES-5/session_01/TRES-5260829082115.fits,2026-08-29,60.0,Clear,0.049874166666666664
TrES-5,Science,2026-08-29 08:24:15.856000+00:00,2461281.8501835186,TrES-5_Session_4,TRES-5260829082415.fits,observations/2026-08-29/TRES-5/session_01/TRES-5260829082415.fits,2026-08-29,60.0,Clear,0.05010805555555556
TrES-5,Science,2026-08-29 08:27:15.404000+00:00,2461281.8522616206,TrES-5_Session_4,TRES-5260829082715.fits,observations/2026-08-29/TRES-5/session_01/TRES-5260829082715.fits,2026-08-29,60.0,Clear,0.04987444444444444
TrES-5,Science,2026-08-29 08:30:16.906000+00:00,2461281.854362338,TrES-5_Session_4,TRES-5260829083016.fits,observations/2026-08-29/TRES-5/session_01/TRES-5260829083016.fits,2026-08-29,60.0,Clear,0.050417222222222224
TrES-5,Science,2026-08-29 08:33:15.277000+00:00,2461281.856426817,TrES-5_Session_4,TRES-5260829083315.fits,observations/2026-08-29/TRES-5/session_01/TRES-5260829083315.fits,2026-08-29,60.0,Clear,0.0495475
TrES-5,Science,2026-08-29 08:36:15.754000+00:00,2461281.8585156715,TrES-5_Session_4,TRES-5260829083615.fits,observations/2026-08-29/TRES-5/session_01/TRES-5260829083615.fits,2026-08-29,60.0,Clear,0.0501325
TrES-5,Science,2026-08-29 08:39:15.249000+00:00,2461281.8605931597,TrES-5_Session_4,TRES-5260829083915.fits,observations/2026-08-29/TRES-5/session_01/TRES-5260829083915.fits,2026-08-29,60.0,Clear,0.04985972222222222
TrES-5,Science,2026-08-29 08:42:15.643000+00:00,2461281.862681053,TrES-5_Session_4,TRES-5260829084215.fits,observations/2026-08-29/TRES-5/session_01/TRES-5260829084215.fits,2026-08-29,60.0,Clear,0.05010944444444444
TrES-5,Science,2026-08-29 08:45:16.078000+00:00,2461281.8647694215,TrES-5_Session_4,TRES-5260829084516.fits,observations/2026-08-29/TRES-5/session_01/TRES-5260829084516.fits,2026-08-29,60.0,Clear,0.05012083333333334
TrES-5,Science,2026-08-29 08:48:15.461000+00:00,2461281.8668456133,TrES-5_Session_4,TRES-5260829084815.fits,observations/2026-08-29/TRES-5/session_01/TRES-5260829084815.fits,2026-08-29,60.0,Clear,0.049828611111111115
TrES-5,Science,2026-08-29 08:51:15.906000+00:00,2461281.8689340972,TrES-5_Session_4,TRES-5260829085115.fits,observations/2026-08-29/TRES-5/session_01/TRES-5260829085115.fits,2026-08-29,60.0,Clear,0.05012361111111111
TrES-5,Science,2026-08-29 08:54:15.345000+00:00,2461281.8710109377,TrES-5_Session_4,TRES-5260829085415.fits,observations/2026-08-29/TRES-5/session_01/TRES-5260829085415.fits,2026-08-29,60.0,Clear,0.04984416666666666
TrES-5,Science,2026-08-29 08:57:15.871000+00:00,2461281.873100359,TrES-5_Session_4,TRES-5260829085715.fits,observations/2026-08-29/TRES-5/session_01/TRES-5260829085715.fits,2026-08-29,60.0,Clear,0.050146111111111114
TrES-5,Science,2026-08-29 09:00:15.275000+00:00,2461281.875176794,TrES-5_Session_4,TRES-5260829090015.fits,observations/2026-08-29/TRES-5/session_01/TRES-5260829090015.fits,2026-08-29,60.0,Clear,0.049834444444444445
TrES-5,Science,2026-08-29 09:03:15.642000+00:00,2461281.877264375,TrES-5_Session_4,TRES-5260829090315.fits,observations/2026-08-29/TRES-5/session_01/TRES-5260829090315.fits,2026-08-29,60.0,Clear,0.05010194444444444
TrES-5,Science,2026-08-29 09:06:17.119000+00:00,2461281.8793648034,TrES-5_Session_4,TRES-5260829090617.fits,observations/2026-08-29/TRES-5/session_01/TRES-5260829090617.fits,2026-08-29,60.0,Clear,0.050410277777777776
TrES-5,Science,2026-08-29 09:09:15.603000+00:00,2461281.88143059,TrES-5_Session_4,TRES-5260829090915.fits,observations/2026-08-29/TRES-5/session_01/TRES-5260829090915.fits,2026-08-29,60.0,Clear,0.049578888888888895
TrES-5,Science,2026-08-29 09:12:16.082000+00:00,2461281.8835194674,TrES-5_Session_4,TRES-5260829091216.fits,observations/2026-08-29/TRES-5/session_01/TRES-5260829091216.fits,2026-08-29,60.0,Clear,0.05013305555555556
TrES-5,Science,2026-08-29 09:15:16.553000+00:00,2461281.885608252,TrES-5_Session_4,TRES-5260829091516.fits,observations/2026-08-29/TRES-5/session_01/TRES-5260829091516.fits,2026-08-29,60.0,Clear,0.05013083333333333
TrES-5,Science,2026-08-29 09:18:17.035000+00:00,2461281.8876971644,TrES-5_Session_4,TRES-5260829091817.fits,observations/2026-08-29/TRES-5/session_01/TRES-5260829091817.fits,2026-08-29,60.0,Clear,0.05013388888888889
TrES-5,Science,2026-08-29 09:21:15.391000+00:00,2461281.88976147,TrES-5_Session_4,TRES-5260829092115.fits,observations/2026-08-29/TRES-5/session_01/TRES-5260829092115.fits,2026-08-29,60.0,Clear,0.049543333333333335
TrES-5,Science,2026-08-29 09:24:15.733000+00:00,2461281.8918487616,TrES-5_Session_4,TRES-5260829092415.fits,observations/2026-08-29/TRES-5/session_01/TRES-5260829092415.fits,2026-08-29,60.0,Clear,0.050095
TrES-5,Science,2026-08-29 09:27:16.120000+00:00,2461281.893936574,TrES-5_Session_4,TRES-5260829092716.fits,observations/2026-08-29/TRES-5/session_01/TRES-5260829092716.fits,2026-08-29,60.0,Clear,0.0501075
TrES-5,Science,2026-08-29 09:30:15.547000+00:00,2461281.8960132753,TrES-5_Session_4,TRES-5260829093015.fits,observations/2026-08-29/TRES-5/session_01/TRES-5260829093015.fits,2026-08-29,60.0,Clear,0.049840833333333334
TrES-5,Science,2026-09-01 05:00:38.463000+00:00,2461284.708778507,TrES-5_Session_5,TRES-5260901050038.fits,observations/2026-09-01/TRES-5/session_01/TRES-5260901050038.fits,2026-08-31,60.0,Clear,67.50636555555556
TrES-5,Science,2026-09-01 05:03:16.101000+00:00,2461284.7106030206,TrES-5_Session_5,TRES-5260901050316.fits,observations/2026-09-01/TRES-5/session_01/TRES-5260901050316.fits,2026-08-31,60.0,Clear,0.04378833333333333
TrES-5,Science,2026-09-01 05:06:15.402000+00:00,2461284.712678264,TrES-5_Session_5,TRES-5260901050615.fits,observations/2026-09-01/TRES-5/session_01/TRES-5260901050615.fits,2026-08-31,60.0,Clear,0.04980583333333333
TrES-5,Science,2026-09-01 05:09:15.809000+00:00,2461284.7147663077,TrES-5_Session_5,TRES-5260901050915.fits,observations/2026-09-01/TRES-5/session_01/TRES-5260901050915.fits,2026-08-31,60.0,Clear,0.050113055555555557
TrES-5,Science,2026-09-01 05:12:15.242000+00:00,2461284.716843079,TrES-5_Session_5,TRES-5260901051215.fits,observations/2026-09-01/TRES-5/session_01/TRES-5260901051215.fits,2026-08-31,60.0,Clear,0.0498425
TrES-5,Science,2026-09-01 05:15:15.609000+00:00,2461284.71893066,TrES-5_Session_5,TRES-5260901051515.fits,observations/2026-09-01/TRES-5/session_01/TRES-5260901051515.fits,2026-08-31,60.0,Clear,0.05010194444444444
TrES-5,Science,2026-09-01 05:18:16.067000+00:00,2461284.721019294,TrES-5_Session_5,TRES-5260901051816.fits,observations/2026-09-01/TRES-5/session_01/TRES-5260901051816.fits,2026-08-31,60.0,Clear,0.05012722222222222
TrES-5,Science,2026-09-01 05:21:15.437000+00:00,2461284.7230953355,TrES-5_Session_5,TRES-5260901052115.fits,observations/2026-09-01/TRES-5/session_01/TRES-5260901052115.fits,2026-08-31,60.0,Clear,0.049825
TrES-5,Science,2026-09-01 05:24:15.888000+00:00,2461284.725183889,TrES-5_Session_5,TRES-5260901052415.fits,observations/2026-09-01/TRES-5/session_01/TRES-5260901052415.fits,2026-08-31,60.0,Clear,0.050125277777777776
TrES-5,Science,2026-09-01 05:27:16.284000+00:00,2461284.7272718055,TrES-5_Session_5,TRES-5260901052716.fits,observations/2026-09-01/TRES-5/session_01/TRES-5260901052716.fits,2026-08-31,60.0,Clear,0.050109999999999995
TrES-5,Science,2026-09-01 05:30:15.759000+00:00,2461284.7293490623,TrES-5_Session_5,TRES-5260901053015.fits,observations/2026-09-01/TRES-5/session_01/TRES-5260901053015.fits,2026-08-31,60.0,Clear,0.049854166666666665
TrES-5,Science,2026-09-01 05:33:16.046000+00:00,2461284.7314357175,TrES-5_Session_5,TRES-5260901053316.fits,observations/2026-09-01/TRES-5/session_01/TRES-5260901053316.fits,2026-08-31,60.0,Clear,0.05007972222222223
TrES-5,Science,2026-09-01 05:36:15.477000+00:00,2461284.7335124654,TrES-5_Session_5,TRES-5260901053615.fits,observations/2026-09-01/TRES-5/session_01/TRES-5260901053615.fits,2026-08-31,60.0,Clear,0.049841944444444446
TrES-5,Science,2026-09-01 05:39:16.007000+00:00,2461284.7356019327,TrES-5_Session_5,TRES-5260901053916.fits,observations/2026-09-01/TRES-5/session_01/TRES-5260901053916.fits,2026-08-31,60.0,Clear,0.050147222222222225
TrES-5,Science,2026-09-01 05:42:15.410000+00:00,2461284.7376783565,TrES-5_Session_5,TRES-5260901054215.fits,observations/2026-09-01/TRES-5/session_01/TRES-5260901054215.fits,2026-08-31,60.0,Clear,0.049834166666666666
TrES-5,Science,2026-09-01 05:45:16.706000+00:00,2461284.73977669,TrES-5_Session_5,TRES-5260901054516.fits,observations/2026-09-01/TRES-5/session_01/TRES-5260901054516.fits,2026-08-31,60.0,Clear,0.050359999999999995
TrES-5,Science,2026-09-01 05:48:17.082000+00:00,2461284.741864375,TrES-5_Session_5,TRES-5260901054817.fits,observations/2026-09-01/TRES-5/session_01/TRES-5260901054817.fits,2026-08-31,60.0,Clear,0.050104444444444445
TrES-5,Science,2026-09-01 05:51:15.516000+00:00,2461284.743929583,TrES-5_Session_5,TRES-5260901055115.fits,observations/2026-09-01/TRES-5/session_01/TRES-5260901055115.fits,2026-08-31,60.0,Clear,0.049565
TrES-5,Science,2026-09-01 05:54:15.828000+00:00,2461284.746016528,TrES-5_Session_5,TRES-5260901055415.fits,observations/2026-09-01/TRES-5/session_01/TRES-5260901055415.fits,2026-08-31,60.0,Clear,0.05008666666666667
TrES-5,Science,2026-09-01 05:57:16.309000+00:00,2461284.748105428,TrES-5_Session_5,TRES-5260901055716.fits,observations/2026-09-01/TRES-5/session_01/TRES-5260901055716.fits,2026-08-31,60.0,Clear,0.05013361111111111
TrES-5,Science,2026-09-01 06:00:15.818000+00:00,2461284.750183079,TrES-5_Session_5,TRES-5260901060015.fits,observations/2026-09-01/TRES-5/session_01/TRES-5260901060015.fits,2026-08-31,60.0,Clear,0.04986361111111111
TrES-5,Science,2026-09-01 06:03:15.197000+00:00,2461284.7522592247,TrES-5_Session_5,TRES-5260901060315.fits,observations/2026-09-01/TRES-5/session_01/TRES-5260901060315.fits,2026-08-31,60.0,Clear,0.0498275
TrES-5,Science,2026-09-01 06:06:15.643000+00:00,2461284.7543477197,TrES-5_Session_5,TRES-5260901060615.fits,observations/2026-09-01/TRES-5/session_01/TRES-5260901060615.fits,2026-08-31,60.0,Clear,0.05012388888888889
TrES-5,Science,2026-09-01 06:09:16.056000+00:00,2461284.7564358334,TrES-5_Session_5,TRES-5260901060916.fits,observations/2026-09-01/TRES-5/session_01/TRES-5260901060916.fits,2026-08-31,60.0,Clear,0.05011472222222223
TrES-5,Science,2026-09-01 06:12:15.444000+00:00,2461284.7585120834,TrES-5_Session_5,TRES-5260901061215.fits,observations/2026-09-01/TRES-5/session_01/TRES-5260901061215.fits,2026-08-31,60.0,Clear,0.04983
TrES-5,Science,2026-09-01 06:15:15.835000+00:00,2461284.760599942,TrES-5_Session_5,TRES-5260901061515.fits,observations/2026-09-01/TRES-5/session_01/TRES-5260901061515.fits,2026-08-31,60.0,Clear,0.05010861111111111
TrES-5,Science,2026-09-01 06:18:15.219000+00:00,2461284.762676146,TrES-5_Session_5,TRES-5260901061815.fits,observations/2026-09-01/TRES-5/session_01/TRES-5260901061815.fits,2026-08-31,60.0,Clear,0.04982888888888889
TrES-5,Science,2026-09-01 06:21:15.654000+00:00,2461284.764764514,TrES-5_Session_5,TRES-5260901062115.fits,observations/2026-09-01/TRES-5/session_01/TRES-5260901062115.fits,2026-08-31,60.0,Clear,0.05012083333333334
TrES-5,Science,2026-09-01 06:24:16.078000+00:00,2461284.7668527546,TrES-5_Session_5,TRES-5260901062416.fits,observations/2026-09-01/TRES-5/session_01/TRES-5260901062416.fits,2026-08-31,60.0,Clear,0.05011777777777778
TrES-5,Science,2026-09-01 06:27:15.489000+00:00,2461284.768929271,TrES-5_Session_5,TRES-5260901062715.fits,observations/2026-09-01/TRES-5/session_01/TRES-5260901062715.fits,2026-08-31,60.0,Clear,0.04983638888888889
TrES-5,Science,2026-09-01 06:30:15.919000+00:00,2461284.771017581,TrES-5_Session_5,TRES-5260901063015.fits,observations/2026-09-01/TRES-5/session_01/TRES-5260901063015.fits,2026-08-31,60.0,Clear,0.050119444444444446
TrES-5,Science,2026-09-01 06:33:15.289000+00:00,2461284.7730936226,TrES-5_Session_5,TRES-5260901063315.fits,observations/2026-09-01/TRES-5/session_01/TRES-5260901063315.fits,2026-08-31,60.0,Clear,0.049825
TrES-5,Science,2026-09-01 06:36:15.686000+00:00,2461284.775181551,TrES-5_Session_5,TRES-5260901063615.fits,observations/2026-09-01/TRES-5/session_01/TRES-5260901063615.fits,2026-08-31,60.0,Clear,0.050110277777777774
TrES-5,Science,2026-09-01 06:39:16.065000+00:00,2461284.7772692707,TrES-5_Session_5,TRES-5260901063916.fits,observations/2026-09-01/TRES-5/session_01/TRES-5260901063916.fits,2026-08-31,60.0,Clear,0.050105277777777776
TrES-5,Science,2026-09-01 06:42:15.426000+00:00,2461284.7793452083,TrES-5_Session_5,TRES-5260901064215.fits,observations/2026-09-01/TRES-5/session_01/TRES-5260901064215.fits,2026-08-31,60.0,Clear,0.0498225
TrES-5,Science,2026-09-01 06:45:16.939000+00:00,2461284.781446053,TrES-5_Session_5,TRES-5260901064516.fits,observations/2026-09-01/TRES-5/session_01/TRES-5260901064516.fits,2026-08-31,60.0,Clear,0.05042027777777778
TrES-5,Science,2026-09-01 06:48:15.440000+00:00,2461284.7835120372,TrES-5_Session_5,TRES-5260901064815.fits,observations/2026-09-01/TRES-5/session_01/TRES-5260901064815.fits,2026-08-31,60.0,Clear,0.04958361111111111
TrES-5,Science,2026-09-01 06:51:16.998000+00:00,2461284.7856134027,TrES-5_Session_5,TRES-5260901065116.fits,observations/2026-09-01/TRES-5/session_01/TRES-5260901065116.fits,2026-08-31,60.0,Clear,0.05043277777777778
TrES-5,Science,2026-09-01 06:54:16.579000+00:00,2461284.7876918865,TrES-5_Session_5,TRES-5260901065416.fits,observations/2026-09-01/TRES-5/session_01/TRES-5260901065416.fits,2026-08-31,60.0,Clear,0.04988361111111111
TrES-5,Science,2026-09-01 06:57:16.013000+00:00,2461284.789768669,TrES-5_Session_5,TRES-5260901065716.fits,observations/2026-09-01/TRES-5/session_01/TRES-5260901065716.fits,2026-08-31,60.0,Clear,0.04984277777777778
TrES-5,Science,2026-09-01 07:00:16.416000+00:00,2461284.7918566666,TrES-5_Session_5,TRES-5260901070016.fits,observations/2026-09-01/TRES-5/session_01/TRES-5260901070016.fits,2026-09-01,60.0,Clear,0.050111944444444445
TrES-5,Science,2026-09-01 07:03:15.860000+00:00,2461284.793933565,TrES-5_Session_5,TRES-5260901070315.fits,observations/2026-09-01/TRES-5/session_01/TRES-5260901070315.fits,2026-09-01,60.0,Clear,0.04984555555555555
TrES-5,Science,2026-09-01 07:06:15.288000+00:00,2461284.7960102777,TrES-5_Session_5,TRES-5260901070615.fits,observations/2026-09-01/TRES-5/session_01/TRES-5260901070615.fits,2026-09-01,60.0,Clear,0.049841111111111114
TrES-5,Science,2026-09-01 07:09:15.655000+00:00,2461284.7980978587,TrES-5_Session_5,TRES-5260901070915.fits,observations/2026-09-01/TRES-5/session_01/TRES-5260901070915.fits,2026-09-01,60.0,Clear,0.05010194444444444
TrES-5,Science,2026-09-01 07:12:15.223000+00:00,2461284.800176192,TrES-5_Session_5,TRES-5260901071215.fits,observations/2026-09-01/TRES-5/session_01/TRES-5260901071215.fits,2026-09-01,60.0,Clear,0.04988
TrES-5,Science,2026-09-01 07:15:15.634000+00:00,2461284.8022642825,TrES-5_Session_5,TRES-5260901071515.fits,observations/2026-09-01/TRES-5/session_01/TRES-5260901071515.fits,2026-09-01,60.0,Clear,0.05011416666666667
TrES-5,Science,2026-09-01 07:18:17.004000+00:00,2461284.8043634724,TrES-5_Session_5,TRES-5260901071817.fits,observations/2026-09-01/TRES-5/session_01/TRES-5260901071817.fits,2026-09-01,60.0,Clear,0.05038055555555555
TrES-5,Science,2026-09-01 07:21:15.502000+00:00,2461284.806429421,TrES-5_Session_5,TRES-5260901072115.fits,observations/2026-09-01/TRES-5/session_01/TRES-5260901072115.fits,2026-09-01,60.0,Clear,0.049582777777777774
TrES-5,Science,2026-09-01 07:24:16.035000+00:00,2461284.808518924,TrES-5_Session_5,TRES-5260901072416.fits,observations/2026-09-01/TRES-5/session_01/TRES-5260901072416.fits,2026-09-01,60.0,Clear,0.05014805555555555
TrES-5,Science,2026-09-01 07:27:15.413000+00:00,2461284.810595058,TrES-5_Session_5,TRES-5260901072715.fits,observations/2026-09-01/TRES-5/session_01/TRES-5260901072715.fits,2026-09-01,60.0,Clear,0.04982722222222222
TrES-5,Science,2026-09-01 07:30:15.790000+00:00,2461284.812682755,TrES-5_Session_5,TRES-5260901073015.fits,observations/2026-09-01/TRES-5/session_01/TRES-5260901073015.fits,2026-09-01,60.0,Clear,0.050104722222222224
TrES-5,Science,2026-09-01 07:33:15.372000+00:00,2461284.81476125,TrES-5_Session_5,TRES-5260901073315.fits,observations/2026-09-01/TRES-5/session_01/TRES-5260901073315.fits,2026-09-01,60.0,Clear,0.04988388888888889
TrES-5,Science,2026-09-01 07:36:16.756000+00:00,2461284.816860602,TrES-5_Session_5,TRES-5260901073616.fits,observations/2026-09-01/TRES-5/session_01/TRES-5260901073616.fits,2026-09-01,60.0,Clear,0.05038444444444444
TrES-5,Science,2026-09-01 07:39:15.234000+00:00,2461284.8189263195,TrES-5_Session_5,TRES-5260901073915.fits,observations/2026-09-01/TRES-5/session_01/TRES-5260901073915.fits,2026-09-01,60.0,Clear,0.049577222222222224
TrES-5,Science,2026-09-01 07:42:15.613000+00:00,2461284.821014039,TrES-5_Session_5,TRES-5260901074215.fits,observations/2026-09-01/TRES-5/session_01/TRES-5260901074215.fits,2026-09-01,60.0,Clear,0.050105277777777776
TrES-5,Science,2026-09-01 07:45:16.047000+00:00,2461284.823102396,TrES-5_Session_5,TRES-5260901074516.fits,observations/2026-09-01/TRES-5/session_01/TRES-5260901074516.fits,2026-09-01,60.0,Clear,0.05012055555555556
TrES-5,Science,2026-09-01 07:48:15.566000+00:00,2461284.825180162,TrES-5_Session_5,TRES-5260901074815.fits,observations/2026-09-01/TRES-5/session_01/TRES-5260901074815.fits,2026-09-01,60.0,Clear,0.04986638888888889
TrES-5,Science,2026-09-01 07:51:15.969000+00:00,2461284.82726816,TrES-5_Session_5,TRES-5260901075115.fits,observations/2026-09-01/TRES-5/session_01/TRES-5260901075115.fits,2026-09-01,60.0,Clear,0.050111944444444445
TrES-5,Science,2026-09-01 07:54:15.373000+00:00,2461284.829344595,TrES-5_Session_5,TRES-5260901075415.fits,observations/2026-09-01/TRES-5/session_01/TRES-5260901075415.fits,2026-09-01,60.0,Clear,0.049834444444444445
TrES-5,Science,2026-09-01 07:57:15.770000+00:00,2461284.831432523,TrES-5_Session_5,TRES-5260901075715.fits,observations/2026-09-01/TRES-5/session_01/TRES-5260901075715.fits,2026-09-01,60.0,Clear,0.050110277777777774
TrES-5,Science,2026-09-01 08:00:15.175000+00:00,2461284.8335089698,TrES-5_Session_5,TRES-5260901080015.fits,observations/2026-09-01/TRES-5/session_01/TRES-5260901080015.fits,2026-09-01,60.0,Clear,0.049834722222222225
TrES-5,Science,2026-09-01 08:03:15.604000+00:00,2461284.8355972683,TrES-5_Session_5,TRES-5260901080315.fits,observations/2026-09-01/TRES-5/session_01/TRES-5260901080315.fits,2026-09-01,60.0,Clear,0.050119166666666666
TrES-5,Science,2026-09-01 08:06:16.015000+00:00,2461284.8376853587,TrES-5_Session_5,TRES-5260901080616.fits,observations/2026-09-01/TRES-5/session_01/TRES-5260901080616.fits,2026-09-01,60.0,Clear,0.05011416666666667
TrES-5,Science,2026-09-01 08:09:16.386000+00:00,2461284.8397729862,TrES-5_Session_5,TRES-5260901080916.fits,observations/2026-09-01/TRES-5/session_01/TRES-5260901080916.fits,2026-09-01,60.0,Clear,0.05010305555555556
TrES-5,Science,2026-09-01 08:12:15.774000+00:00,2461284.8418492363,TrES-5_Session_5,TRES-5260901081215.fits,observations/2026-09-01/TRES-5/session_01/TRES-5260901081215.fits,2026-09-01,60.0,Clear,0.04983
TrES-5,Science,2026-09-01 08:15:15.201000+00:00,2461284.8439259375,TrES-5_Session_5,TRES-5260901081515.fits,observations/2026-09-01/TRES-5/session_01/TRES-5260901081515.fits,2026-09-01,60.0,Clear,0.049840833333333334
TrES-5,Science,2026-09-01 08:18:15.653000+00:00,2461284.8460145025,TrES-5_Session_5,TRES-5260901081815.fits,observations/2026-09-01/TRES-5/session_01/TRES-5260901081815.fits,2026-09-01,60.0,Clear,0.050125555555555555
TrES-5,Science,2026-09-01 08:21:16.147000+00:00,2461284.848103553,TrES-5_Session_5,TRES-5260901082116.fits,observations/2026-09-01/TRES-5/session_01/TRES-5260901082116.fits,2026-09-01,60.0,Clear,0.05013722222222222
TrES-5,Science,2026-09-01 08:24:15.598000+00:00,2461284.8501805323,TrES-5_Session_5,TRES-5260901082415.fits,observations/2026-09-01/TRES-5/session_01/TRES-5260901082415.fits,2026-09-01,60.0,Clear,0.049847499999999996
TrES-5,Science,2026-09-01 08:27:15.858000+00:00,2461284.852266875,TrES-5_Session_5,TRES-5260901082715.fits,observations/2026-09-01/TRES-5/session_01/TRES-5260901082715.fits,2026-09-01,60.0,Clear,0.05007222222222222
TrES-5,Science,2026-09-01 08:30:15.361000+00:00,2461284.854344456,TrES-5_Session_5,TRES-5260901083015.fits,observations/2026-09-01/TRES-5/session_01/TRES-5260901083015.fits,2026-09-01,60.0,Clear,0.04986194444444444
TrES-5,Science,2026-09-01 08:33:15.782000+00:00,2461284.856432662,TrES-5_Session_5,TRES-5260901083315.fits,observations/2026-09-01/TRES-5/session_01/TRES-5260901083315.fits,2026-09-01,60.0,Clear,0.05011694444444444
TrES-5,Science,2026-09-01 08:36:16.076000+00:00,2461284.858519398,TrES-5_Session_5,TRES-5260901083616.fits,observations/2026-09-01/TRES-5/session_01/TRES-5260901083616.fits,2026-09-01,60.0,Clear,0.05008166666666667
TrES-5,Science,2026-09-01 08:39:15.461000+00:00,2461284.8605956133,TrES-5_Session_5,TRES-5260901083915.fits,observations/2026-09-01/TRES-5/session_01/TRES-5260901083915.fits,2026-09-01,60.0,Clear,0.04982916666666667
TrES-5,Science,2026-09-04 04:10:43.762000+00:00,2461287.674117616,TrES-5_Session_6,TRES-5260904041043.fits,observations/2026-09-04/TRES-5/session_01/TRES-5260904041043.fits,2026-09-03,60.0,Clear,67.52452805555556
TrES-5,Science,2026-09-04 04:12:29.912000+00:00,2461287.6753462036,TrES-5_Session_6,TRES-5260904041229.fits,observations/2026-09-04/TRES-5/session_01/TRES-5260904041229.fits,2026-09-03,60.0,Clear,0.029486111111111112
TrES-5,Science,2026-09-04 04:15:15.673000+00:00,2461287.6772647337,TrES-5_Session_6,TRES-5260904041515.fits,observations/2026-09-04/TRES-5/session_01/TRES-5260904041515.fits,2026-09-03,60.0,Clear,0.04604472222222222
TrES-5,Science,2026-09-04 04:18:17.080000+00:00,2461287.679364352,TrES-5_Session_6,TRES-5260904041817.fits,observations/2026-09-04/TRES-5/session_01/TRES-5260904041817.fits,2026-09-03,60.0,Clear,0.050390833333333336
TrES-5,Science,2026-09-04 04:21:15.406000+00:00,2461287.68142831,TrES-5_Session_6,TRES-5260904042115.fits,observations/2026-09-04/TRES-5/session_01/TRES-5260904042115.fits,2026-09-03,60.0,Clear,0.049534999999999996
TrES-5,Science,2026-09-04 04:24:15.892000+00:00,2461287.6835172684,TrES-5_Session_6,TRES-5260904042415.fits,observations/2026-09-04/TRES-5/session_01/TRES-5260904042415.fits,2026-09-03,60.0,Clear,0.050135
TrES-5,Science,2026-09-04 04:27:15.222000+00:00,2461287.6855928474,TrES-5_Session_6,TRES-5260904042715.fits,observations/2026-09-04/TRES-5/session_01/TRES-5260904042715.fits,2026-09-03,60.0,Clear,0.049813888888888894
TrES-5,Science,2026-09-04 04:30:15.587000+00:00,2461287.687680405,TrES-5_Session_6,TRES-5260904043015.fits,observations/2026-09-04/TRES-5/session_01/TRES-5260904043015.fits,2026-09-03,60.0,Clear,0.05010138888888889
TrES-5,Science,2026-09-04 04:33:16.921000+00:00,2461287.6897791782,TrES-5_Session_6,TRES-5260904043316.fits,observations/2026-09-04/TRES-5/session_01/TRES-5260904043316.fits,2026-09-03,60.0,Clear,0.05037055555555556
TrES-5,Science,2026-09-04 04:36:15.325000+00:00,2461287.691844039,TrES-5_Session_6,TRES-5260904043615.fits,observations/2026-09-04/TRES-5/session_01/TRES-5260904043615.fits,2026-09-03,60.0,Clear,0.049556666666666666
TrES-5,Science,2026-09-04 04:39:15.736000+00:00,2461287.6939321295,TrES-5_Session_6,TRES-5260904043915.fits,observations/2026-09-04/TRES-5/session_01/TRES-5260904043915.fits,2026-09-03,60.0,Clear,0.05011416666666667
TrES-5,Science,2026-09-04 04:42:15.163000+00:00,2461287.696008831,TrES-5_Session_6,TRES-5260904044215.fits,observations/2026-09-04/TRES-5/session_01/TRES-5260904044215.fits,2026-09-03,60.0,Clear,0.049840833333333334
TrES-5,Science,2026-09-04 04:45:16.540000+00:00,2461287.6981081017,TrES-5_Session_6,TRES-5260904044516.fits,observations/2026-09-04/TRES-5/session_01/TRES-5260904044516.fits,2026-09-03,60.0,Clear,0.050382500000000004
TrES-5,Science,2026-09-04 04:48:16.926000+00:00,2461287.700195903,TrES-5_Session_6,TRES-5260904044816.fits,observations/2026-09-04/TRES-5/session_01/TRES-5260904044816.fits,2026-09-03,60.0,Clear,0.05010722222222222
TrES-5,Science,2026-09-04 04:51:15.330000+00:00,2461287.702260764,TrES-5_Session_6,TRES-5260904045115.fits,observations/2026-09-04/TRES-5/session_01/TRES-5260904045115.fits,2026-09-03,60.0,Clear,0.049556666666666666
TrES-5,Science,2026-09-04 04:54:15.642000+00:00,2461287.7043477083,TrES-5_Session_6,TRES-5260904045415.fits,observations/2026-09-04/TRES-5/session_01/TRES-5260904045415.fits,2026-09-03,60.0,Clear,0.05008666666666667
TrES-5,Science,2026-09-04 04:57:17.017000+00:00,2461287.706446956,TrES-5_Session_6,TRES-5260904045717.fits,observations/2026-09-04/TRES-5/session_01/TRES-5260904045717.fits,2026-09-03,60.0,Clear,0.050381944444444444
TrES-5,Science,2026-09-04 05:00:15.285000+00:00,2461287.708510243,TrES-5_Session_6,TRES-5260904050015.fits,observations/2026-09-04/TRES-5/session_01/TRES-5260904050015.fits,2026-09-03,60.0,Clear,0.04951888888888889
TrES-5,Science,2026-09-04 05:03:15.718000+00:00,2461287.710598588,TrES-5_Session_6,TRES-5260904050315.fits,observations/2026-09-04/TRES-5/session_01/TRES-5260904050315.fits,2026-09-03,60.0,Clear,0.05012027777777778
TrES-5,Science,2026-09-04 05:06:16.077000+00:00,2461287.7126860763,TrES-5_Session_6,TRES-5260904050616.fits,observations/2026-09-04/TRES-5/session_01/TRES-5260904050616.fits,2026-09-03,60.0,Clear,0.050099722222222226
TrES-5,Science,2026-09-04 05:09:15.465000+00:00,2461287.7147623263,TrES-5_Session_6,TRES-5260904050915.fits,observations/2026-09-04/TRES-5/session_01/TRES-5260904050915.fits,2026-09-03,60.0,Clear,0.04983
TrES-5,Science,2026-09-04 05:12:16.750000+00:00,2461287.7168605323,TrES-5_Session_6,TRES-5260904051216.fits,observations/2026-09-04/TRES-5/session_01/TRES-5260904051216.fits,2026-09-03,60.0,Clear,0.05035694444444444
TrES-5,Science,2026-09-04 05:15:16.155000+00:00,2461287.7189369793,TrES-5_Session_6,TRES-5260904051516.fits,observations/2026-09-04/TRES-5/session_01/TRES-5260904051516.fits,2026-09-03,60.0,Clear,0.049834722222222225
TrES-5,Science,2026-09-04 05:18:16.504000+00:00,2461287.7210243517,TrES-5_Session_6,TRES-5260904051816.fits,observations/2026-09-04/TRES-5/session_01/TRES-5260904051816.fits,2026-09-03,60.0,Clear,0.050096944444444444
TrES-5,Science,2026-09-04 05:21:15.936000+00:00,2461287.723101111,TrES-5_Session_6,TRES-5260904052115.fits,observations/2026-09-04/TRES-5/session_01/TRES-5260904052115.fits,2026-09-03,60.0,Clear,0.04984222222222222
TrES-5,Science,2026-09-04 05:24:15.287000+00:00,2461287.7251769328,TrES-5_Session_6,TRES-5260904052415.fits,observations/2026-09-04/TRES-5/session_01/TRES-5260904052415.fits,2026-09-03,60.0,Clear,0.049819722222222224
TrES-5,Science,2026-09-04 05:27:15.861000+00:00,2461287.7272669096,TrES-5_Session_6,TRES-5260904052715.fits,observations/2026-09-04/TRES-5/session_01/TRES-5260904052715.fits,2026-09-03,60.0,Clear,0.05015944444444445
TrES-5,Science,2026-09-04 05:30:16.202000+00:00,2461287.7293541897,TrES-5_Session_6,TRES-5260904053016.fits,observations/2026-09-04/TRES-5/session_01/TRES-5260904053016.fits,2026-09-03,60.0,Clear,0.05009472222222222
TrES-5,Science,2026-09-04 05:33:15.515000+00:00,2461287.7314295718,TrES-5_Session_6,TRES-5260904053315.fits,observations/2026-09-04/TRES-5/session_01/TRES-5260904053315.fits,2026-09-03,60.0,Clear,0.04980916666666666
TrES-5,Science,2026-09-04 05:36:15.772000+00:00,2461287.7335158796,TrES-5_Session_6,TRES-5260904053615.fits,observations/2026-09-04/TRES-5/session_01/TRES-5260904053615.fits,2026-09-03,60.0,Clear,0.05007138888888889
TrES-5,Science,2026-09-04 05:39:16.211000+00:00,2461287.735604294,TrES-5_Session_6,TRES-5260904053916.fits,observations/2026-09-04/TRES-5/session_01/TRES-5260904053916.fits,2026-09-03,60.0,Clear,0.05012194444444444
TrES-5,Science,2026-09-04 05:42:15.602000+00:00,2461287.7376805786,TrES-5_Session_6,TRES-5260904054215.fits,observations/2026-09-04/TRES-5/session_01/TRES-5260904054215.fits,2026-09-03,60.0,Clear,0.04983083333333333
TrES-5,Science,2026-09-04 05:45:15.930000+00:00,2461287.7397677083,TrES-5_Session_6,TRES-5260904054515.fits,observations/2026-09-04/TRES-5/session_01/TRES-5260904054515.fits,2026-09-03,60.0,Clear,0.050091111111111114
TrES-5,Science,2026-09-04 05:48:15.180000+00:00,2461287.741842361,TrES-5_Session_6,TRES-5260904054815.fits,observations/2026-09-04/TRES-5/session_01/TRES-5260904054815.fits,2026-09-03,60.0,Clear,0.049791666666666665
TrES-5,Science,2026-09-04 05:51:16.491000+00:00,2461287.743940868,TrES-5_Session_6,TRES-5260904055116.fits,observations/2026-09-04/TRES-5/session_01/TRES-5260904055116.fits,2026-09-03,60.0,Clear,0.05036416666666667
TrES-5,Science,2026-09-04 05:54:15.969000+00:00,2461287.7460181597,TrES-5_Session_6,TRES-5260904055415.fits,observations/2026-09-04/TRES-5/session_01/TRES-5260904055415.fits,2026-09-03,60.0,Clear,0.049855000000000003
TrES-5,Science,2026-09-04 05:57:15.288000+00:00,2461287.748093611,TrES-5_Session_6,TRES-5260904055715.fits,observations/2026-09-04/TRES-5/session_01/TRES-5260904055715.fits,2026-09-03,60.0,Clear,0.04981083333333333
TrES-5,Science,2026-09-04 06:00:15.773000+00:00,2461287.750182558,TrES-5_Session_6,TRES-5260904060015.fits,observations/2026-09-04/TRES-5/session_01/TRES-5260904060015.fits,2026-09-03,60.0,Clear,0.050134722222222226
TrES-5,Science,2026-09-04 06:03:17.117000+00:00,2461287.752281447,TrES-5_Session_6,TRES-5260904060317.fits,observations/2026-09-04/TRES-5/session_01/TRES-5260904060317.fits,2026-09-03,60.0,Clear,0.05037333333333333
TrES-5,Science,2026-09-04 06:06:15.451000+00:00,2461287.7543454976,TrES-5_Session_6,TRES-5260904060615.fits,observations/2026-09-04/TRES-5/session_01/TRES-5260904060615.fits,2026-09-03,60.0,Clear,0.049537222222222226
TrES-5,Science,2026-09-04 06:09:16.814000+00:00,2461287.7564446065,TrES-5_Session_6,TRES-5260904060916.fits,observations/2026-09-04/TRES-5/session_01/TRES-5260904060916.fits,2026-09-03,60.0,Clear,0.05037861111111111
TrES-5,Science,2026-09-04 06:12:15.168000+00:00,2461287.758508889,TrES-5_Session_6,TRES-5260904061215.fits,observations/2026-09-04/TRES-5/session_01/TRES-5260904061215.fits,2026-09-03,60.0,Clear,0.04954277777777778
TrES-5,Science,2026-09-04 06:15:15.642000+00:00,2461287.760597708,TrES-5_Session_6,TRES-5260904061515.fits,observations/2026-09-04/TRES-5/session_01/TRES-5260904061515.fits,2026-09-03,60.0,Clear,0.050131666666666665
TrES-5,Science,2026-09-04 06:18:16.992000+00:00,2461287.7626966666,TrES-5_Session_6,TRES-5260904061816.fits,observations/2026-09-04/TRES-5/session_01/TRES-5260904061816.fits,2026-09-03,60.0,Clear,0.050374999999999996
TrES-5,Science,2026-09-04 06:21:15.308000+00:00,2461287.764760509,TrES-5_Session_6,TRES-5260904062115.fits,observations/2026-09-04/TRES-5/session_01/TRES-5260904062115.fits,2026-09-03,60.0,Clear,0.04953222222222222
TrES-5,Science,2026-09-04 06:24:15.809000+00:00,2461287.766849641,TrES-5_Session_6,TRES-5260904062415.fits,observations/2026-09-04/TRES-5/session_01/TRES-5260904062415.fits,2026-09-03,60.0,Clear,0.050139166666666665
TrES-5,Science,2026-09-04 06:27:15.201000+00:00,2461287.7689259374,TrES-5_Session_6,TRES-5260904062715.fits,observations/2026-09-04/TRES-5/session_01/TRES-5260904062715.fits,2026-09-03,60.0,Clear,0.04983111111111111
TrES-5,Science,2026-09-04 06:30:15.668000+00:00,2461287.771014676,TrES-5_Session_6,TRES-5260904063015.fits,observations/2026-09-04/TRES-5/session_01/TRES-5260904063015.fits,2026-09-03,60.0,Clear,0.05012972222222223
TrES-5,Science,2026-09-04 06:33:15.190000+00:00,2461287.7730924767,TrES-5_Session_6,TRES-5260904063315.fits,observations/2026-09-04/TRES-5/session_01/TRES-5260904063315.fits,2026-09-03,60.0,Clear,0.04986722222222222
TrES-5,Science,2026-09-04 06:36:15.663000+00:00,2461287.7751812846,TrES-5_Session_6,TRES-5260904063615.fits,observations/2026-09-04/TRES-5/session_01/TRES-5260904063615.fits,2026-09-03,60.0,Clear,0.05013138888888889
TrES-5,Science,2026-09-04 06:39:17.022000+00:00,2461287.7772803474,TrES-5_Session_6,TRES-5260904063917.fits,observations/2026-09-04/TRES-5/session_01/TRES-5260904063917.fits,2026-09-03,60.0,Clear,0.050377500000000006
TrES-5,Science,2026-09-04 06:42:15.504000+00:00,2461287.779346111,TrES-5_Session_6,TRES-5260904064215.fits,observations/2026-09-04/TRES-5/session_01/TRES-5260904064215.fits,2026-09-03,60.0,Clear,0.049578333333333335
TrES-5,Science,2026-09-04 06:45:15.812000+00:00,2461287.781433009,TrES-5_Session_6,TRES-5260904064515.fits,observations/2026-09-04/TRES-5/session_01/TRES-5260904064515.fits,2026-09-03,60.0,Clear,0.05008555555555556
TrES-5,Science,2026-09-04 06:48:16.272000+00:00,2461287.7835216667,TrES-5_Session_6,TRES-5260904064816.fits,observations/2026-09-04/TRES-5/session_01/TRES-5260904064816.fits,2026-09-03,60.0,Clear,0.05012777777777778
TrES-5,Science,2026-09-04 06:51:16.529000+00:00,2461287.7856079745,TrES-5_Session_6,TRES-5260904065116.fits,observations/2026-09-04/TRES-5/session_01/TRES-5260904065116.fits,2026-09-03,60.0,Clear,0.05007138888888889
TrES-5,Science,2026-09-04 06:54:16.926000+00:00,2461287.787695903,TrES-5_Session_6,TRES-5260904065416.fits,observations/2026-09-04/TRES-5/session_01/TRES-5260904065416.fits,2026-09-03,60.0,Clear,0.050110277777777774
TrES-5,Science,2026-09-04 06:57:15.220000+00:00,2461287.7897594906,TrES-5_Session_6,TRES-5260904065715.fits,observations/2026-09-04/TRES-5/session_01/TRES-5260904065715.fits,2026-09-03,60.0,Clear,0.04952611111111111
WASP-10,Science,2026-08-08 05:40:17.063000+00:00,2461260.7363085994,WASP-10_Session_1,WASP-10260808054017.fits,observations/2026-08-08/WASP-10/session_01/WASP-10260808054017.fits,2026-08-07,60.0,Clear,
WASP-10,Science,2026-08-08 05:42:15.507000+00:00,2461260.737679479,WASP-10_Session_1,WASP-10260808054215.fits,observations/2026-08-08/WASP-10/session_01/WASP-10260808054215.fits,2026-08-07,60.0,Clear,0.03290111111111111
WASP-10,Science,2026-08-08 05:45:17.004000+00:00,2461260.7397801387,WASP-10_Session_1,WASP-10260808054517.fits,observations/2026-08-08/WASP-10/session_01/WASP-10260808054517.fits,2026-08-07,60.0,Clear,0.05041583333333334
WASP-10,Science,2026-08-08 05:48:15.493000+00:00,2461260.741845984,WASP-10_Session_1,WASP-10260808054815.fits,observations/2026-08-08/WASP-10/session_01/WASP-10260808054815.fits,2026-08-07,60.0,Clear,0.04958027777777778
WASP-10,Science,2026-08-08 05:51:16.114000+00:00,2461260.7439365047,WASP-10_Session_1,WASP-10260808055116.fits,observations/2026-08-08/WASP-10/session_01/WASP-10260808055116.fits,2026-08-07,60.0,Clear,0.0501725
WASP-10,Science,2026-08-08 05:54:15.517000+00:00,2461260.7460129284,WASP-10_Session_1,WASP-10260808055415.fits,observations/2026-08-08/WASP-10/session_01/WASP-10260808055415.fits,2026-08-07,60.0,Clear,0.049834166666666666
WASP-10,Science,2026-08-08 05:57:15.940000+00:00,2461260.7481011576,WASP-10_Session_1,WASP-10260808055715.fits,observations/2026-08-08/WASP-10/session_01/WASP-10260808055715.fits,2026-08-07,60.0,Clear,0.0501175
WASP-10,Science,2026-08-08 06:00:16.790000+00:00,2461260.750194329,WASP-10_Session_1,WASP-10260808060016.fits,observations/2026-08-08/WASP-10/session_01/WASP-10260808060016.fits,2026-08-07,60.0,Clear,0.050236111111111106
WASP-10,Science,2026-08-08 06:03:16.216000+00:00,2461260.7522710185,WASP-10_Session_1,WASP-10260808060316.fits,observations/2026-08-08/WASP-10/session_01/WASP-10260808060316.fits,2026-08-07,60.0,Clear,0.049840555555555555
WASP-10,Science,2026-08-08 06:06:16.851000+00:00,2461260.754361701,WASP-10_Session_1,WASP-10260808060616.fits,observations/2026-08-08/WASP-10/session_01/WASP-10260808060616.fits,2026-08-07,60.0,Clear,0.05017638888888889
WASP-10,Science,2026-08-08 06:09:15.347000+00:00,2461260.7564276275,WASP-10_Session_1,WASP-10260808060915.fits,observations/2026-08-08/WASP-10/session_01/WASP-10260808060915.fits,2026-08-07,60.0,Clear,0.04958222222222222
WASP-10,Science,2026-08-08 06:12:16.808000+00:00,2461260.7585278703,WASP-10_Session_1,WASP-10260808061216.fits,observations/2026-08-08/WASP-10/session_01/WASP-10260808061216.fits,2026-08-07,60.0,Clear,0.05040583333333334
WASP-10,Science,2026-08-08 06:15:16.397000+00:00,2461260.760606447,WASP-10_Session_1,WASP-10260808061516.fits,observations/2026-08-08/WASP-10/session_01/WASP-10260808061516.fits,2026-08-07,60.0,Clear,0.04988583333333333
WASP-10,Science,2026-08-08 06:18:16.800000+00:00,2461260.7626944445,WASP-10_Session_1,WASP-10260808061816.fits,observations/2026-08-08/WASP-10/session_01/WASP-10260808061816.fits,2026-08-07,60.0,Clear,0.050111944444444445
WASP-10,Science,2026-08-08 06:21:15.331000+00:00,2461260.7647607755,WASP-10_Session_1,WASP-10260808062115.fits,observations/2026-08-08/WASP-10/session_01/WASP-10260808062115.fits,2026-08-07,60.0,Clear,0.049591944444444445
WASP-10,Science,2026-08-08 06:24:15.851000+00:00,2461260.7668501274,WASP-10_Session_1,WASP-10260808062415.fits,observations/2026-08-08/WASP-10/session_01/WASP-10260808062415.fits,2026-08-07,60.0,Clear,0.05014444444444445
WASP-10,Science,2026-08-08 06:27:15.341000+00:00,2461260.768927558,WASP-10_Session_1,WASP-10260808062715.fits,observations/2026-08-08/WASP-10/session_01/WASP-10260808062715.fits,2026-08-07,60.0,Clear,0.04985833333333334
WASP-10,Science,2026-08-08 06:30:15.833000+00:00,2461260.7710165856,WASP-10_Session_1,WASP-10260808063015.fits,observations/2026-08-08/WASP-10/session_01/WASP-10260808063015.fits,2026-08-07,60.0,Clear,0.05013666666666666
WASP-10,Science,2026-08-08 06:33:15.370000+00:00,2461260.77309456,WASP-10_Session_1,WASP-10260808063315.fits,observations/2026-08-08/WASP-10/session_01/WASP-10260808063315.fits,2026-08-07,60.0,Clear,0.04987138888888889
WASP-10,Science,2026-08-08 06:36:15.881000+00:00,2461260.775183808,WASP-10_Session_1,WASP-10260808063615.fits,observations/2026-08-08/WASP-10/session_01/WASP-10260808063615.fits,2026-08-07,60.0,Clear,0.05014194444444444
WASP-10,Science,2026-08-08 06:39:15.360000+00:00,2461260.777261111,WASP-10_Session_1,WASP-10260808063915.fits,observations/2026-08-08/WASP-10/session_01/WASP-10260808063915.fits,2026-08-07,60.0,Clear,0.04985527777777778
WASP-10,Science,2026-08-08 06:42:16.052000+00:00,2461260.7793524535,WASP-10_Session_1,WASP-10260808064216.fits,observations/2026-08-08/WASP-10/session_01/WASP-10260808064216.fits,2026-08-07,60.0,Clear,0.05019222222222222
WASP-10,Science,2026-08-08 06:45:16.580000+00:00,2461260.781441898,WASP-10_Session_1,WASP-10260808064516.fits,observations/2026-08-08/WASP-10/session_01/WASP-10260808064516.fits,2026-08-07,60.0,Clear,0.050146666666666666
WASP-10,Science,2026-08-08 06:48:16.217000+00:00,2461260.78352103,WASP-10_Session_1,WASP-10260808064816.fits,observations/2026-08-08/WASP-10/session_01/WASP-10260808064816.fits,2026-08-07,60.0,Clear,0.04989916666666667
WASP-10,Science,2026-08-08 06:51:15.697000+00:00,2461260.785598345,WASP-10_Session_1,WASP-10260808065115.fits,observations/2026-08-08/WASP-10/session_01/WASP-10260808065115.fits,2026-08-07,60.0,Clear,0.049855555555555556
WASP-10,Science,2026-08-08 06:54:15.181000+00:00,2461260.787675706,WASP-10_Session_1,WASP-10260808065415.fits,observations/2026-08-08/WASP-10/session_01/WASP-10260808065415.fits,2026-08-07,60.0,Clear,0.04985666666666667
WASP-10,Science,2026-08-08 06:57:15.702000+00:00,2461260.7897650693,WASP-10_Session_1,WASP-10260808065715.fits,observations/2026-08-08/WASP-10/session_01/WASP-10260808065715.fits,2026-08-07,60.0,Clear,0.050144722222222216
WASP-10,Science,2026-08-08 07:00:16.184000+00:00,2461260.7918539816,WASP-10_Session_1,WASP-10260808070016.fits,observations/2026-08-08/WASP-10/session_01/WASP-10260808070016.fits,2026-08-08,60.0,Clear,0.05013388888888889
WASP-10,Science,2026-08-08 07:03:15.689000+00:00,2461260.7939315857,WASP-10_Session_1,WASP-10260808070315.fits,observations/2026-08-08/WASP-10/session_01/WASP-10260808070315.fits,2026-08-08,60.0,Clear,0.0498625
WASP-10,Science,2026-08-08 07:06:15.449000+00:00,2461260.7960121413,WASP-10_Session_1,WASP-10260808070615.fits,observations/2026-08-08/WASP-10/session_01/WASP-10260808070615.fits,2026-08-08,60.0,Clear,0.04993333333333333
WASP-10,Science,2026-08-08 07:09:15.940000+00:00,2461260.7981011574,WASP-10_Session_1,WASP-10260808070915.fits,observations/2026-08-08/WASP-10/session_01/WASP-10260808070915.fits,2026-08-08,60.0,Clear,0.05013638888888889
WASP-10,Science,2026-08-08 07:12:16.599000+00:00,2461260.800192118,WASP-10_Session_1,WASP-10260808071216.fits,observations/2026-08-08/WASP-10/session_01/WASP-10260808071216.fits,2026-08-08,60.0,Clear,0.05018305555555555
WASP-10,Science,2026-08-08 07:15:16.115000+00:00,2461260.8022698495,WASP-10_Session_1,WASP-10260808071516.fits,observations/2026-08-08/WASP-10/session_01/WASP-10260808071516.fits,2026-08-08,60.0,Clear,0.04986555555555555
WASP-10,Science,2026-08-08 07:18:15.520000+00:00,2461260.8043462965,WASP-10_Session_1,WASP-10260808071815.fits,observations/2026-08-08/WASP-10/session_01/WASP-10260808071815.fits,2026-08-08,60.0,Clear,0.049834722222222225
WASP-10,Science,2026-08-08 07:21:16.023000+00:00,2461260.8064354514,WASP-10_Session_1,WASP-10260808072116.fits,observations/2026-08-08/WASP-10/session_01/WASP-10260808072116.fits,2026-08-08,60.0,Clear,0.05013972222222222
WASP-10,Science,2026-08-08 07:24:16.446000+00:00,2461260.8085236805,WASP-10_Session_1,WASP-10260808072416.fits,observations/2026-08-08/WASP-10/session_01/WASP-10260808072416.fits,2026-08-08,60.0,Clear,0.0501175
WASP-10,Science,2026-08-08 07:27:15.204000+00:00,2461260.810592639,WASP-10_Session_1,WASP-10260808072715.fits,observations/2026-08-08/WASP-10/session_01/WASP-10260808072715.fits,2026-08-08,60.0,Clear,0.049655000000000005
WASP-10,Science,2026-08-08 07:30:16.635000+00:00,2461260.8126925346,WASP-10_Session_1,WASP-10260808073016.fits,observations/2026-08-08/WASP-10/session_01/WASP-10260808073016.fits,2026-08-08,60.0,Clear,0.050397500000000005
WASP-10,Science,2026-08-08 07:33:17.124000+00:00,2461260.814781528,WASP-10_Session_1,WASP-10260808073317.fits,observations/2026-08-08/WASP-10/session_01/WASP-10260808073317.fits,2026-08-08,60.0,Clear,0.05013583333333334
WASP-10,Science,2026-08-08 07:36:15.676000+00:00,2461260.816848102,WASP-10_Session_1,WASP-10260808073615.fits,observations/2026-08-08/WASP-10/session_01/WASP-10260808073615.fits,2026-08-08,60.0,Clear,0.049597777777777775
WASP-10,Science,2026-08-08 07:39:15.184000+00:00,2461260.8189257407,WASP-10_Session_1,WASP-10260808073915.fits,observations/2026-08-08/WASP-10/session_01/WASP-10260808073915.fits,2026-08-08,60.0,Clear,0.049863333333333336
WASP-10,Science,2026-08-08 07:42:15.772000+00:00,2461260.8210158795,WASP-10_Session_1,WASP-10260808074215.fits,observations/2026-08-08/WASP-10/session_01/WASP-10260808074215.fits,2026-08-08,60.0,Clear,0.05016333333333333
WASP-10,Science,2026-08-08 07:45:16.411000+00:00,2461260.823106609,WASP-10_Session_1,WASP-10260808074516.fits,observations/2026-08-08/WASP-10/session_01/WASP-10260808074516.fits,2026-08-08,60.0,Clear,0.0501775
WASP-10,Science,2026-08-08 07:48:15.928000+00:00,2461260.8251843518,WASP-10_Session_1,WASP-10260808074815.fits,observations/2026-08-08/WASP-10/session_01/WASP-10260808074815.fits,2026-08-08,60.0,Clear,0.04986583333333333
WASP-10,Science,2026-08-08 07:51:15.682000+00:00,2461260.827264838,WASP-10_Session_1,WASP-10260808075115.fits,observations/2026-08-08/WASP-10/session_01/WASP-10260808075115.fits,2026-08-08,60.0,Clear,0.049931666666666666
WASP-10,Science,2026-08-08 07:54:16.203000+00:00,2461260.8293542014,WASP-10_Session_1,WASP-10260808075416.fits,observations/2026-08-08/WASP-10/session_01/WASP-10260808075416.fits,2026-08-08,60.0,Clear,0.050144722222222216
WASP-10,Science,2026-08-08 07:57:16.935000+00:00,2461260.831446007,WASP-10_Session_1,WASP-10260808075716.fits,observations/2026-08-08/WASP-10/session_01/WASP-10260808075716.fits,2026-08-08,60.0,Clear,0.050203333333333336
WASP-10,Science,2026-08-08 08:00:15.381000+00:00,2461260.833511354,WASP-10_Session_1,WASP-10260808080015.fits,observations/2026-08-08/WASP-10/session_01/WASP-10260808080015.fits,2026-08-08,60.0,Clear,0.04956833333333333
WASP-10,Science,2026-08-08 08:03:15.962000+00:00,2461260.835601412,WASP-10_Session_1,WASP-10260808080315.fits,observations/2026-08-08/WASP-10/session_01/WASP-10260808080315.fits,2026-08-08,60.0,Clear,0.05016138888888889
WASP-10,Science,2026-08-08 08:06:16.501000+00:00,2461260.837690984,WASP-10_Session_1,WASP-10260808080616.fits,observations/2026-08-08/WASP-10/session_01/WASP-10260808080616.fits,2026-08-08,60.0,Clear,0.05014972222222222
WASP-10,Science,2026-08-08 08:09:16.943000+00:00,2461260.839779433,WASP-10_Session_1,WASP-10260808080916.fits,observations/2026-08-08/WASP-10/session_01/WASP-10260808080916.fits,2026-08-08,60.0,Clear,0.05012277777777778
WASP-10,Science,2026-08-08 08:12:15.693000+00:00,2461260.8418482984,WASP-10_Session_1,WASP-10260808081215.fits,observations/2026-08-08/WASP-10/session_01/WASP-10260808081215.fits,2026-08-08,60.0,Clear,0.049652777777777775
WASP-10,Science,2026-08-08 08:15:16.352000+00:00,2461260.843939259,WASP-10_Session_1,WASP-10260808081516.fits,observations/2026-08-08/WASP-10/session_01/WASP-10260808081516.fits,2026-08-08,60.0,Clear,0.05018305555555555
WASP-10,Science,2026-08-08 08:18:16.084000+00:00,2461260.8460194906,WASP-10_Session_1,WASP-10260808081816.fits,observations/2026-08-08/WASP-10/session_01/WASP-10260808081816.fits,2026-08-08,60.0,Clear,0.049925555555555556
WASP-10,Science,2026-08-08 08:21:15.625000+00:00,2461260.8480975116,WASP-10_Session_1,WASP-10260808082115.fits,observations/2026-08-08/WASP-10/session_01/WASP-10260808082115.fits,2026-08-08,60.0,Clear,0.0498725
WASP-10,Science,2026-08-08 08:24:15.257000+00:00,2461260.850176586,WASP-10_Session_1,WASP-10260808082415.fits,observations/2026-08-08/WASP-10/session_01/WASP-10260808082415.fits,2026-08-08,60.0,Clear,0.04989777777777778
WASP-10,Science,2026-08-08 08:27:15.719000+00:00,2461260.8522652662,WASP-10_Session_1,WASP-10260808082715.fits,observations/2026-08-08/WASP-10/session_01/WASP-10260808082715.fits,2026-08-08,60.0,Clear,0.05012833333333333
WASP-10,Science,2026-08-08 08:30:15.355000+00:00,2461260.8543443866,WASP-10_Session_1,WASP-10260808083015.fits,observations/2026-08-08/WASP-10/session_01/WASP-10260808083015.fits,2026-08-08,60.0,Clear,0.04989888888888889
WASP-10,Science,2026-08-08 08:33:16.974000+00:00,2461260.8564464585,WASP-10_Session_1,WASP-10260808083316.fits,observations/2026-08-08/WASP-10/session_01/WASP-10260808083316.fits,2026-08-08,60.0,Clear,0.05044972222222222
WASP-10,Science,2026-08-08 08:36:15.459000+00:00,2461260.8585122568,WASP-10_Session_1,WASP-10260808083615.fits,observations/2026-08-08/WASP-10/session_01/WASP-10260808083615.fits,2026-08-08,60.0,Clear,0.04957916666666667
WASP-10,Science,2026-08-08 08:39:16.791000+00:00,2461260.860611007,WASP-10_Session_1,WASP-10260808083916.fits,observations/2026-08-08/WASP-10/session_01/WASP-10260808083916.fits,2026-08-08,60.0,Clear,0.05037
WASP-10,Science,2026-08-08 08:42:15.334000+00:00,2461260.862677477,WASP-10_Session_1,WASP-10260808084215.fits,observations/2026-08-08/WASP-10/session_01/WASP-10260808084215.fits,2026-08-08,60.0,Clear,0.04959527777777778
WASP-10,Science,2026-08-08 08:45:16.822000+00:00,2461260.8647780325,WASP-10_Session_1,WASP-10260808084516.fits,observations/2026-08-08/WASP-10/session_01/WASP-10260808084516.fits,2026-08-08,60.0,Clear,0.05041333333333333
WASP-10,Science,2026-08-08 08:48:15.324000+00:00,2461260.866844028,WASP-10_Session_1,WASP-10260808084815.fits,observations/2026-08-08/WASP-10/session_01/WASP-10260808084815.fits,2026-08-08,60.0,Clear,0.04958388888888889
WASP-10,Science,2026-08-08 08:51:15.743000+00:00,2461260.868932211,WASP-10_Session_1,WASP-10260808085115.fits,observations/2026-08-08/WASP-10/session_01/WASP-10260808085115.fits,2026-08-08,60.0,Clear,0.05011638888888889
WASP-10,Science,2026-08-08 08:54:15.225000+00:00,2461260.8710095487,WASP-10_Session_1,WASP-10260808085415.fits,observations/2026-08-08/WASP-10/session_01/WASP-10260808085415.fits,2026-08-08,60.0,Clear,0.04985611111111111
WASP-10,Science,2026-08-08 08:57:15.698000+00:00,2461260.8730983566,WASP-10_Session_1,WASP-10260808085715.fits,observations/2026-08-08/WASP-10/session_01/WASP-10260808085715.fits,2026-08-08,60.0,Clear,0.05013138888888889
WASP-10,Science,2026-08-08 09:00:16.391000+00:00,2461260.875189711,WASP-10_Session_1,WASP-10260808090016.fits,observations/2026-08-08/WASP-10/session_01/WASP-10260808090016.fits,2026-08-08,60.0,Clear,0.0501925
WASP-10,Science,2026-08-08 09:03:16.912000+00:00,2461260.877279074,WASP-10_Session_1,WASP-10260808090316.fits,observations/2026-08-08/WASP-10/session_01/WASP-10260808090316.fits,2026-08-08,60.0,Clear,0.050144722222222216
WASP-10,Science,2026-08-08 09:06:15.484000+00:00,2461260.8793458794,WASP-10_Session_1,WASP-10260808090615.fits,observations/2026-08-08/WASP-10/session_01/WASP-10260808090615.fits,2026-08-08,60.0,Clear,0.04960333333333333
WASP-10,Science,2026-08-08 09:09:17.016000+00:00,2461260.8814469445,WASP-10_Session_1,WASP-10260808090917.fits,observations/2026-08-08/WASP-10/session_01/WASP-10260808090917.fits,2026-08-08,60.0,Clear,0.05042555555555556
WASP-10,Science,2026-08-08 09:12:15.580000+00:00,2461260.8835136574,WASP-10_Session_1,WASP-10260808091215.fits,observations/2026-08-08/WASP-10/session_01/WASP-10260808091215.fits,2026-08-08,60.0,Clear,0.04960111111111111
WASP-10,Science,2026-08-08 09:15:16.154000+00:00,2461260.885603634,WASP-10_Session_1,WASP-10260808091516.fits,observations/2026-08-08/WASP-10/session_01/WASP-10260808091516.fits,2026-08-08,60.0,Clear,0.05015944444444445
WASP-10,Science,2026-08-08 09:18:16.810000+00:00,2461260.88769456,WASP-10_Session_1,WASP-10260808091816.fits,observations/2026-08-08/WASP-10/session_01/WASP-10260808091816.fits,2026-08-08,60.0,Clear,0.050182222222222225
WASP-10,Science,2026-08-08 09:21:16.302000+00:00,2461260.8897720138,WASP-10_Session_1,WASP-10260808092116.fits,observations/2026-08-08/WASP-10/session_01/WASP-10260808092116.fits,2026-08-08,60.0,Clear,0.04985888888888888
WASP-10,Science,2026-08-08 09:24:15.830000+00:00,2461260.8918498843,WASP-10_Session_1,WASP-10260808092415.fits,observations/2026-08-08/WASP-10/session_01/WASP-10260808092415.fits,2026-08-08,60.0,Clear,0.049868888888888886
WASP-10,Science,2026-08-08 09:27:16.572000+00:00,2461260.8939418057,WASP-10_Session_1,WASP-10260808092716.fits,observations/2026-08-08/WASP-10/session_01/WASP-10260808092716.fits,2026-08-08,60.0,Clear,0.05020611111111111
WASP-10,Science,2026-08-08 09:30:16.115000+00:00,2461260.8960198495,WASP-10_Session_1,WASP-10260808093016.fits,observations/2026-08-08/WASP-10/session_01/WASP-10260808093016.fits,2026-08-08,60.0,Clear,0.04987305555555556
WASP-10,Science,2026-08-08 09:33:15.896000+00:00,2461260.898100648,WASP-10_Session_1,WASP-10260808093315.fits,observations/2026-08-08/WASP-10/session_01/WASP-10260808093315.fits,2026-08-08,60.0,Clear,0.049939166666666666
WASP-10,Science,2026-08-08 09:36:15.339000+00:00,2461260.9001775347,WASP-10_Session_1,WASP-10260808093615.fits,observations/2026-08-08/WASP-10/session_01/WASP-10260808093615.fits,2026-08-08,60.0,Clear,0.04984527777777778
WASP-10,Science,2026-08-08 09:39:16.106000+00:00,2461260.9022697452,WASP-10_Session_1,WASP-10260808093916.fits,observations/2026-08-08/WASP-10/session_01/WASP-10260808093916.fits,2026-08-08,60.0,Clear,0.05021305555555555
WASP-10,Science,2026-08-08 09:42:15.590000+00:00,2461260.9043471063,WASP-10_Session_1,WASP-10260808094215.fits,observations/2026-08-08/WASP-10/session_01/WASP-10260808094215.fits,2026-08-08,60.0,Clear,0.04985666666666667
WASP-10,Science,2026-08-08 09:45:17.091000+00:00,2461260.9064478124,WASP-10_Session_1,WASP-10260808094517.fits,observations/2026-08-08/WASP-10/session_01/WASP-10260808094517.fits,2026-08-08,60.0,Clear,0.050416944444444445
WASP-10,Science,2026-08-08 09:48:16.637000+00:00,2461260.908525891,WASP-10_Session_1,WASP-10260808094816.fits,observations/2026-08-08/WASP-10/session_01/WASP-10260808094816.fits,2026-08-08,60.0,Clear,0.049873888888888884
WASP-10,Science,2026-08-08 09:51:17.160000+00:00,2461260.910615278,WASP-10_Session_1,WASP-10260808095117.fits,observations/2026-08-08/WASP-10/session_01/WASP-10260808095117.fits,2026-08-08,60.0,Clear,0.050145277777777775
WASP-10,Science,2026-08-08 09:54:15.573000+00:00,2461260.912680243,WASP-10_Session_1,WASP-10260808095415.fits,observations/2026-08-08/WASP-10/session_01/WASP-10260808095415.fits,2026-08-08,60.0,Clear,0.04955916666666667
WASP-2,Science,2026-08-11 06:54:33.864000+00:00,2461263.7878919444,WASP-2_Session_1,WASP-2260811065433.fits,observations/2026-08-11/WASP-2/session_01/WASP-2260811065433.fits,2026-08-10,60.0,Clear,
WASP-2,Science,2026-08-11 06:58:34.954000+00:00,2461263.790682338,WASP-2_Session_1,WASP-2260811065834.fits,observations/2026-08-11/WASP-2/session_01/WASP-2260811065834.fits,2026-08-10,60.0,Clear,0.06696944444444444
WASP-2,Science,2026-08-11 07:02:35.872000+00:00,2461263.793470741,WASP-2_Session_1,WASP-2260811070235.fits,observations/2026-08-11/WASP-2/session_01/WASP-2260811070235.fits,2026-08-11,60.0,Clear,0.06692166666666667
WASP-2,Science,2026-08-11 07:04:22.182000+00:00,2461263.7947011804,WASP-2_Session_1,WASP-2260811070422.fits,observations/2026-08-11/WASP-2/session_01/WASP-2260811070422.fits,2026-08-11,60.0,Clear,0.029530555555555556
WASP-2,Science,2026-08-11 07:06:15.458000+00:00,2461263.7960122456,WASP-2_Session_1,WASP-2260811070615.fits,observations/2026-08-11/WASP-2/session_01/WASP-2260811070615.fits,2026-08-11,60.0,Clear,0.03146555555555555
WASP-2,Science,2026-08-11 07:09:15.744000+00:00,2461263.7980988887,WASP-2_Session_1,WASP-2260811070915.fits,observations/2026-08-11/WASP-2/session_01/WASP-2260811070915.fits,2026-08-11,60.0,Clear,0.05007944444444445
WASP-2,Science,2026-08-11 07:12:16.011000+00:00,2461263.8001853125,WASP-2_Session_1,WASP-2260811071216.fits,observations/2026-08-11/WASP-2/session_01/WASP-2260811071216.fits,2026-08-11,60.0,Clear,0.05007416666666666
WASP-2,Science,2026-08-11 07:15:16.395000+00:00,2461263.8022730905,WASP-2_Session_1,WASP-2260811071516.fits,observations/2026-08-11/WASP-2/session_01/WASP-2260811071516.fits,2026-08-11,60.0,Clear,0.05010666666666666
WASP-2,Science,2026-08-11 07:18:17.050000+00:00,2461263.8043640046,WASP-2_Session_1,WASP-2260811071817.fits,observations/2026-08-11/WASP-2/session_01/WASP-2260811071817.fits,2026-08-11,60.0,Clear,0.050181944444444446
WASP-2,Science,2026-08-11 07:21:16.118000+00:00,2461263.806436551,WASP-2_Session_1,WASP-2260811072116.fits,observations/2026-08-11/WASP-2/session_01/WASP-2260811072116.fits,2026-08-11,60.0,Clear,0.04974111111111112
WASP-2,Science,2026-08-11 07:24:17.102000+00:00,2461263.808531273,WASP-2_Session_1,WASP-2260811072417.fits,observations/2026-08-11/WASP-2/session_01/WASP-2260811072417.fits,2026-08-11,60.0,Clear,0.05027333333333334
WASP-2,Science,2026-08-11 07:27:16.168000+00:00,2461263.8106037965,WASP-2_Session_1,WASP-2260811072716.fits,observations/2026-08-11/WASP-2/session_01/WASP-2260811072716.fits,2026-08-11,60.0,Clear,0.04974055555555556
WASP-2,Science,2026-08-11 07:30:15.978000+00:00,2461263.8126849304,WASP-2_Session_1,WASP-2260811073015.fits,observations/2026-08-11/WASP-2/session_01/WASP-2260811073015.fits,2026-08-11,60.0,Clear,0.049947222222222226
WASP-2,Science,2026-08-11 07:33:15.360000+00:00,2461263.814761111,WASP-2_Session_1,WASP-2260811073315.fits,observations/2026-08-11/WASP-2/session_01/WASP-2260811073315.fits,2026-08-11,60.0,Clear,0.049828333333333336
WASP-2,Science,2026-08-11 07:36:15.728000+00:00,2461263.8168487037,WASP-2_Session_1,WASP-2260811073615.fits,observations/2026-08-11/WASP-2/session_01/WASP-2260811073615.fits,2026-08-11,60.0,Clear,0.05010222222222222
WASP-2,Science,2026-08-11 07:39:17.170000+00:00,2461263.8189487266,WASP-2_Session_1,WASP-2260811073917.fits,observations/2026-08-11/WASP-2/session_01/WASP-2260811073917.fits,2026-08-11,60.0,Clear,0.05040055555555556
WASP-2,Science,2026-08-11 07:42:16.285000+00:00,2461263.821021817,WASP-2_Session_1,WASP-2260811074216.fits,observations/2026-08-11/WASP-2/session_01/WASP-2260811074216.fits,2026-08-11,60.0,Clear,0.04975416666666667
WASP-2,Science,2026-08-11 07:45:16.926000+00:00,2461263.8231125693,WASP-2_Session_1,WASP-2260811074516.fits,observations/2026-08-11/WASP-2/session_01/WASP-2260811074516.fits,2026-08-11,60.0,Clear,0.05017805555555555
WASP-2,Science,2026-08-11 07:48:16.412000+00:00,2461263.8251899537,WASP-2_Session_1,WASP-2260811074816.fits,observations/2026-08-11/WASP-2/session_01/WASP-2260811074816.fits,2026-08-11,60.0,Clear,0.04985722222222222
WASP-2,Science,2026-08-11 07:51:15.598000+00:00,2461263.8272638656,WASP-2_Session_1,WASP-2260811075115.fits,observations/2026-08-11/WASP-2/session_01/WASP-2260811075115.fits,2026-08-11,60.0,Clear,0.04977388888888889
WASP-2,Science,2026-08-11 07:54:16.401000+00:00,2461263.829356493,WASP-2_Session_1,WASP-2260811075416.fits,observations/2026-08-11/WASP-2/session_01/WASP-2260811075416.fits,2026-08-11,60.0,Clear,0.050223055555555556
WASP-2,Science,2026-08-11 07:57:16.918000+00:00,2461263.8314458104,WASP-2_Session_1,WASP-2260811075716.fits,observations/2026-08-11/WASP-2/session_01/WASP-2260811075716.fits,2026-08-11,60.0,Clear,0.05014361111111111
WASP-2,Science,2026-08-11 08:00:16.657000+00:00,2461263.833526123,WASP-2_Session_1,WASP-2260811080016.fits,observations/2026-08-11/WASP-2/session_01/WASP-2260811080016.fits,2026-08-11,60.0,Clear,0.0499275
WASP-2,Science,2026-08-11 08:03:15.535000+00:00,2461263.8355964697,WASP-2_Session_1,WASP-2260811080315.fits,observations/2026-08-11/WASP-2/session_01/WASP-2260811080315.fits,2026-08-11,60.0,Clear,0.04968833333333333
WASP-2,Science,2026-08-11 08:06:16.543000+00:00,2461263.83769147,WASP-2_Session_1,WASP-2260811080616.fits,observations/2026-08-11/WASP-2/session_01/WASP-2260811080616.fits,2026-08-11,60.0,Clear,0.050280000000000005
WASP-2,Science,2026-08-11 08:09:15.999000+00:00,2461263.839768507,WASP-2_Session_1,WASP-2260811080915.fits,observations/2026-08-11/WASP-2/session_01/WASP-2260811080915.fits,2026-08-11,60.0,Clear,0.04984888888888889
WASP-2,Science,2026-08-11 08:12:16.522000+00:00,2461263.8418578934,WASP-2_Session_1,WASP-2260811081216.fits,observations/2026-08-11/WASP-2/session_01/WASP-2260811081216.fits,2026-08-11,60.0,Clear,0.050145277777777775
WASP-2,Science,2026-08-11 08:15:16.034000+00:00,2461263.8439355786,WASP-2_Session_1,WASP-2260811081516.fits,observations/2026-08-11/WASP-2/session_01/WASP-2260811081516.fits,2026-08-11,60.0,Clear,0.04986444444444445
WASP-2,Science,2026-08-11 08:18:16.564000+00:00,2461263.8460250464,WASP-2_Session_1,WASP-2260811081816.fits,observations/2026-08-11/WASP-2/session_01/WASP-2260811081816.fits,2026-08-11,60.0,Clear,0.050147222222222225
WASP-2,Science,2026-08-11 08:21:17.146000+00:00,2461263.848115116,WASP-2_Session_1,WASP-2260811082117.fits,observations/2026-08-11/WASP-2/session_01/WASP-2260811082117.fits,2026-08-11,60.0,Clear,0.05016166666666667
WASP-2,Science,2026-08-11 08:24:15.869000+00:00,2461263.850183669,WASP-2_Session_1,WASP-2260811082415.fits,observations/2026-08-11/WASP-2/session_01/WASP-2260811082415.fits,2026-08-11,60.0,Clear,0.04964527777777778
WASP-2,Science,2026-08-11 08:27:16.659000+00:00,2461263.852276146,WASP-2_Session_1,WASP-2260811082716.fits,observations/2026-08-11/WASP-2/session_01/WASP-2260811082716.fits,2026-08-11,60.0,Clear,0.05021944444444444
WASP-2,Science,2026-08-11 08:30:15.925000+00:00,2461263.8543509836,WASP-2_Session_1,WASP-2260811083015.fits,observations/2026-08-11/WASP-2/session_01/WASP-2260811083015.fits,2026-08-11,60.0,Clear,0.04979611111111111
WASP-2,Science,2026-08-11 08:33:15.492000+00:00,2461263.8564293054,WASP-2_Session_1,WASP-2260811083315.fits,observations/2026-08-11/WASP-2/session_01/WASP-2260811083315.fits,2026-08-11,60.0,Clear,0.04987972222222222
WASP-2,Science,2026-08-11 08:36:16.851000+00:00,2461263.858528368,WASP-2_Session_1,WASP-2260811083616.fits,observations/2026-08-11/WASP-2/session_01/WASP-2260811083616.fits,2026-08-11,60.0,Clear,0.050377500000000006
WASP-2,Science,2026-08-11 08:39:17.268000+00:00,2461263.860616528,WASP-2_Session_1,WASP-2260811083917.fits,observations/2026-08-11/WASP-2/session_01/WASP-2260811083917.fits,2026-08-11,60.0,Clear,0.05011583333333333
WASP-2,Science,2026-08-11 08:42:15.739000+00:00,2461263.862682164,WASP-2_Session_1,WASP-2260811084215.fits,observations/2026-08-11/WASP-2/session_01/WASP-2260811084215.fits,2026-08-11,60.0,Clear,0.04957527777777778
WASP-2,Science,2026-08-11 08:45:15.278000+00:00,2461263.864760162,WASP-2_Session_1,WASP-2260811084515.fits,observations/2026-08-11/WASP-2/session_01/WASP-2260811084515.fits,2026-08-11,60.0,Clear,0.04987194444444444
WASP-2,Science,2026-08-11 08:48:15.366000+00:00,2461263.866844514,WASP-2_Session_1,WASP-2260811084815.fits,observations/2026-08-11/WASP-2/session_01/WASP-2260811084815.fits,2026-08-11,60.0,Clear,0.05002444444444444
WASP-2,Science,2026-08-11 08:51:15.672000+00:00,2461263.868931389,WASP-2_Session_1,WASP-2260811085115.fits,observations/2026-08-11/WASP-2/session_01/WASP-2260811085115.fits,2026-08-11,60.0,Clear,0.050085000000000005
WASP-2,Science,2026-08-11 08:54:16.076000+00:00,2461263.8710193983,WASP-2_Session_1,WASP-2260811085416.fits,observations/2026-08-11/WASP-2/session_01/WASP-2260811085416.fits,2026-08-11,60.0,Clear,0.050112222222222225
WASP-2,Science,2026-08-11 08:57:16.703000+00:00,2461263.8731099884,WASP-2_Session_1,WASP-2260811085716.fits,observations/2026-08-11/WASP-2/session_01/WASP-2260811085716.fits,2026-08-11,60.0,Clear,0.05017416666666667
WASP-2,Science,2026-08-11 09:00:15.518000+00:00,2461263.8751796065,WASP-2_Session_1,WASP-2260811090015.fits,observations/2026-08-11/WASP-2/session_01/WASP-2260811090015.fits,2026-08-11,60.0,Clear,0.04967083333333333
WASP-2,Science,2026-08-11 09:03:17.092000+00:00,2461263.8772811573,WASP-2_Session_1,WASP-2260811090317.fits,observations/2026-08-11/WASP-2/session_01/WASP-2260811090317.fits,2026-08-11,60.0,Clear,0.050437222222222224
WASP-2,Science,2026-08-11 09:06:18.609000+00:00,2461263.8793820487,WASP-2_Session_1,WASP-2260811090618.fits,observations/2026-08-11/WASP-2/session_01/WASP-2260811090618.fits,2026-08-11,60.0,Clear,0.05042138888888889
WASP-2,Science,2026-08-11 09:09:16.321000+00:00,2461263.8814389003,WASP-2_Session_1,WASP-2260811090916.fits,observations/2026-08-11/WASP-2/session_01/WASP-2260811090916.fits,2026-08-11,60.0,Clear,0.04936444444444444
WASP-2,Science,2026-08-11 09:12:15.887000+00:00,2461263.883517211,WASP-2_Session_1,WASP-2260811091215.fits,observations/2026-08-11/WASP-2/session_01/WASP-2260811091215.fits,2026-08-11,60.0,Clear,0.04987944444444445
WASP-2,Science,2026-08-11 09:15:16.368000+00:00,2461263.885606111,WASP-2_Session_1,WASP-2260811091516.fits,observations/2026-08-11/WASP-2/session_01/WASP-2260811091516.fits,2026-08-11,60.0,Clear,0.05013361111111111
WASP-2,Science,2026-08-11 09:18:16.023000+00:00,2461263.887685451,WASP-2_Session_1,WASP-2260811091816.fits,observations/2026-08-11/WASP-2/session_01/WASP-2260811091816.fits,2026-08-11,60.0,Clear,0.049904166666666666
WASP-2,Science,2026-08-11 09:21:17.089000+00:00,2461263.8897811226,WASP-2_Session_1,WASP-2260811092117.fits,observations/2026-08-11/WASP-2/session_01/WASP-2260811092117.fits,2026-08-11,60.0,Clear,0.05029611111111111
WASP-2,Science,2026-08-11 09:24:16.730000+00:00,2461263.891860301,WASP-2_Session_1,WASP-2260811092416.fits,observations/2026-08-11/WASP-2/session_01/WASP-2260811092416.fits,2026-08-11,60.0,Clear,0.04990027777777777
WASP-2,Science,2026-08-11 09:27:16.810000+00:00,2461263.89394456,WASP-2_Session_1,WASP-2260811092716.fits,observations/2026-08-11/WASP-2/session_01/WASP-2260811092716.fits,2026-08-11,60.0,Clear,0.050022222222222225
WASP-2,Science,2026-08-11 09:30:15.755000+00:00,2461263.8960156827,WASP-2_Session_1,WASP-2260811093015.fits,observations/2026-08-11/WASP-2/session_01/WASP-2260811093015.fits,2026-08-11,60.0,Clear,0.04970694444444444
WASP-2,Science,2026-08-11 09:33:15.801000+00:00,2461263.8980995486,WASP-2_Session_1,WASP-2260811093315.fits,observations/2026-08-11/WASP-2/session_01/WASP-2260811093315.fits,2026-08-11,60.0,Clear,0.050012777777777774
WASP-2,Science,2026-08-11 09:36:17.555000+00:00,2461263.900203183,WASP-2_Session_1,WASP-2260811093617.fits,observations/2026-08-11/WASP-2/session_01/WASP-2260811093617.fits,2026-08-11,60.0,Clear,0.05048722222222222
WASP-2,Science,2026-08-11 09:39:16.381000+00:00,2461263.902272928,WASP-2_Session_1,WASP-2260811093916.fits,observations/2026-08-11/WASP-2/session_01/WASP-2260811093916.fits,2026-08-11,60.0,Clear,0.049673888888888885
WASP-2,Science,2026-08-11 09:42:17.138000+00:00,2461263.904365023,WASP-2_Session_1,WASP-2260811094217.fits,observations/2026-08-11/WASP-2/session_01/WASP-2260811094217.fits,2026-08-11,60.0,Clear,0.05021027777777778
WASP-2,Science,2026-08-11 09:45:15.879000+00:00,2461263.906433785,WASP-2_Session_1,WASP-2260811094515.fits,observations/2026-08-11/WASP-2/session_01/WASP-2260811094515.fits,2026-08-11,60.0,Clear,0.04965027777777778
WASP-2,Science,2026-08-11 09:48:15.329000+00:00,2461263.9085107525,WASP-2_Session_1,WASP-2260811094815.fits,observations/2026-08-11/WASP-2/session_01/WASP-2260811094815.fits,2026-08-11,60.0,Clear,0.049847222222222216
WASP-2,Science,2026-08-11 09:51:17.176000+00:00,2461263.910615463,WASP-2_Session_1,WASP-2260811095117.fits,observations/2026-08-11/WASP-2/session_01/WASP-2260811095117.fits,2026-08-11,60.0,Clear,0.05051305555555556
WASP-2,Science,2026-08-11 09:54:15.343000+00:00,2461263.912677581,WASP-2_Session_1,WASP-2260811095415.fits,observations/2026-08-11/WASP-2/session_01/WASP-2260811095415.fits,2026-08-11,60.0,Clear,0.04949083333333333
WASP-2,Science,2026-08-11 09:57:16.363000+00:00,2461263.91477272,WASP-2_Session_1,WASP-2260811095716.fits,observations/2026-08-11/WASP-2/session_01/WASP-2260811095716.fits,2026-08-11,60.0,Clear,0.05028333333333334
WASP-2,Science,2026-08-11 10:00:16.056000+00:00,2461263.9168525,WASP-2_Session_1,WASP-2260811100016.fits,observations/2026-08-11/WASP-2/session_01/WASP-2260811100016.fits,2026-08-11,60.0,Clear,0.04991472222222223
WASP-2,Science,2026-08-11 10:03:16.708000+00:00,2461263.9189433795,WASP-2_Session_1,WASP-2260811100316.fits,observations/2026-08-11/WASP-2/session_01/WASP-2260811100316.fits,2026-08-11,60.0,Clear,0.05018111111111111
WASP-2,Science,2026-08-11 10:06:16.302000+00:00,2461263.9210220138,WASP-2_Session_1,WASP-2260811100616.fits,observations/2026-08-11/WASP-2/session_01/WASP-2260811100616.fits,2026-08-11,60.0,Clear,0.04988722222222222
WASP-2,Science,2026-08-11 10:09:16.808000+00:00,2461263.9231112036,WASP-2_Session_1,WASP-2260811100916.fits,observations/2026-08-11/WASP-2/session_01/WASP-2260811100916.fits,2026-08-11,60.0,Clear,0.050140555555555556
WASP-2,Science,2026-08-11 10:12:16.502000+00:00,2461263.9251909954,WASP-2_Session_1,WASP-2260811101216.fits,observations/2026-08-11/WASP-2/session_01/WASP-2260811101216.fits,2026-08-11,60.0,Clear,0.049914999999999994
WASP-2,Science,2026-08-11 10:15:16.112000+00:00,2461263.927269815,WASP-2_Session_1,WASP-2260811101516.fits,observations/2026-08-11/WASP-2/session_01/WASP-2260811101516.fits,2026-08-11,60.0,Clear,0.04989166666666667
WASP-2,Science,2026-08-11 10:18:15.688000+00:00,2461263.9293482406,WASP-2_Session_1,WASP-2260811101815.fits,observations/2026-08-11/WASP-2/session_01/WASP-2260811101815.fits,2026-08-11,60.0,Clear,0.049882222222222224
WASP-2,Science,2026-08-11 10:21:17.382000+00:00,2461263.9314511805,WASP-2_Session_1,WASP-2260811102117.fits,observations/2026-08-11/WASP-2/session_01/WASP-2260811102117.fits,2026-08-11,60.0,Clear,0.05047055555555555
WASP-2,Science,2026-08-11 10:24:16.399000+00:00,2461263.9335231367,WASP-2_Session_1,WASP-2260811102416.fits,observations/2026-08-11/WASP-2/session_01/WASP-2260811102416.fits,2026-08-11,60.0,Clear,0.04972694444444444
WASP-2,Science,2026-08-11 10:27:16.899000+00:00,2461263.935612257,WASP-2_Session_1,WASP-2260811102716.fits,observations/2026-08-11/WASP-2/session_01/WASP-2260811102716.fits,2026-08-11,60.0,Clear,0.050138888888888886
WASP-2,Science,2026-08-11 10:30:15.556000+00:00,2461263.937680046,WASP-2_Session_1,WASP-2260811103015.fits,observations/2026-08-11/WASP-2/session_01/WASP-2260811103015.fits,2026-08-11,60.0,Clear,0.049626944444444446
WASP-2,Science,2026-08-11 10:33:15.943000+00:00,2461263.939767859,WASP-2_Session_1,WASP-2260811103315.fits,observations/2026-08-11/WASP-2/session_01/WASP-2260811103315.fits,2026-08-11,60.0,Clear,0.0501075
WASP-2,Science,2026-08-11 10:36:17.149000+00:00,2461263.9418651504,WASP-2_Session_1,WASP-2260811103617.fits,observations/2026-08-11/WASP-2/session_01/WASP-2260811103617.fits,2026-08-11,60.0,Clear,0.050335
WASP-2,Science,2026-08-11 10:39:15.819000+00:00,2461263.94393309,WASP-2_Session_1,WASP-2260811103915.fits,observations/2026-08-11/WASP-2/session_01/WASP-2260811103915.fits,2026-08-11,60.0,Clear,0.04963055555555555
WASP-2,Science,2026-08-11 10:42:16.675000+00:00,2461263.946026331,WASP-2_Session_1,WASP-2260811104216.fits,observations/2026-08-11/WASP-2/session_01/WASP-2260811104216.fits,2026-08-11,60.0,Clear,0.05023777777777778
WASP-2,Science,2026-08-11 10:45:16.331000+00:00,2461263.948105683,WASP-2_Session_1,WASP-2260811104516.fits,observations/2026-08-11/WASP-2/session_01/WASP-2260811104516.fits,2026-08-11,60.0,Clear,0.049904444444444446
WASP-2,Science,2026-08-24 04:52:31.321000+00:00,2461276.7031402895,WASP-2_Session_2,WASP-2260824045231.fits,observations/2026-08-24/WASP-2/session_01/WASP-2260824045231.fits,2026-08-23,60.0,Clear,306.12083055555553
WASP-2,Science,2026-08-24 04:54:15.499000+00:00,2461276.7043460533,WASP-2_Session_2,WASP-2260824045415.fits,observations/2026-08-24/WASP-2/session_01/WASP-2260824045415.fits,2026-08-23,60.0,Clear,0.028938333333333333
WASP-2,Science,2026-08-24 04:57:15.947000+00:00,2461276.7064345716,WASP-2_Session_2,WASP-2260824045715.fits,observations/2026-08-24/WASP-2/session_01/WASP-2260824045715.fits,2026-08-23,60.0,Clear,0.050124444444444444
WASP-2,Science,2026-08-24 05:00:15.372000+00:00,2461276.70851125,WASP-2_Session_2,WASP-2260824050015.fits,observations/2026-08-24/WASP-2/session_01/WASP-2260824050015.fits,2026-08-23,60.0,Clear,0.04984027777777778
WASP-2,Science,2026-08-24 05:03:16.712000+00:00,2461276.7106100926,WASP-2_Session_2,WASP-2260824050316.fits,observations/2026-08-24/WASP-2/session_01/WASP-2260824050316.fits,2026-08-23,60.0,Clear,0.05037222222222222
WASP-2,Science,2026-08-24 05:06:16.030000+00:00,2461276.7126855324,WASP-2_Session_2,WASP-2260824050616.fits,observations/2026-08-24/WASP-2/session_01/WASP-2260824050616.fits,2026-08-23,60.0,Clear,0.04981055555555556
WASP-2,Science,2026-08-24 05:09:15.374000+00:00,2461276.714761273,WASP-2_Session_2,WASP-2260824050915.fits,observations/2026-08-24/WASP-2/session_01/WASP-2260824050915.fits,2026-08-23,60.0,Clear,0.04981777777777777
WASP-2,Science,2026-08-24 05:12:15.762000+00:00,2461276.716849097,WASP-2_Session_2,WASP-2260824051215.fits,observations/2026-08-24/WASP-2/session_01/WASP-2260824051215.fits,2026-08-23,60.0,Clear,0.05010777777777778
WASP-2,Science,2026-08-24 05:15:16.092000+00:00,2461276.71893625,WASP-2_Session_2,WASP-2260824051516.fits,observations/2026-08-24/WASP-2/session_01/WASP-2260824051516.fits,2026-08-23,60.0,Clear,0.05009166666666667
WASP-2,Science,2026-08-24 05:18:15.475000+00:00,2461276.721012442,WASP-2_Session_2,WASP-2260824051815.fits,observations/2026-08-24/WASP-2/session_01/WASP-2260824051815.fits,2026-08-23,60.0,Clear,0.049828611111111115
WASP-2,Science,2026-08-24 05:21:15.856000+00:00,2461276.7231001854,WASP-2_Session_2,WASP-2260824052115.fits,observations/2026-08-24/WASP-2/session_01/WASP-2260824052115.fits,2026-08-23,60.0,Clear,0.050105833333333336
WASP-2,Science,2026-08-24 05:24:15.159000+00:00,2461276.7251754515,WASP-2_Session_2,WASP-2260824052415.fits,observations/2026-08-24/WASP-2/session_01/WASP-2260824052415.fits,2026-08-23,60.0,Clear,0.049806388888888886
WASP-2,Science,2026-08-24 05:27:15.512000+00:00,2461276.7272628704,WASP-2_Session_2,WASP-2260824052715.fits,observations/2026-08-24/WASP-2/session_01/WASP-2260824052715.fits,2026-08-23,60.0,Clear,0.050098055555555555
WASP-2,Science,2026-08-24 05:30:17.002000+00:00,2461276.729363449,WASP-2_Session_2,WASP-2260824053017.fits,observations/2026-08-24/WASP-2/session_01/WASP-2260824053017.fits,2026-08-23,60.0,Clear,0.05041388888888889
WASP-2,Science,2026-08-24 05:33:16.452000+00:00,2461276.7314404165,WASP-2_Session_2,WASP-2260824053316.fits,observations/2026-08-24/WASP-2/session_01/WASP-2260824053316.fits,2026-08-23,60.0,Clear,0.049847222222222216
WASP-2,Science,2026-08-24 05:36:16.852000+00:00,2461276.73352838,WASP-2_Session_2,WASP-2260824053616.fits,observations/2026-08-24/WASP-2/session_01/WASP-2260824053616.fits,2026-08-23,60.0,Clear,0.05011111111111111
WASP-2,Science,2026-08-24 05:39:15.244000+00:00,2461276.735593102,WASP-2_Session_2,WASP-2260824053915.fits,observations/2026-08-24/WASP-2/session_01/WASP-2260824053915.fits,2026-08-23,60.0,Clear,0.04955333333333333
WASP-2,Science,2026-08-24 05:42:16.637000+00:00,2461276.7376925577,WASP-2_Session_2,WASP-2260824054216.fits,observations/2026-08-24/WASP-2/session_01/WASP-2260824054216.fits,2026-08-23,60.0,Clear,0.05038694444444444
WASP-2,Science,2026-08-24 05:45:16.148000+00:00,2461276.7397702313,WASP-2_Session_2,WASP-2260824054516.fits,observations/2026-08-24/WASP-2/session_01/WASP-2260824054516.fits,2026-08-23,60.0,Clear,0.04986416666666667
WASP-2,Science,2026-08-24 05:48:15.409000+00:00,2461276.7418450117,WASP-2_Session_2,WASP-2260824054815.fits,observations/2026-08-24/WASP-2/session_01/WASP-2260824054815.fits,2026-08-23,60.0,Clear,0.04979472222222222
WASP-2,Science,2026-08-24 05:51:15.942000+00:00,2461276.743934514,WASP-2_Session_2,WASP-2260824055115.fits,observations/2026-08-24/WASP-2/session_01/WASP-2260824055115.fits,2026-08-23,60.0,Clear,0.05014805555555555
WASP-2,Science,2026-08-24 05:54:15.429000+00:00,2461276.7460119096,WASP-2_Session_2,WASP-2260824055415.fits,observations/2026-08-24/WASP-2/session_01/WASP-2260824055415.fits,2026-08-23,60.0,Clear,0.0498575
WASP-2,Science,2026-08-24 05:57:15.770000+00:00,2461276.7480991897,WASP-2_Session_2,WASP-2260824055715.fits,observations/2026-08-24/WASP-2/session_01/WASP-2260824055715.fits,2026-08-23,60.0,Clear,0.05009472222222222
WASP-2,Science,2026-08-24 06:00:15.198000+00:00,2461276.7501759026,WASP-2_Session_2,WASP-2260824060015.fits,observations/2026-08-24/WASP-2/session_01/WASP-2260824060015.fits,2026-08-23,60.0,Clear,0.049841111111111114
WASP-2,Science,2026-08-24 06:03:15.545000+00:00,2461276.752263252,WASP-2_Session_2,WASP-2260824060315.fits,observations/2026-08-24/WASP-2/session_01/WASP-2260824060315.fits,2026-08-23,60.0,Clear,0.05009638888888889
WASP-2,Science,2026-08-24 06:06:15.900000+00:00,2461276.7543506944,WASP-2_Session_2,WASP-2260824060615.fits,observations/2026-08-24/WASP-2/session_01/WASP-2260824060615.fits,2026-08-23,60.0,Clear,0.05009861111111111
WASP-2,Science,2026-08-24 06:09:15.314000+00:00,2461276.756427245,WASP-2_Session_2,WASP-2260824060915.fits,observations/2026-08-24/WASP-2/session_01/WASP-2260824060915.fits,2026-08-23,60.0,Clear,0.04983722222222222
WASP-2,Science,2026-08-24 06:12:15.788000+00:00,2461276.758516065,WASP-2_Session_2,WASP-2260824061215.fits,observations/2026-08-24/WASP-2/session_01/WASP-2260824061215.fits,2026-08-23,60.0,Clear,0.050131666666666665
WASP-2,Science,2026-08-24 06:15:16.138000+00:00,2461276.760603449,WASP-2_Session_2,WASP-2260824061516.fits,observations/2026-08-24/WASP-2/session_01/WASP-2260824061516.fits,2026-08-23,60.0,Clear,0.050097222222222224
WASP-2,Science,2026-08-24 06:18:15.403000+00:00,2461276.7626782754,WASP-2_Session_2,WASP-2260824061815.fits,observations/2026-08-24/WASP-2/session_01/WASP-2260824061815.fits,2026-08-23,60.0,Clear,0.04979583333333333
WASP-2,Science,2026-08-24 06:21:15.825000+00:00,2461276.764766493,WASP-2_Session_2,WASP-2260824062115.fits,observations/2026-08-24/WASP-2/session_01/WASP-2260824062115.fits,2026-08-23,60.0,Clear,0.05011722222222222
WASP-2,Science,2026-08-24 06:24:15.206000+00:00,2461276.766842662,WASP-2_Session_2,WASP-2260824062415.fits,observations/2026-08-24/WASP-2/session_01/WASP-2260824062415.fits,2026-08-23,60.0,Clear,0.049828055555555556
WASP-2,Science,2026-08-24 06:27:15.578000+00:00,2461276.768930301,WASP-2_Session_2,WASP-2260824062715.fits,observations/2026-08-24/WASP-2/session_01/WASP-2260824062715.fits,2026-08-23,60.0,Clear,0.05010333333333334
WASP-2,Science,2026-08-24 06:30:16.047000+00:00,2461276.7710190625,WASP-2_Session_2,WASP-2260824063016.fits,observations/2026-08-24/WASP-2/session_01/WASP-2260824063016.fits,2026-08-23,60.0,Clear,0.050130277777777774
WASP-2,Science,2026-08-24 06:33:15.370000+00:00,2461276.77309456,WASP-2_Session_2,WASP-2260824063315.fits,observations/2026-08-24/WASP-2/session_01/WASP-2260824063315.fits,2026-08-23,60.0,Clear,0.04981194444444444
WASP-2,Science,2026-08-24 06:36:15.679000+00:00,2461276.77518147,WASP-2_Session_2,WASP-2260824063615.fits,observations/2026-08-24/WASP-2/session_01/WASP-2260824063615.fits,2026-08-23,60.0,Clear,0.05008583333333333
WASP-2,Science,2026-08-24 06:39:16.023000+00:00,2461276.7772687846,WASP-2_Session_2,WASP-2260824063916.fits,observations/2026-08-24/WASP-2/session_01/WASP-2260824063916.fits,2026-08-23,60.0,Clear,0.05009555555555555
WASP-2,Science,2026-08-24 06:42:15.428000+00:00,2461276.7793452316,WASP-2_Session_2,WASP-2260824064215.fits,observations/2026-08-24/WASP-2/session_01/WASP-2260824064215.fits,2026-08-23,60.0,Clear,0.049834722222222225
WASP-2,Science,2026-08-24 06:45:16.891000+00:00,2461276.7814454976,WASP-2_Session_2,WASP-2260824064516.fits,observations/2026-08-24/WASP-2/session_01/WASP-2260824064516.fits,2026-08-23,60.0,Clear,0.05040638888888889
WASP-2,Science,2026-08-24 06:48:15.312000+00:00,2461276.7835105555,WASP-2_Session_2,WASP-2260824064815.fits,observations/2026-08-24/WASP-2/session_01/WASP-2260824064815.fits,2026-08-23,60.0,Clear,0.049561388888888884
WASP-2,Science,2026-08-24 06:51:15.705000+00:00,2461276.7855984373,WASP-2_Session_2,WASP-2260824065115.fits,observations/2026-08-24/WASP-2/session_01/WASP-2260824065115.fits,2026-08-23,60.0,Clear,0.05010916666666667
WASP-2,Science,2026-08-24 06:54:16.053000+00:00,2461276.7876857985,WASP-2_Session_2,WASP-2260824065416.fits,observations/2026-08-24/WASP-2/session_01/WASP-2260824065416.fits,2026-08-23,60.0,Clear,0.05009666666666667
WASP-2,Science,2026-08-24 06:57:15.424000+00:00,2461276.789761852,WASP-2_Session_2,WASP-2260824065715.fits,observations/2026-08-24/WASP-2/session_01/WASP-2260824065715.fits,2026-08-23,60.0,Clear,0.04982527777777778
WASP-2,Science,2026-08-24 07:00:15.856000+00:00,2461276.791850185,WASP-2_Session_2,WASP-2260824070015.fits,observations/2026-08-24/WASP-2/session_01/WASP-2260824070015.fits,2026-08-24,60.0,Clear,0.05012
WASP-2,Science,2026-08-24 07:03:15.326000+00:00,2461276.793927384,WASP-2_Session_2,WASP-2260824070315.fits,observations/2026-08-24/WASP-2/session_01/WASP-2260824070315.fits,2026-08-24,60.0,Clear,0.04985277777777778
WASP-2,Science,2026-08-24 07:06:15.690000+00:00,2461276.7960149306,WASP-2_Session_2,WASP-2260824070615.fits,observations/2026-08-24/WASP-2/session_01/WASP-2260824070615.fits,2026-08-24,60.0,Clear,0.05010111111111111
WASP-2,Science,2026-08-24 07:09:16.135000+00:00,2461276.7981034145,WASP-2_Session_2,WASP-2260824070916.fits,observations/2026-08-24/WASP-2/session_01/WASP-2260824070916.fits,2026-08-24,60.0,Clear,0.05012361111111111
WASP-2,Science,2026-08-24 07:12:15.530000+00:00,2461276.8001797455,WASP-2_Session_2,WASP-2260824071215.fits,observations/2026-08-24/WASP-2/session_01/WASP-2260824071215.fits,2026-08-24,60.0,Clear,0.04983194444444445
WASP-2,Science,2026-08-24 07:15:15.898000+00:00,2461276.802267338,WASP-2_Session_2,WASP-2260824071515.fits,observations/2026-08-24/WASP-2/session_01/WASP-2260824071515.fits,2026-08-24,60.0,Clear,0.05010222222222222
WASP-2,Science,2026-08-24 07:18:15.311000+00:00,2461276.8043438774,WASP-2_Session_2,WASP-2260824071815.fits,observations/2026-08-24/WASP-2/session_01/WASP-2260824071815.fits,2026-08-24,60.0,Clear,0.04983694444444445
WASP-2,Science,2026-08-24 07:21:15.686000+00:00,2461276.806431551,WASP-2_Session_2,WASP-2260824072115.fits,observations/2026-08-24/WASP-2/session_01/WASP-2260824072115.fits,2026-08-24,60.0,Clear,0.050104166666666665
WASP-2,Science,2026-08-24 07:24:16.019000+00:00,2461276.8085187385,WASP-2_Session_2,WASP-2260824072416.fits,observations/2026-08-24/WASP-2/session_01/WASP-2260824072416.fits,2026-08-24,60.0,Clear,0.0500925
WASP-2,Science,2026-08-24 07:27:16.402000+00:00,2461276.810606505,WASP-2_Session_2,WASP-2260824072716.fits,observations/2026-08-24/WASP-2/session_01/WASP-2260824072716.fits,2026-08-24,60.0,Clear,0.050106388888888895
WASP-2,Science,2026-08-24 07:30:15.816000+00:00,2461276.8126830556,WASP-2_Session_2,WASP-2260824073015.fits,observations/2026-08-24/WASP-2/session_01/WASP-2260824073015.fits,2026-08-24,60.0,Clear,0.04983722222222222
WASP-2,Science,2026-08-24 07:33:15.185000+00:00,2461276.8147590854,WASP-2_Session_2,WASP-2260824073315.fits,observations/2026-08-24/WASP-2/session_01/WASP-2260824073315.fits,2026-08-24,60.0,Clear,0.04982472222222222
WASP-2,Science,2026-08-24 07:36:15.533000+00:00,2461276.8168464466,WASP-2_Session_2,WASP-2260824073615.fits,observations/2026-08-24/WASP-2/session_01/WASP-2260824073615.fits,2026-08-24,60.0,Clear,0.05009666666666667
WASP-2,Science,2026-08-24 07:39:15.978000+00:00,2461276.8189349305,WASP-2_Session_2,WASP-2260824073915.fits,observations/2026-08-24/WASP-2/session_01/WASP-2260824073915.fits,2026-08-24,60.0,Clear,0.05012361111111111
WASP-2,Science,2026-08-24 07:42:15.350000+00:00,2461276.821010995,WASP-2_Session_2,WASP-2260824074215.fits,observations/2026-08-24/WASP-2/session_01/WASP-2260824074215.fits,2026-08-24,60.0,Clear,0.04982555555555556
WASP-2,Science,2026-08-24 07:45:15.661000+00:00,2461276.8230979284,WASP-2_Session_2,WASP-2260824074515.fits,observations/2026-08-24/WASP-2/session_01/WASP-2260824074515.fits,2026-08-24,60.0,Clear,0.05008638888888889
WASP-2,Science,2026-08-24 07:48:15.975000+00:00,2461276.8251848957,WASP-2_Session_2,WASP-2260824074815.fits,observations/2026-08-24/WASP-2/session_01/WASP-2260824074815.fits,2026-08-24,60.0,Clear,0.05008722222222222
WASP-2,Science,2026-08-24 07:51:15.384000+00:00,2461276.827261389,WASP-2_Session_2,WASP-2260824075115.fits,observations/2026-08-24/WASP-2/session_01/WASP-2260824075115.fits,2026-08-24,60.0,Clear,0.04983583333333333
WASP-2,Science,2026-08-24 07:54:16.831000+00:00,2461276.82936147,WASP-2_Session_2,WASP-2260824075416.fits,observations/2026-08-24/WASP-2/session_01/WASP-2260824075416.fits,2026-08-24,60.0,Clear,0.050401944444444444
WASP-2,Science,2026-08-24 07:57:15.233000+00:00,2461276.831426308,WASP-2_Session_2,WASP-2260824075715.fits,observations/2026-08-24/WASP-2/session_01/WASP-2260824075715.fits,2026-08-24,60.0,Clear,0.049556111111111106
WASP-2,Science,2026-08-24 08:00:15.668000+00:00,2461276.833514676,WASP-2_Session_2,WASP-2260824080015.fits,observations/2026-08-24/WASP-2/session_01/WASP-2260824080015.fits,2026-08-24,60.0,Clear,0.05012083333333334
WASP-2,Science,2026-08-24 08:03:16.078000+00:00,2461276.8356027547,WASP-2_Session_2,WASP-2260824080316.fits,observations/2026-08-24/WASP-2/session_01/WASP-2260824080316.fits,2026-08-24,60.0,Clear,0.05011388888888889
WASP-2,Science,2026-08-24 08:06:15.465000+00:00,2461276.837678993,WASP-2_Session_2,WASP-2260824080615.fits,observations/2026-08-24/WASP-2/session_01/WASP-2260824080615.fits,2026-08-24,60.0,Clear,0.04982972222222222
WASP-2,Science,2026-08-24 08:09:15.785000+00:00,2461276.83976603,WASP-2_Session_2,WASP-2260824080915.fits,observations/2026-08-24/WASP-2/session_01/WASP-2260824080915.fits,2026-08-24,60.0,Clear,0.050088888888888884
WASP-2,Science,2026-08-24 08:12:15.341000+00:00,2461276.8418442244,WASP-2_Session_2,WASP-2260824081215.fits,observations/2026-08-24/WASP-2/session_01/WASP-2260824081215.fits,2026-08-24,60.0,Clear,0.04987666666666667
WASP-2,Science,2026-08-24 08:15:15.751000+00:00,2461276.843932303,WASP-2_Session_2,WASP-2260824081515.fits,observations/2026-08-24/WASP-2/session_01/WASP-2260824081515.fits,2026-08-24,60.0,Clear,0.05011388888888889
WASP-2,Science,2026-08-24 08:18:16.150000+00:00,2461276.846020255,WASP-2_Session_2,WASP-2260824081816.fits,observations/2026-08-24/WASP-2/session_01/WASP-2260824081816.fits,2026-08-24,60.0,Clear,0.050110833333333334
WASP-2,Science,2026-08-24 08:21:15.538000+00:00,2461276.848096505,WASP-2_Session_2,WASP-2260824082115.fits,observations/2026-08-24/WASP-2/session_01/WASP-2260824082115.fits,2026-08-24,60.0,Clear,0.04983
WASP-2,Science,2026-08-24 08:24:15.968000+00:00,2461276.850184815,WASP-2_Session_2,WASP-2260824082415.fits,observations/2026-08-24/WASP-2/session_01/WASP-2260824082415.fits,2026-08-24,60.0,Clear,0.050119444444444446
WASP-2,Science,2026-08-24 08:27:15.273000+00:00,2461276.8522601044,WASP-2_Session_2,WASP-2260824082715.fits,observations/2026-08-24/WASP-2/session_01/WASP-2260824082715.fits,2026-08-24,60.0,Clear,0.049806944444444445
WASP-2,Science,2026-08-24 08:30:15.718000+00:00,2461276.854348588,WASP-2_Session_2,WASP-2260824083015.fits,observations/2026-08-24/WASP-2/session_01/WASP-2260824083015.fits,2026-08-24,60.0,Clear,0.05012361111111111
WASP-2,Science,2026-08-24 08:33:16.153000+00:00,2461276.856436956,WASP-2_Session_2,WASP-2260824083316.fits,observations/2026-08-24/WASP-2/session_01/WASP-2260824083316.fits,2026-08-24,60.0,Clear,0.05012083333333334
WASP-2,Science,2026-08-24 08:36:15.447000+00:00,2461276.858512118,WASP-2_Session_2,WASP-2260824083615.fits,observations/2026-08-24/WASP-2/session_01/WASP-2260824083615.fits,2026-08-24,60.0,Clear,0.04980388888888889
WASP-2,Science,2026-08-24 08:39:16.874000+00:00,2461276.8606119677,WASP-2_Session_2,WASP-2260824083916.fits,observations/2026-08-24/WASP-2/session_01/WASP-2260824083916.fits,2026-08-24,60.0,Clear,0.050396388888888886
